rank,z_perm,x_perm,collision_free,min_weight_paths,p_l_eta1,ci1_low,ci1_high,p_l_eta10,ci10_low,ci10_high,p_l_eta100,ci100_low,ci100_high
1,"[0, 2, 1, 3]","[1, 2, 0, 3]",false,42,0.012000,0.006878,0.020857,0.014000,0.008358,0.023362,0.002000,0.000549,0.007263
2,"[0, 3, 1, 2]","[0, 2, 1, 3]",false,42,0.006000,0.002753,0.013028,0.005000,0.002138,0.011651,0.002000,0.000549,0.007263
3,"[1, 0, 2, 3]","[1, 2, 3, 0]",false,42,0.015000,0.009111,0.024601,0.012000,0.006878,0.020857,0.002000,0.000549,0.007263
4,"[1, 3, 0, 2]","[0, 3, 2, 1]",false,42,0.019000,0.012197,0.029484,0.011000,0.006153,0.019589,0.002000,0.000549,0.007263
5,"[3, 0, 2, 1]","[0, 2, 3, 1]",false,42,0.011000,0.006153,0.019589,0.008000,0.004059,0.015706,0.002000,0.000549,0.007263
6,"[3, 2, 0, 1]","[3, 1, 0, 2]",true,42,0.010000,0.005441,0.018309,0.011000,0.006153,0.019589,0.002000,0.000549,0.007263
7,"[3, 2, 1, 0]","[0, 3, 1, 2]",false,42,0.015000,0.009111,0.024601,0.008000,0.004059,0.015706,0.002000,0.000549,0.007263
8,"[0, 1, 2, 3]","[1, 3, 2, 0]",false,42,0.010000,0.005441,0.018309,0.006000,0.002753,0.013028,0.003000,0.001021,0.008783
9,"[0, 3, 1, 2]","[0, 3, 1, 2]",true,42,0.014000,0.008358,0.023362,0.012000,0.006878,0.020857,0.003000,0.001021,0.008783
10,"[1, 0, 2, 3]","[2, 1, 3, 0]",false,42,0.008000,0.004059,0.015706,0.012000,0.006878,0.020857,0.003000,0.001021,0.008783
11,"[1, 2, 3, 0]","[1, 2, 3, 0]",true,42,0.011000,0.006153,0.019589,0.008000,0.004059,0.015706,0.003000,0.001021,0.008783
12,"[1, 3, 2, 0]","[0, 2, 1, 3]",false,42,0.015000,0.009111,0.024601,0.009000,0.004742,0.017016,0.003000,0.001021,0.008783
13,"[2, 0, 3, 1]","[0, 2, 1, 3]",false,42,0.015000,0.009111,0.024601,0.009000,0.004742,0.017016,0.003000,0.001021,0.008783
14,"[2, 1, 0, 3]","[1, 3, 2, 0]",false,42,0.009000,0.004742,0.017016,0.007000,0.003395,0.014378,0.003000,0.001021,0.008783
15,"[3, 0, 2, 1]","[0, 3, 1, 2]",true,42,0.017000,0.010641,0.027056,0.011000,0.006153,0.019589,0.003000,0.001021,0.008783
16,"[3, 2, 0, 1]","[2, 1, 0, 3]",false,42,0.010000,0.005441,0.018309,0.005000,0.002138,0.011651,0.003000,0.001021,0.008783
17,"[3, 2, 1, 0]","[0, 3, 2, 1]",false,42,0.016000,0.009872,0.025832,0.008000,0.004059,0.015706,0.003000,0.001021,0.008783
18,"[0, 1, 3, 2]","[0, 2, 1, 3]",false,42,0.011000,0.006153,0.019589,0.013000,0.007613,0.022114,0.004000,0.001557,0.010240
19,"[0, 2, 1, 3]","[1, 3, 0, 2]",false,42,0.012000,0.006878,0.020857,0.008000,0.004059,0.015706,0.004000,0.001557,0.010240
20,"[0, 2, 3, 1]","[0, 2, 1, 3]",false,42,0.006000,0.002753,0.013028,0.009000,0.004742,0.017016,0.004000,0.001557,0.010240
21,"[0, 3, 1, 2]","[0, 3, 2, 1]",true,42,0.008000,0.004059,0.015706,0.006000,0.002753,0.013028,0.004000,0.001557,0.010240
22,"[0, 3, 2, 1]","[2, 0, 3, 1]",false,42,0.008000,0.004059,0.015706,0.004000,0.001557,0.010240,0.004000,0.001557,0.010240
23,"[1, 0, 3, 2]","[2, 1, 3, 0]",false,42,0.015000,0.009111,0.024601,0.009000,0.004742,0.017016,0.004000,0.001557,0.010240
24,"[1, 0, 3, 2]","[3, 0, 1, 2]",false,42,0.008000,0.004059,0.015706,0.013000,0.007613,0.022114,0.004000,0.001557,0.010240
25,"[1, 0, 3, 2]","[3, 1, 2, 0]",false,42,0.018000,0.011416,0.028273,0.008000,0.004059,0.015706,0.004000,0.001557,0.010240
26,"[1, 2, 3, 0]","[0, 3, 2, 1]",false,42,0.018000,0.011416,0.028273,0.006000,0.002753,0.013028,0.004000,0.001557,0.010240
27,"[1, 3, 0, 2]","[1, 3, 0, 2]",true,42,0.012000,0.006878,0.020857,0.013000,0.007613,0.022114,0.004000,0.001557,0.010240
28,"[1, 3, 0, 2]","[3, 0, 2, 1]",false,42,0.022000,0.014573,0.033086,0.007000,0.003395,0.014378,0.004000,0.001557,0.010240
29,"[1, 3, 2, 0]","[0, 3, 1, 2]",false,42,0.010000,0.005441,0.018309,0.005000,0.002138,0.011651,0.004000,0.001557,0.010240
30,"[1, 3, 2, 0]","[0, 3, 2, 1]",false,42,0.005000,0.002138,0.011651,0.010000,0.005441,0.018309,0.004000,0.001557,0.010240
31,"[1, 3, 2, 0]","[2, 0, 3, 1]",false,42,0.011000,0.006153,0.019589,0.013000,0.007613,0.022114,0.004000,0.001557,0.010240
32,"[1, 3, 2, 0]","[3, 0, 2, 1]",false,42,0.018000,0.011416,0.028273,0.007000,0.003395,0.014378,0.004000,0.001557,0.010240
33,"[2, 0, 1, 3]","[0, 2, 3, 1]",false,42,0.011000,0.006153,0.019589,0.010000,0.005441,0.018309,0.004000,0.001557,0.010240
34,"[2, 0, 1, 3]","[1, 2, 3, 0]",false,42,0.008000,0.004059,0.015706,0.011000,0.006153,0.019589,0.004000,0.001557,0.010240
35,"[2, 0, 3, 1]","[0, 2, 3, 1]",false,42,0.014000,0.008358,0.023362,0.007000,0.003395,0.014378,0.004000,0.001557,0.010240
36,"[2, 0, 3, 1]","[0, 3, 2, 1]",false,42,0.011000,0.006153,0.019589,0.009000,0.004742,0.017016,0.004000,0.001557,0.010240
37,"[2, 0, 3, 1]","[1, 3, 0, 2]",true,42,0.010000,0.005441,0.018309,0.004000,0.001557,0.010240,0.004000,0.001557,0.010240
38,"[2, 1, 0, 3]","[3, 1, 0, 2]",false,42,0.016000,0.009872,0.025832,0.008000,0.004059,0.015706,0.004000,0.001557,0.010240
39,"[2, 3, 0, 1]","[0, 3, 2, 1]",false,42,0.017000,0.010641,0.027056,0.008000,0.004059,0.015706,0.004000,0.001557,0.010240
40,"[2, 3, 0, 1]","[3, 0, 1, 2]",false,42,0.012000,0.006878,0.020857,0.009000,0.004742,0.017016,0.004000,0.001557,0.010240
41,"[2, 3, 1, 0]","[0, 2, 3, 1]",false,42,0.009000,0.004742,0.017016,0.011000,0.006153,0.019589,0.004000,0.001557,0.010240
42,"[3, 0, 1, 2]","[2, 1, 3, 0]",false,42,0.012000,0.006878,0.020857,0.008000,0.004059,0.015706,0.004000,0.001557,0.010240
43,"[3, 1, 0, 2]","[3, 0, 1, 2]",false,42,0.013000,0.007613,0.022114,0.007000,0.003395,0.014378,0.004000,0.001557,0.010240
44,"[3, 1, 2, 0]","[2, 0, 1, 3]",false,42,0.008000,0.004059,0.015706,0.005000,0.002138,0.011651,0.004000,0.001557,0.010240
45,"[3, 2, 0, 1]","[1, 3, 0, 2]",false,42,0.012000,0.006878,0.020857,0.012000,0.006878,0.020857,0.004000,0.001557,0.010240
46,"[0, 1, 2, 3]","[0, 3, 2, 1]",false,42,0.011000,0.006153,0.019589,0.008000,0.004059,0.015706,0.005000,0.002138,0.011651
47,"[0, 1, 2, 3]","[2, 1, 3, 0]",false,42,0.008000,0.004059,0.015706,0.007000,0.003395,0.014378,0.005000,0.002138,0.011651
48,"[0, 1, 3, 2]","[3, 1, 0, 2]",true,42,0.013000,0.007613,0.022114,0.005000,0.002138,0.011651,0.005000,0.002138,0.011651
49,"[0, 2, 1, 3]","[1, 2, 3, 0]",false,42,0.013000,0.007613,0.022114,0.009000,0.004742,0.017016,0.005000,0.002138,0.011651
50,"[0, 2, 3, 1]","[1, 2, 0, 3]",false,42,0.007000,0.003395,0.014378,0.010000,0.005441,0.018309,0.005000,0.002138,0.011651
51,"[0, 2, 3, 1]","[3, 0, 1, 2]",false,42,0.014000,0.008358,0.023362,0.016000,0.009872,0.025832,0.005000,0.002138,0.011651
52,"[0, 3, 2, 1]","[0, 2, 1, 3]",false,42,0.007000,0.003395,0.014378,0.004000,0.001557,0.010240,0.005000,0.002138,0.011651
53,"[0, 3, 2, 1]","[1, 2, 0, 3]",false,42,0.017000,0.010641,0.027056,0.007000,0.003395,0.014378,0.005000,0.002138,0.011651
54,"[1, 2, 3, 0]","[2, 0, 3, 1]",false,42,0.011000,0.006153,0.019589,0.007000,0.003395,0.014378,0.005000,0.002138,0.011651
55,"[1, 3, 0, 2]","[2, 0, 1, 3]",false,42,0.011000,0.006153,0.019589,0.013000,0.007613,0.022114,0.005000,0.002138,0.011651
56,"[1, 3, 0, 2]","[2, 1, 3, 0]",false,42,0.016000,0.009872,0.025832,0.010000,0.005441,0.018309,0.005000,0.002138,0.011651
57,"[1, 3, 2, 0]","[1, 2, 3, 0]",false,42,0.012000,0.006878,0.020857,0.007000,0.003395,0.014378,0.005000,0.002138,0.011651
58,"[2, 0, 1, 3]","[2, 1, 0, 3]",false,42,0.014000,0.008358,0.023362,0.009000,0.004742,0.017016,0.005000,0.002138,0.011651
59,"[2, 0, 3, 1]","[3, 0, 1, 2]",false,42,0.013000,0.007613,0.022114,0.008000,0.004059,0.015706,0.005000,0.002138,0.011651
60,"[2, 1, 0, 3]","[2, 0, 1, 3]",false,42,0.010000,0.005441,0.018309,0.010000,0.005441,0.018309,0.005000,0.002138,0.011651
61,"[2, 1, 0, 3]","[3, 0, 1, 2]",false,42,0.009000,0.004742,0.017016,0.015000,0.009111,0.024601,0.005000,0.002138,0.011651
62,"[2, 1, 0, 3]","[3, 0, 2, 1]",false,42,0.010000,0.005441,0.018309,0.009000,0.004742,0.017016,0.005000,0.002138,0.011651
63,"[2, 3, 0, 1]","[1, 3, 0, 2]",true,42,0.011000,0.006153,0.019589,0.006000,0.002753,0.013028,0.005000,0.002138,0.011651
64,"[2, 3, 0, 1]","[3, 1, 2, 0]",false,42,0.015000,0.009111,0.024601,0.012000,0.006878,0.020857,0.005000,0.002138,0.011651
65,"[2, 3, 1, 0]","[1, 3, 2, 0]",true,42,0.012000,0.006878,0.020857,0.005000,0.002138,0.011651,0.005000,0.002138,0.011651
66,"[2, 3, 1, 0]","[2, 1, 3, 0]",false,42,0.010000,0.005441,0.018309,0.012000,0.006878,0.020857,0.005000,0.002138,0.011651
67,"[2, 3, 1, 0]","[3, 0, 2, 1]",false,42,0.013000,0.007613,0.022114,0.011000,0.006153,0.019589,0.005000,0.002138,0.011651
68,"[3, 0, 1, 2]","[3, 1, 2, 0]",false,42,0.009000,0.004742,0.017016,0.008000,0.004059,0.015706,0.005000,0.002138,0.011651
69,"[3, 0, 2, 1]","[1, 3, 0, 2]",false,42,0.006000,0.002753,0.013028,0.008000,0.004059,0.015706,0.005000,0.002138,0.011651
70,"[3, 0, 2, 1]","[3, 1, 0, 2]",false,42,0.016000,0.009872,0.025832,0.009000,0.004742,0.017016,0.005000,0.002138,0.011651
71,"[3, 1, 0, 2]","[0, 2, 3, 1]",true,42,0.014000,0.008358,0.023362,0.014000,0.008358,0.023362,0.005000,0.002138,0.011651
72,"[3, 1, 0, 2]","[0, 3, 1, 2]",false,42,0.010000,0.005441,0.018309,0.008000,0.004059,0.015706,0.005000,0.002138,0.011651
73,"[3, 1, 2, 0]","[2, 1, 0, 3]",false,42,0.013000,0.007613,0.022114,0.006000,0.002753,0.013028,0.005000,0.002138,0.011651
74,"[3, 2, 0, 1]","[1, 3, 2, 0]",false,42,0.007000,0.003395,0.014378,0.008000,0.004059,0.015706,0.005000,0.002138,0.011651
75,"[3, 2, 1, 0]","[2, 1, 0, 3]",false,42,0.014000,0.008358,0.023362,0.010000,0.005441,0.018309,0.005000,0.002138,0.011651
76,"[3, 2, 1, 0]","[2, 1, 3, 0]",false,42,0.014000,0.008358,0.023362,0.014000,0.008358,0.023362,0.005000,0.002138,0.011651
77,"[3, 2, 1, 0]","[3, 1, 2, 0]",true,42,0.012000,0.006878,0.020857,0.008000,0.004059,0.015706,0.005000,0.002138,0.011651
78,"[0, 1, 2, 3]","[0, 3, 1, 2]",false,42,0.015000,0.009111,0.024601,0.006000,0.002753,0.013028,0.006000,0.002753,0.013028
79,"[0, 1, 3, 2]","[1, 2, 0, 3]",false,42,0.012000,0.006878,0.020857,0.006000,0.002753,0.013028,0.006000,0.002753,0.013028
80,"[0, 1, 3, 2]","[1, 3, 0, 2]",false,42,0.009000,0.004742,0.017016,0.007000,0.003395,0.014378,0.006000,0.002753,0.013028
81,"[0, 2, 3, 1]","[0, 3, 1, 2]",false,42,0.008000,0.004059,0.015706,0.012000,0.006878,0.020857,0.006000,0.002753,0.013028
82,"[0, 2, 3, 1]","[1, 3, 2, 0]",false,42,0.014000,0.008358,0.023362,0.014000,0.008358,0.023362,0.006000,0.002753,0.013028
83,"[0, 2, 3, 1]","[2, 0, 1, 3]",false,42,0.011000,0.006153,0.019589,0.006000,0.002753,0.013028,0.006000,0.002753,0.013028
84,"[0, 2, 3, 1]","[2, 0, 3, 1]",false,42,0.011000,0.006153,0.019589,0.008000,0.004059,0.015706,0.006000,0.002753,0.013028
85,"[0, 2, 3, 1]","[2, 1, 0, 3]",false,42,0.010000,0.005441,0.018309,0.003000,0.001021,0.008783,0.006000,0.002753,0.013028
86,"[0, 3, 1, 2]","[3, 0, 1, 2]",true,42,0.012000,0.006878,0.020857,0.012000,0.006878,0.020857,0.006000,0.002753,0.013028
87,"[1, 0, 2, 3]","[0, 3, 1, 2]",false,42,0.010000,0.005441,0.018309,0.014000,0.008358,0.023362,0.006000,0.002753,0.013028
88,"[1, 0, 2, 3]","[2, 0, 3, 1]",false,42,0.011000,0.006153,0.019589,0.005000,0.002138,0.011651,0.006000,0.002753,0.013028
89,"[1, 0, 2, 3]","[3, 1, 0, 2]",false,42,0.010000,0.005441,0.018309,0.006000,0.002753,0.013028,0.006000,0.002753,0.013028
90,"[1, 2, 0, 3]","[0, 2, 3, 1]",false,42,0.011000,0.006153,0.019589,0.008000,0.004059,0.015706,0.006000,0.002753,0.013028
91,"[1, 2, 0, 3]","[1, 2, 0, 3]",true,42,0.011000,0.006153,0.019589,0.008000,0.004059,0.015706,0.006000,0.002753,0.013028
92,"[1, 2, 3, 0]","[0, 2, 1, 3]",false,42,0.012000,0.006878,0.020857,0.010000,0.005441,0.018309,0.006000,0.002753,0.013028
93,"[1, 3, 0, 2]","[0, 3, 1, 2]",false,42,0.011000,0.006153,0.019589,0.015000,0.009111,0.024601,0.006000,0.002753,0.013028
94,"[1, 3, 0, 2]","[1, 3, 2, 0]",false,42,0.006000,0.002753,0.013028,0.005000,0.002138,0.011651,0.006000,0.002753,0.013028
95,"[1, 3, 0, 2]","[3, 0, 1, 2]",false,42,0.014000,0.008358,0.023362,0.011000,0.006153,0.019589,0.006000,0.002753,0.013028
96,"[1, 3, 2, 0]","[3, 1, 2, 0]",false,42,0.017000,0.010641,0.027056,0.007000,0.003395,0.014378,0.006000,0.002753,0.013028
97,"[2, 0, 1, 3]","[3, 1, 0, 2]",false,42,0.013000,0.007613,0.022114,0.011000,0.006153,0.019589,0.006000,0.002753,0.013028
98,"[2, 0, 1, 3]","[3, 1, 2, 0]",false,42,0.010000,0.005441,0.018309,0.006000,0.002753,0.013028,0.006000,0.002753,0.013028
99,"[2, 0, 3, 1]","[1, 2, 0, 3]",false,42,0.016000,0.009872,0.025832,0.009000,0.004742,0.017016,0.006000,0.002753,0.013028
100,"[2, 0, 3, 1]","[3, 0, 2, 1]",false,42,0.010000,0.005441,0.018309,0.009000,0.004742,0.017016,0.006000,0.002753,0.013028
101,"[2, 1, 0, 3]","[1, 3, 0, 2]",false,42,0.010000,0.005441,0.018309,0.014000,0.008358,0.023362,0.006000,0.002753,0.013028
102,"[2, 1, 3, 0]","[0, 3, 2, 1]",false,42,0.016000,0.009872,0.025832,0.009000,0.004742,0.017016,0.006000,0.002753,0.013028
103,"[2, 1, 3, 0]","[2, 0, 3, 1]",false,42,0.011000,0.006153,0.019589,0.004000,0.001557,0.010240,0.006000,0.002753,0.013028
104,"[2, 1, 3, 0]","[3, 0, 1, 2]",false,42,0.007000,0.003395,0.014378,0.008000,0.004059,0.015706,0.006000,0.002753,0.013028
105,"[2, 3, 0, 1]","[0, 2, 1, 3]",false,42,0.007000,0.003395,0.014378,0.011000,0.006153,0.019589,0.006000,0.002753,0.013028
106,"[2, 3, 0, 1]","[0, 2, 3, 1]",false,42,0.009000,0.004742,0.017016,0.006000,0.002753,0.013028,0.006000,0.002753,0.013028
107,"[2, 3, 0, 1]","[2, 0, 3, 1]",true,42,0.014000,0.008358,0.023362,0.008000,0.004059,0.015706,0.006000,0.002753,0.013028
108,"[2, 3, 1, 0]","[1, 3, 0, 2]",false,42,0.012000,0.006878,0.020857,0.007000,0.003395,0.014378,0.006000,0.002753,0.013028
109,"[2, 3, 1, 0]","[3, 1, 2, 0]",false,42,0.017000,0.010641,0.027056,0.012000,0.006878,0.020857,0.006000,0.002753,0.013028
110,"[3, 0, 1, 2]","[1, 3, 0, 2]",false,42,0.012000,0.006878,0.020857,0.007000,0.003395,0.014378,0.006000,0.002753,0.013028
111,"[3, 0, 2, 1]","[1, 3, 2, 0]",false,42,0.012000,0.006878,0.020857,0.006000,0.002753,0.013028,0.006000,0.002753,0.013028
112,"[3, 0, 2, 1]","[2, 0, 1, 3]",false,42,0.011000,0.006153,0.019589,0.012000,0.006878,0.020857,0.006000,0.002753,0.013028
113,"[3, 0, 2, 1]","[3, 0, 1, 2]",true,42,0.016000,0.009872,0.025832,0.007000,0.003395,0.014378,0.006000,0.002753,0.013028
114,"[3, 1, 0, 2]","[1, 2, 0, 3]",false,42,0.009000,0.004742,0.017016,0.011000,0.006153,0.019589,0.006000,0.002753,0.013028
115,"[3, 1, 0, 2]","[3, 1, 0, 2]",true,42,0.008000,0.004059,0.015706,0.011000,0.006153,0.019589,0.006000,0.002753,0.013028
116,"[3, 1, 2, 0]","[1, 2, 3, 0]",false,42,0.011000,0.006153,0.019589,0.008000,0.004059,0.015706,0.006000,0.002753,0.013028
117,"[3, 1, 2, 0]","[2, 0, 3, 1]",false,42,0.010000,0.005441,0.018309,0.006000,0.002753,0.013028,0.006000,0.002753,0.013028
118,"[3, 2, 0, 1]","[0, 3, 1, 2]",false,42,0.010000,0.005441,0.018309,0.012000,0.006878,0.020857,0.006000,0.002753,0.013028
119,"[3, 2, 0, 1]","[3, 0, 1, 2]",false,42,0.015000,0.009111,0.024601,0.011000,0.006153,0.019589,0.006000,0.002753,0.013028
120,"[3, 2, 0, 1]","[3, 1, 2, 0]",false,42,0.017000,0.010641,0.027056,0.013000,0.007613,0.022114,0.006000,0.002753,0.013028
121,"[3, 2, 1, 0]","[1, 2, 0, 3]",false,42,0.016000,0.009872,0.025832,0.008000,0.004059,0.015706,0.006000,0.002753,0.013028
122,"[3, 2, 1, 0]","[1, 3, 0, 2]",false,42,0.013000,0.007613,0.022114,0.015000,0.009111,0.024601,0.006000,0.002753,0.013028
123,"[3, 2, 1, 0]","[3, 1, 0, 2]",false,42,0.007000,0.003395,0.014378,0.003000,0.001021,0.008783,0.006000,0.002753,0.013028
124,"[0, 1, 3, 2]","[0, 3, 2, 1]",false,42,0.008000,0.004059,0.015706,0.008000,0.004059,0.015706,0.007000,0.003395,0.014378
125,"[0, 1, 3, 2]","[3, 0, 2, 1]",false,42,0.010000,0.005441,0.018309,0.011000,0.006153,0.019589,0.007000,0.003395,0.014378
126,"[0, 2, 1, 3]","[0, 3, 1, 2]",false,42,0.012000,0.006878,0.020857,0.008000,0.004059,0.015706,0.007000,0.003395,0.014378
127,"[0, 2, 1, 3]","[2, 0, 3, 1]",false,42,0.014000,0.008358,0.023362,0.005000,0.002138,0.011651,0.007000,0.003395,0.014378
128,"[0, 3, 1, 2]","[1, 2, 0, 3]",false,42,0.016000,0.009872,0.025832,0.010000,0.005441,0.018309,0.007000,0.003395,0.014378
129,"[0, 3, 2, 1]","[0, 3, 2, 1]",true,42,0.010000,0.005441,0.018309,0.012000,0.006878,0.020857,0.007000,0.003395,0.014378
130,"[0, 3, 2, 1]","[1, 2, 3, 0]",false,42,0.015000,0.009111,0.024601,0.007000,0.003395,0.014378,0.007000,0.003395,0.014378
131,"[1, 0, 2, 3]","[1, 3, 0, 2]",false,42,0.007000,0.003395,0.014378,0.006000,0.002753,0.013028,0.007000,0.003395,0.014378
132,"[1, 0, 2, 3]","[3, 0, 1, 2]",false,42,0.016000,0.009872,0.025832,0.009000,0.004742,0.017016,0.007000,0.003395,0.014378
133,"[1, 0, 3, 2]","[0, 2, 3, 1]",false,42,0.009000,0.004742,0.017016,0.005000,0.002138,0.011651,0.007000,0.003395,0.014378
134,"[1, 0, 3, 2]","[1, 2, 0, 3]",false,42,0.018000,0.011416,0.028273,0.004000,0.001557,0.010240,0.007000,0.003395,0.014378
135,"[1, 2, 0, 3]","[1, 2, 3, 0]",true,42,0.011000,0.006153,0.019589,0.010000,0.005441,0.018309,0.007000,0.003395,0.014378
136,"[1, 2, 0, 3]","[2, 1, 0, 3]",true,42,0.010000,0.005441,0.018309,0.010000,0.005441,0.018309,0.007000,0.003395,0.014378
137,"[1, 2, 0, 3]","[2, 1, 3, 0]",true,42,0.012000,0.006878,0.020857,0.005000,0.002138,0.011651,0.007000,0.003395,0.014378
138,"[1, 2, 3, 0]","[1, 2, 0, 3]",true,42,0.016000,0.009872,0.025832,0.012000,0.006878,0.020857,0.007000,0.003395,0.014378
139,"[1, 2, 3, 0]","[1, 3, 2, 0]",false,42,0.016000,0.009872,0.025832,0.006000,0.002753,0.013028,0.007000,0.003395,0.014378
140,"[1, 3, 0, 2]","[0, 2, 1, 3]",false,42,0.014000,0.008358,0.023362,0.010000,0.005441,0.018309,0.007000,0.003395,0.014378
141,"[1, 3, 0, 2]","[2, 1, 0, 3]",false,42,0.018000,0.011416,0.028273,0.008000,0.004059,0.015706,0.007000,0.003395,0.014378
142,"[1, 3, 0, 2]","[3, 1, 0, 2]",false,42,0.010000,0.005441,0.018309,0.013000,0.007613,0.022114,0.007000,0.003395,0.014378
143,"[1, 3, 0, 2]","[3, 1, 2, 0]",false,42,0.006000,0.002753,0.013028,0.010000,0.005441,0.018309,0.007000,0.003395,0.014378
144,"[1, 3, 2, 0]","[2, 1, 3, 0]",false,42,0.008000,0.004059,0.015706,0.007000,0.003395,0.014378,0.007000,0.003395,0.014378
145,"[2, 0, 3, 1]","[0, 3, 1, 2]",false,42,0.007000,0.003395,0.014378,0.010000,0.005441,0.018309,0.007000,0.003395,0.014378
146,"[2, 0, 3, 1]","[1, 2, 3, 0]",false,42,0.013000,0.007613,0.022114,0.009000,0.004742,0.017016,0.007000,0.003395,0.014378
147,"[2, 0, 3, 1]","[3, 1, 2, 0]",false,42,0.011000,0.006153,0.019589,0.012000,0.006878,0.020857,0.007000,0.003395,0.014378
148,"[2, 1, 0, 3]","[2, 1, 0, 3]",true,42,0.012000,0.006878,0.020857,0.010000,0.005441,0.018309,0.007000,0.003395,0.014378
149,"[2, 1, 0, 3]","[3, 1, 2, 0]",false,42,0.011000,0.006153,0.019589,0.010000,0.005441,0.018309,0.007000,0.003395,0.014378
150,"[2, 1, 3, 0]","[0, 2, 3, 1]",false,42,0.009000,0.004742,0.017016,0.004000,0.001557,0.010240,0.007000,0.003395,0.014378
151,"[2, 1, 3, 0]","[1, 2, 3, 0]",true,42,0.008000,0.004059,0.015706,0.008000,0.004059,0.015706,0.007000,0.003395,0.014378
152,"[2, 1, 3, 0]","[1, 3, 0, 2]",false,42,0.007000,0.003395,0.014378,0.015000,0.009111,0.024601,0.007000,0.003395,0.014378
153,"[2, 1, 3, 0]","[3, 1, 2, 0]",false,42,0.011000,0.006153,0.019589,0.005000,0.002138,0.011651,0.007000,0.003395,0.014378
154,"[2, 3, 0, 1]","[0, 3, 1, 2]",false,42,0.016000,0.009872,0.025832,0.008000,0.004059,0.015706,0.007000,0.003395,0.014378
155,"[2, 3, 0, 1]","[1, 2, 3, 0]",false,42,0.015000,0.009111,0.024601,0.010000,0.005441,0.018309,0.007000,0.003395,0.014378
156,"[2, 3, 0, 1]","[3, 0, 2, 1]",false,42,0.017000,0.010641,0.027056,0.008000,0.004059,0.015706,0.007000,0.003395,0.014378
157,"[2, 3, 1, 0]","[2, 0, 1, 3]",true,42,0.005000,0.002138,0.011651,0.006000,0.002753,0.013028,0.007000,0.003395,0.014378
158,"[3, 0, 2, 1]","[1, 2, 3, 0]",false,42,0.013000,0.007613,0.022114,0.011000,0.006153,0.019589,0.007000,0.003395,0.014378
159,"[3, 0, 2, 1]","[2, 1, 3, 0]",false,42,0.006000,0.002753,0.013028,0.013000,0.007613,0.022114,0.007000,0.003395,0.014378
160,"[3, 0, 2, 1]","[3, 0, 2, 1]",true,42,0.008000,0.004059,0.015706,0.009000,0.004742,0.017016,0.007000,0.003395,0.014378
161,"[3, 1, 2, 0]","[0, 3, 1, 2]",false,42,0.016000,0.009872,0.025832,0.013000,0.007613,0.022114,0.007000,0.003395,0.014378
162,"[3, 1, 2, 0]","[1, 3, 0, 2]",false,42,0.011000,0.006153,0.019589,0.005000,0.002138,0.011651,0.007000,0.003395,0.014378
163,"[3, 2, 1, 0]","[0, 2, 1, 3]",true,42,0.009000,0.004742,0.017016,0.010000,0.005441,0.018309,0.007000,0.003395,0.014378
164,"[0, 1, 2, 3]","[0, 2, 3, 1]",false,42,0.017000,0.010641,0.027056,0.006000,0.002753,0.013028,0.008000,0.004059,0.015706
165,"[0, 1, 2, 3]","[1, 2, 3, 0]",false,42,0.015000,0.009111,0.024601,0.007000,0.003395,0.014378,0.008000,0.004059,0.015706
166,"[0, 1, 2, 3]","[2, 0, 3, 1]",false,42,0.014000,0.008358,0.023362,0.010000,0.005441,0.018309,0.008000,0.004059,0.015706
167,"[0, 1, 3, 2]","[0, 2, 3, 1]",true,42,0.011000,0.006153,0.019589,0.006000,0.002753,0.013028,0.008000,0.004059,0.015706
168,"[0, 2, 1, 3]","[2, 1, 0, 3]",false,42,0.010000,0.005441,0.018309,0.011000,0.006153,0.019589,0.008000,0.004059,0.015706
169,"[0, 2, 3, 1]","[3, 1, 0, 2]",true,42,0.018000,0.011416,0.028273,0.004000,0.001557,0.010240,0.008000,0.004059,0.015706
170,"[0, 3, 1, 2]","[2, 0, 1, 3]",false,42,0.008000,0.004059,0.015706,0.012000,0.006878,0.020857,0.008000,0.004059,0.015706
171,"[0, 3, 1, 2]","[2, 0, 3, 1]",false,42,0.009000,0.004742,0.017016,0.005000,0.002138,0.011651,0.008000,0.004059,0.015706
172,"[0, 3, 1, 2]","[2, 1, 0, 3]",false,42,0.013000,0.007613,0.022114,0.013000,0.007613,0.022114,0.008000,0.004059,0.015706
173,"[0, 3, 1, 2]","[3, 0, 2, 1]",true,42,0.011000,0.006153,0.019589,0.004000,0.001557,0.010240,0.008000,0.004059,0.015706
174,"[0, 3, 2, 1]","[3, 0, 1, 2]",true,42,0.018000,0.011416,0.028273,0.011000,0.006153,0.019589,0.008000,0.004059,0.015706
175,"[0, 3, 2, 1]","[3, 0, 2, 1]",true,42,0.015000,0.009111,0.024601,0.013000,0.007613,0.022114,0.008000,0.004059,0.015706
176,"[0, 3, 2, 1]","[3, 1, 0, 2]",false,42,0.010000,0.005441,0.018309,0.010000,0.005441,0.018309,0.008000,0.004059,0.015706
177,"[0, 3, 2, 1]","[3, 1, 2, 0]",false,42,0.016000,0.009872,0.025832,0.009000,0.004742,0.017016,0.008000,0.004059,0.015706
178,"[1, 0, 2, 3]","[2, 0, 1, 3]",true,42,0.016000,0.009872,0.025832,0.008000,0.004059,0.015706,0.008000,0.004059,0.015706
179,"[1, 0, 2, 3]","[3, 1, 2, 0]",false,42,0.013000,0.007613,0.022114,0.006000,0.002753,0.013028,0.008000,0.004059,0.015706
180,"[1, 0, 3, 2]","[0, 3, 2, 1]",false,42,0.018000,0.011416,0.028273,0.010000,0.005441,0.018309,0.008000,0.004059,0.015706
181,"[1, 0, 3, 2]","[1, 3, 0, 2]",true,42,0.014000,0.008358,0.023362,0.012000,0.006878,0.020857,0.008000,0.004059,0.015706
182,"[1, 0, 3, 2]","[3, 0, 2, 1]",false,42,0.018000,0.011416,0.028273,0.011000,0.006153,0.019589,0.008000,0.004059,0.015706
183,"[1, 2, 0, 3]","[1, 3, 0, 2]",false,42,0.009000,0.004742,0.017016,0.008000,0.004059,0.015706,0.008000,0.004059,0.015706
184,"[1, 2, 0, 3]","[1, 3, 2, 0]",false,42,0.011000,0.006153,0.019589,0.008000,0.004059,0.015706,0.008000,0.004059,0.015706
185,"[1, 2, 3, 0]","[0, 3, 1, 2]",false,42,0.008000,0.004059,0.015706,0.006000,0.002753,0.013028,0.008000,0.004059,0.015706
186,"[1, 2, 3, 0]","[3, 1, 2, 0]",false,42,0.014000,0.008358,0.023362,0.009000,0.004742,0.017016,0.008000,0.004059,0.015706
187,"[1, 3, 0, 2]","[0, 2, 3, 1]",false,42,0.015000,0.009111,0.024601,0.011000,0.006153,0.019589,0.008000,0.004059,0.015706
188,"[1, 3, 2, 0]","[0, 2, 3, 1]",false,42,0.011000,0.006153,0.019589,0.008000,0.004059,0.015706,0.008000,0.004059,0.015706
189,"[1, 3, 2, 0]","[1, 2, 0, 3]",false,42,0.008000,0.004059,0.015706,0.010000,0.005441,0.018309,0.008000,0.004059,0.015706
190,"[1, 3, 2, 0]","[1, 3, 0, 2]",false,42,0.004000,0.001557,0.010240,0.009000,0.004742,0.017016,0.008000,0.004059,0.015706
191,"[1, 3, 2, 0]","[3, 0, 1, 2]",false,42,0.013000,0.007613,0.022114,0.005000,0.002138,0.011651,0.008000,0.004059,0.015706
192,"[1, 3, 2, 0]","[3, 1, 0, 2]",false,42,0.014000,0.008358,0.023362,0.009000,0.004742,0.017016,0.008000,0.004059,0.015706
193,"[2, 0, 3, 1]","[1, 3, 2, 0]",false,42,0.006000,0.002753,0.013028,0.011000,0.006153,0.019589,0.008000,0.004059,0.015706
194,"[2, 1, 0, 3]","[1, 2, 0, 3]",true,42,0.015000,0.009111,0.024601,0.011000,0.006153,0.019589,0.008000,0.004059,0.015706
195,"[2, 1, 0, 3]","[1, 2, 3, 0]",true,42,0.009000,0.004742,0.017016,0.010000,0.005441,0.018309,0.008000,0.004059,0.015706
196,"[2, 1, 3, 0]","[0, 3, 1, 2]",false,42,0.016000,0.009872,0.025832,0.011000,0.006153,0.019589,0.008000,0.004059,0.015706
197,"[2, 3, 0, 1]","[1, 2, 0, 3]",false,42,0.006000,0.002753,0.013028,0.008000,0.004059,0.015706,0.008000,0.004059,0.015706
198,"[2, 3, 0, 1]","[3, 1, 0, 2]",false,42,0.015000,0.009111,0.024601,0.011000,0.006153,0.019589,0.008000,0.004059,0.015706
199,"[2, 3, 1, 0]","[0, 3, 1, 2]",false,42,0.008000,0.004059,0.015706,0.008000,0.004059,0.015706,0.008000,0.004059,0.015706
200,"[2, 3, 1, 0]","[2, 1, 0, 3]",false,42,0.011000,0.006153,0.019589,0.004000,0.001557,0.010240,0.008000,0.004059,0.015706
201,"[2, 3, 1, 0]","[3, 1, 0, 2]",false,42,0.016000,0.009872,0.025832,0.007000,0.003395,0.014378,0.008000,0.004059,0.015706
202,"[3, 0, 1, 2]","[0, 3, 2, 1]",true,42,0.014000,0.008358,0.023362,0.003000,0.001021,0.008783,0.008000,0.004059,0.015706
203,"[3, 0, 1, 2]","[1, 3, 2, 0]",false,42,0.009000,0.004742,0.017016,0.008000,0.004059,0.015706,0.008000,0.004059,0.015706
204,"[3, 0, 2, 1]","[1, 2, 0, 3]",false,42,0.014000,0.008358,0.023362,0.006000,0.002753,0.013028,0.008000,0.004059,0.015706
205,"[3, 0, 2, 1]","[2, 0, 3, 1]",false,42,0.010000,0.005441,0.018309,0.015000,0.009111,0.024601,0.008000,0.004059,0.015706
206,"[3, 0, 2, 1]","[2, 1, 0, 3]",false,42,0.012000,0.006878,0.020857,0.009000,0.004742,0.017016,0.008000,0.004059,0.015706
207,"[3, 0, 2, 1]","[3, 1, 2, 0]",false,42,0.007000,0.003395,0.014378,0.011000,0.006153,0.019589,0.008000,0.004059,0.015706
208,"[3, 1, 0, 2]","[3, 1, 2, 0]",false,42,0.016000,0.009872,0.025832,0.008000,0.004059,0.015706,0.008000,0.004059,0.015706
209,"[3, 1, 2, 0]","[0, 2, 1, 3]",true,42,0.011000,0.006153,0.019589,0.008000,0.004059,0.015706,0.008000,0.004059,0.015706
210,"[3, 2, 0, 1]","[2, 1, 3, 0]",false,42,0.009000,0.004742,0.017016,0.009000,0.004742,0.017016,0.008000,0.004059,0.015706
211,"[3, 2, 0, 1]","[3, 0, 2, 1]",false,42,0.011000,0.006153,0.019589,0.009000,0.004742,0.017016,0.008000,0.004059,0.015706
212,"[0, 1, 2, 3]","[1, 2, 0, 3]",false,42,0.011000,0.006153,0.019589,0.006000,0.002753,0.013028,0.009000,0.004742,0.017016
213,"[0, 1, 2, 3]","[2, 0, 1, 3]",false,42,0.013000,0.007613,0.022114,0.007000,0.003395,0.014378,0.009000,0.004742,0.017016
214,"[0, 1, 2, 3]","[3, 1, 0, 2]",false,42,0.013000,0.007613,0.022114,0.003000,0.001021,0.008783,0.009000,0.004742,0.017016
215,"[0, 1, 2, 3]","[3, 1, 2, 0]",true,42,0.018000,0.011416,0.028273,0.013000,0.007613,0.022114,0.009000,0.004742,0.017016
216,"[0, 1, 3, 2]","[0, 3, 1, 2]",false,42,0.014000,0.008358,0.023362,0.007000,0.003395,0.014378,0.009000,0.004742,0.017016
217,"[0, 1, 3, 2]","[2, 0, 1, 3]",false,42,0.010000,0.005441,0.018309,0.004000,0.001557,0.010240,0.009000,0.004742,0.017016
218,"[0, 2, 1, 3]","[0, 2, 1, 3]",true,42,0.018000,0.011416,0.028273,0.009000,0.004742,0.017016,0.009000,0.004742,0.017016
219,"[0, 2, 1, 3]","[0, 3, 2, 1]",false,42,0.010000,0.005441,0.018309,0.003000,0.001021,0.008783,0.009000,0.004742,0.017016
220,"[0, 2, 1, 3]","[1, 3, 2, 0]",false,42,0.012000,0.006878,0.020857,0.005000,0.002138,0.011651,0.009000,0.004742,0.017016
221,"[0, 2, 1, 3]","[3, 1, 0, 2]",false,42,0.009000,0.004742,0.017016,0.011000,0.006153,0.019589,0.009000,0.004742,0.017016
222,"[0, 2, 3, 1]","[0, 3, 2, 1]",false,42,0.021000,0.013776,0.031890,0.009000,0.004742,0.017016,0.009000,0.004742,0.017016
223,"[0, 3, 1, 2]","[0, 2, 3, 1]",false,42,0.005000,0.002138,0.011651,0.007000,0.003395,0.014378,0.009000,0.004742,0.017016
224,"[0, 3, 1, 2]","[1, 2, 3, 0]",false,42,0.008000,0.004059,0.015706,0.009000,0.004742,0.017016,0.009000,0.004742,0.017016
225,"[0, 3, 1, 2]","[1, 3, 2, 0]",false,42,0.010000,0.005441,0.018309,0.009000,0.004742,0.017016,0.009000,0.004742,0.017016
226,"[0, 3, 1, 2]","[3, 1, 2, 0]",false,42,0.012000,0.006878,0.020857,0.009000,0.004742,0.017016,0.009000,0.004742,0.017016
227,"[0, 3, 2, 1]","[0, 2, 3, 1]",false,42,0.006000,0.002753,0.013028,0.010000,0.005441,0.018309,0.009000,0.004742,0.017016
228,"[0, 3, 2, 1]","[2, 1, 0, 3]",false,42,0.014000,0.008358,0.023362,0.007000,0.003395,0.014378,0.009000,0.004742,0.017016
229,"[1, 0, 2, 3]","[0, 2, 3, 1]",false,42,0.010000,0.005441,0.018309,0.016000,0.009872,0.025832,0.009000,0.004742,0.017016
230,"[1, 0, 2, 3]","[0, 3, 2, 1]",false,42,0.017000,0.010641,0.027056,0.013000,0.007613,0.022114,0.009000,0.004742,0.017016
231,"[1, 0, 2, 3]","[3, 0, 2, 1]",false,42,0.014000,0.008358,0.023362,0.005000,0.002138,0.011651,0.009000,0.004742,0.017016
232,"[1, 0, 3, 2]","[0, 2, 1, 3]",false,42,0.018000,0.011416,0.028273,0.010000,0.005441,0.018309,0.009000,0.004742,0.017016
233,"[1, 0, 3, 2]","[0, 3, 1, 2]",false,42,0.010000,0.005441,0.018309,0.009000,0.004742,0.017016,0.009000,0.004742,0.017016
234,"[1, 0, 3, 2]","[2, 0, 3, 1]",true,42,0.011000,0.006153,0.019589,0.011000,0.006153,0.019589,0.009000,0.004742,0.017016
235,"[1, 0, 3, 2]","[3, 1, 0, 2]",false,42,0.004000,0.001557,0.010240,0.008000,0.004059,0.015706,0.009000,0.004742,0.017016
236,"[1, 2, 0, 3]","[3, 0, 1, 2]",false,42,0.010000,0.005441,0.018309,0.006000,0.002753,0.013028,0.009000,0.004742,0.017016
237,"[1, 2, 3, 0]","[0, 2, 3, 1]",false,42,0.010000,0.005441,0.018309,0.004000,0.001557,0.010240,0.009000,0.004742,0.017016
238,"[1, 2, 3, 0]","[1, 3, 0, 2]",false,42,0.014000,0.008358,0.023362,0.012000,0.006878,0.020857,0.009000,0.004742,0.017016
239,"[1, 2, 3, 0]","[2, 1, 3, 0]",true,42,0.008000,0.004059,0.015706,0.009000,0.004742,0.017016,0.009000,0.004742,0.017016
240,"[1, 3, 2, 0]","[2, 1, 0, 3]",false,42,0.008000,0.004059,0.015706,0.007000,0.003395,0.014378,0.009000,0.004742,0.017016
241,"[2, 0, 1, 3]","[1, 3, 2, 0]",true,42,0.015000,0.009111,0.024601,0.009000,0.004742,0.017016,0.009000,0.004742,0.017016
242,"[2, 0, 1, 3]","[2, 0, 3, 1]",false,42,0.011000,0.006153,0.019589,0.007000,0.003395,0.014378,0.009000,0.004742,0.017016
243,"[2, 0, 3, 1]","[2, 1, 3, 0]",false,42,0.020000,0.012984,0.030690,0.008000,0.004059,0.015706,0.009000,0.004742,0.017016
244,"[2, 1, 0, 3]","[0, 2, 1, 3]",false,42,0.013000,0.007613,0.022114,0.005000,0.002138,0.011651,0.009000,0.004742,0.017016
245,"[2, 1, 0, 3]","[2, 1, 3, 0]",true,42,0.006000,0.002753,0.013028,0.005000,0.002138,0.011651,0.009000,0.004742,0.017016
246,"[2, 1, 3, 0]","[2, 0, 1, 3]",false,42,0.007000,0.003395,0.014378,0.015000,0.009111,0.024601,0.009000,0.004742,0.017016
247,"[2, 1, 3, 0]","[3, 0, 2, 1]",false,42,0.010000,0.005441,0.018309,0.008000,0.004059,0.015706,0.009000,0.004742,0.017016
248,"[2, 1, 3, 0]","[3, 1, 0, 2]",false,42,0.010000,0.005441,0.018309,0.010000,0.005441,0.018309,0.009000,0.004742,0.017016
249,"[2, 3, 0, 1]","[1, 3, 2, 0]",false,42,0.014000,0.008358,0.023362,0.015000,0.009111,0.024601,0.009000,0.004742,0.017016
250,"[2, 3, 1, 0]","[0, 3, 2, 1]",false,42,0.020000,0.012984,0.030690,0.012000,0.006878,0.020857,0.009000,0.004742,0.017016
251,"[3, 0, 1, 2]","[0, 2, 3, 1]",false,42,0.007000,0.003395,0.014378,0.008000,0.004059,0.015706,0.009000,0.004742,0.017016
252,"[3, 0, 1, 2]","[0, 3, 1, 2]",true,42,0.014000,0.008358,0.023362,0.012000,0.006878,0.020857,0.009000,0.004742,0.017016
253,"[3, 0, 1, 2]","[2, 0, 1, 3]",false,42,0.014000,0.008358,0.023362,0.005000,0.002138,0.011651,0.009000,0.004742,0.017016
254,"[3, 0, 1, 2]","[2, 0, 3, 1]",false,42,0.010000,0.005441,0.018309,0.006000,0.002753,0.013028,0.009000,0.004742,0.017016
255,"[3, 0, 1, 2]","[3, 0, 1, 2]",true,42,0.013000,0.007613,0.022114,0.009000,0.004742,0.017016,0.009000,0.004742,0.017016
256,"[3, 0, 1, 2]","[3, 0, 2, 1]",true,42,0.013000,0.007613,0.022114,0.010000,0.005441,0.018309,0.009000,0.004742,0.017016
257,"[3, 1, 0, 2]","[1, 2, 3, 0]",false,42,0.010000,0.005441,0.018309,0.010000,0.005441,0.018309,0.009000,0.004742,0.017016
258,"[3, 1, 0, 2]","[2, 1, 0, 3]",false,42,0.003000,0.001021,0.008783,0.007000,0.003395,0.014378,0.009000,0.004742,0.017016
259,"[3, 1, 2, 0]","[3, 1, 0, 2]",false,42,0.016000,0.009872,0.025832,0.005000,0.002138,0.011651,0.009000,0.004742,0.017016
260,"[3, 2, 0, 1]","[2, 0, 1, 3]",false,42,0.010000,0.005441,0.018309,0.009000,0.004742,0.017016,0.009000,0.004742,0.017016
261,"[3, 2, 1, 0]","[0, 2, 3, 1]",false,42,0.011000,0.006153,0.019589,0.011000,0.006153,0.019589,0.009000,0.004742,0.017016
262,"[0, 1, 2, 3]","[0, 2, 1, 3]",true,42,0.007000,0.003395,0.014378,0.012000,0.006878,0.020857,0.010000,0.005441,0.018309
263,"[0, 1, 2, 3]","[2, 1, 0, 3]",false,42,0.019000,0.012197,0.029484,0.013000,0.007613,0.022114,0.010000,0.005441,0.018309
264,"[0, 1, 2, 3]","[3, 0, 2, 1]",false,42,0.014000,0.008358,0.023362,0.008000,0.004059,0.015706,0.010000,0.005441,0.018309
265,"[0, 1, 3, 2]","[1, 2, 3, 0]",false,42,0.019000,0.012197,0.029484,0.005000,0.002138,0.011651,0.010000,0.005441,0.018309
266,"[0, 2, 1, 3]","[0, 2, 3, 1]",false,42,0.015000,0.009111,0.024601,0.011000,0.006153,0.019589,0.010000,0.005441,0.018309
267,"[0, 2, 1, 3]","[3, 0, 1, 2]",false,42,0.008000,0.004059,0.015706,0.006000,0.002753,0.013028,0.010000,0.005441,0.018309
268,"[0, 2, 1, 3]","[3, 1, 2, 0]",true,42,0.015000,0.009111,0.024601,0.007000,0.003395,0.014378,0.010000,0.005441,0.018309
269,"[0, 2, 3, 1]","[1, 3, 0, 2]",false,42,0.011000,0.006153,0.019589,0.009000,0.004742,0.017016,0.010000,0.005441,0.018309
270,"[0, 3, 1, 2]","[2, 1, 3, 0]",false,42,0.013000,0.007613,0.022114,0.012000,0.006878,0.020857,0.010000,0.005441,0.018309
271,"[0, 3, 2, 1]","[0, 3, 1, 2]",true,42,0.014000,0.008358,0.023362,0.005000,0.002138,0.011651,0.010000,0.005441,0.018309
272,"[0, 3, 2, 1]","[2, 1, 3, 0]",false,42,0.015000,0.009111,0.024601,0.010000,0.005441,0.018309,0.010000,0.005441,0.018309
273,"[1, 0, 2, 3]","[1, 2, 0, 3]",false,42,0.009000,0.004742,0.017016,0.007000,0.003395,0.014378,0.010000,0.005441,0.018309
274,"[1, 0, 2, 3]","[2, 1, 0, 3]",false,42,0.013000,0.007613,0.022114,0.013000,0.007613,0.022114,0.010000,0.005441,0.018309
275,"[1, 0, 3, 2]","[1, 3, 2, 0]",false,42,0.014000,0.008358,0.023362,0.014000,0.008358,0.023362,0.010000,0.005441,0.018309
276,"[1, 2, 0, 3]","[0, 2, 1, 3]",false,42,0.008000,0.004059,0.015706,0.006000,0.002753,0.013028,0.010000,0.005441,0.018309
277,"[1, 2, 0, 3]","[0, 3, 1, 2]",false,42,0.012000,0.006878,0.020857,0.010000,0.005441,0.018309,0.010000,0.005441,0.018309
278,"[1, 3, 0, 2]","[2, 0, 3, 1]",true,42,0.017000,0.010641,0.027056,0.009000,0.004742,0.017016,0.010000,0.005441,0.018309
279,"[2, 0, 1, 3]","[3, 0, 2, 1]",false,42,0.015000,0.009111,0.024601,0.007000,0.003395,0.014378,0.010000,0.005441,0.018309
280,"[2, 0, 3, 1]","[2, 0, 1, 3]",false,42,0.006000,0.002753,0.013028,0.006000,0.002753,0.013028,0.010000,0.005441,0.018309
281,"[2, 1, 0, 3]","[0, 3, 2, 1]",false,42,0.009000,0.004742,0.017016,0.015000,0.009111,0.024601,0.010000,0.005441,0.018309
282,"[2, 1, 0, 3]","[2, 0, 3, 1]",false,42,0.012000,0.006878,0.020857,0.011000,0.006153,0.019589,0.010000,0.005441,0.018309
283,"[2, 1, 3, 0]","[0, 2, 1, 3]",false,42,0.015000,0.009111,0.024601,0.008000,0.004059,0.015706,0.010000,0.005441,0.018309
284,"[2, 3, 1, 0]","[1, 2, 3, 0]",false,42,0.012000,0.006878,0.020857,0.009000,0.004742,0.017016,0.010000,0.005441,0.018309
285,"[3, 0, 1, 2]","[1, 2, 3, 0]",false,42,0.015000,0.009111,0.024601,0.006000,0.002753,0.013028,0.010000,0.005441,0.018309
286,"[3, 0, 1, 2]","[2, 1, 0, 3]",false,42,0.012000,0.006878,0.020857,0.006000,0.002753,0.013028,0.010000,0.005441,0.018309
287,"[3, 1, 0, 2]","[0, 2, 1, 3]",false,42,0.007000,0.003395,0.014378,0.010000,0.005441,0.018309,0.010000,0.005441,0.018309
288,"[3, 1, 0, 2]","[1, 3, 0, 2]",false,42,0.010000,0.005441,0.018309,0.005000,0.002138,0.011651,0.010000,0.005441,0.018309
289,"[3, 1, 0, 2]","[1, 3, 2, 0]",false,42,0.012000,0.006878,0.020857,0.012000,0.006878,0.020857,0.010000,0.005441,0.018309
290,"[3, 1, 2, 0]","[1, 2, 0, 3]",false,42,0.011000,0.006153,0.019589,0.007000,0.003395,0.014378,0.010000,0.005441,0.018309
291,"[3, 1, 2, 0]","[2, 1, 3, 0]",false,42,0.012000,0.006878,0.020857,0.010000,0.005441,0.018309,0.010000,0.005441,0.018309
292,"[3, 2, 0, 1]","[0, 2, 1, 3]",false,42,0.008000,0.004059,0.015706,0.009000,0.004742,0.017016,0.010000,0.005441,0.018309
293,"[3, 2, 0, 1]","[1, 2, 0, 3]",false,42,0.011000,0.006153,0.019589,0.012000,0.006878,0.020857,0.010000,0.005441,0.018309
294,"[3, 2, 0, 1]","[1, 2, 3, 0]",false,42,0.008000,0.004059,0.015706,0.005000,0.002138,0.011651,0.010000,0.005441,0.018309
295,"[3, 2, 0, 1]","[2, 0, 3, 1]",false,42,0.012000,0.006878,0.020857,0.007000,0.003395,0.014378,0.010000,0.005441,0.018309
296,"[3, 2, 1, 0]","[1, 2, 3, 0]",false,42,0.018000,0.011416,0.028273,0.008000,0.004059,0.015706,0.010000,0.005441,0.018309
297,"[0, 1, 3, 2]","[2, 1, 0, 3]",false,42,0.012000,0.006878,0.020857,0.016000,0.009872,0.025832,0.011000,0.006153,0.019589
298,"[0, 1, 3, 2]","[3, 1, 2, 0]",false,42,0.012000,0.006878,0.020857,0.011000,0.006153,0.019589,0.011000,0.006153,0.019589
299,"[0, 2, 1, 3]","[2, 1, 3, 0]",false,42,0.020000,0.012984,0.030690,0.008000,0.004059,0.015706,0.011000,0.006153,0.019589
300,"[0, 2, 1, 3]","[3, 0, 2, 1]",false,42,0.010000,0.005441,0.018309,0.008000,0.004059,0.015706,0.011000,0.006153,0.019589
301,"[0, 2, 3, 1]","[3, 0, 2, 1]",false,42,0.014000,0.008358,0.023362,0.010000,0.005441,0.018309,0.011000,0.006153,0.019589
302,"[0, 3, 2, 1]","[1, 3, 0, 2]",false,42,0.011000,0.006153,0.019589,0.008000,0.004059,0.015706,0.011000,0.006153,0.019589
303,"[0, 3, 2, 1]","[2, 0, 1, 3]",false,42,0.010000,0.005441,0.018309,0.007000,0.003395,0.014378,0.011000,0.006153,0.019589
304,"[1, 0, 2, 3]","[0, 2, 1, 3]",false,42,0.010000,0.005441,0.018309,0.007000,0.003395,0.014378,0.011000,0.006153,0.019589
305,"[1, 2, 3, 0]","[2, 0, 1, 3]",false,42,0.010000,0.005441,0.018309,0.008000,0.004059,0.015706,0.011000,0.006153,0.019589
306,"[1, 2, 3, 0]","[2, 1, 0, 3]",true,42,0.010000,0.005441,0.018309,0.008000,0.004059,0.015706,0.011000,0.006153,0.019589
307,"[1, 2, 3, 0]","[3, 0, 2, 1]",false,42,0.009000,0.004742,0.017016,0.010000,0.005441,0.018309,0.011000,0.006153,0.019589
308,"[1, 3, 0, 2]","[1, 2, 0, 3]",false,42,0.011000,0.006153,0.019589,0.011000,0.006153,0.019589,0.011000,0.006153,0.019589
309,"[1, 3, 0, 2]","[1, 2, 3, 0]",false,42,0.015000,0.009111,0.024601,0.009000,0.004742,0.017016,0.011000,0.006153,0.019589
310,"[1, 3, 2, 0]","[1, 3, 2, 0]",true,42,0.016000,0.009872,0.025832,0.010000,0.005441,0.018309,0.011000,0.006153,0.019589
311,"[1, 3, 2, 0]","[2, 0, 1, 3]",true,42,0.007000,0.003395,0.014378,0.009000,0.004742,0.017016,0.011000,0.006153,0.019589
312,"[2, 0, 1, 3]","[0, 2, 1, 3]",false,42,0.013000,0.007613,0.022114,0.010000,0.005441,0.018309,0.011000,0.006153,0.019589
313,"[2, 0, 1, 3]","[0, 3, 1, 2]",false,42,0.013000,0.007613,0.022114,0.010000,0.005441,0.018309,0.011000,0.006153,0.019589
314,"[2, 0, 1, 3]","[0, 3, 2, 1]",false,42,0.014000,0.008358,0.023362,0.007000,0.003395,0.014378,0.011000,0.006153,0.019589
315,"[2, 0, 1, 3]","[2, 1, 3, 0]",false,42,0.011000,0.006153,0.019589,0.007000,0.003395,0.014378,0.011000,0.006153,0.019589
316,"[2, 0, 3, 1]","[2, 0, 3, 1]",true,42,0.012000,0.006878,0.020857,0.009000,0.004742,0.017016,0.011000,0.006153,0.019589
317,"[2, 0, 3, 1]","[2, 1, 0, 3]",false,42,0.015000,0.009111,0.024601,0.011000,0.006153,0.019589,0.011000,0.006153,0.019589
318,"[2, 0, 3, 1]","[3, 1, 0, 2]",false,42,0.008000,0.004059,0.015706,0.006000,0.002753,0.013028,0.011000,0.006153,0.019589
319,"[2, 1, 0, 3]","[0, 3, 1, 2]",false,42,0.017000,0.010641,0.027056,0.014000,0.008358,0.023362,0.011000,0.006153,0.019589
320,"[2, 1, 3, 0]","[1, 2, 0, 3]",true,42,0.006000,0.002753,0.013028,0.006000,0.002753,0.013028,0.011000,0.006153,0.019589
321,"[2, 3, 0, 1]","[2, 1, 0, 3]",false,42,0.007000,0.003395,0.014378,0.008000,0.004059,0.015706,0.011000,0.006153,0.019589
322,"[2, 3, 1, 0]","[2, 0, 3, 1]",false,42,0.012000,0.006878,0.020857,0.014000,0.008358,0.023362,0.011000,0.006153,0.019589
323,"[3, 0, 1, 2]","[0, 2, 1, 3]",false,42,0.007000,0.003395,0.014378,0.011000,0.006153,0.019589,0.011000,0.006153,0.019589
324,"[3, 0, 2, 1]","[0, 2, 1, 3]",false,42,0.009000,0.004742,0.017016,0.010000,0.005441,0.018309,0.011000,0.006153,0.019589
325,"[3, 0, 2, 1]","[0, 3, 2, 1]",true,42,0.013000,0.007613,0.022114,0.005000,0.002138,0.011651,0.011000,0.006153,0.019589
326,"[3, 1, 0, 2]","[2, 1, 3, 0]",false,42,0.011000,0.006153,0.019589,0.009000,0.004742,0.017016,0.011000,0.006153,0.019589
327,"[3, 1, 2, 0]","[3, 0, 2, 1]",false,42,0.014000,0.008358,0.023362,0.012000,0.006878,0.020857,0.011000,0.006153,0.019589
328,"[3, 2, 0, 1]","[0, 2, 3, 1]",true,42,0.018000,0.011416,0.028273,0.012000,0.006878,0.020857,0.011000,0.006153,0.019589
329,"[3, 2, 0, 1]","[0, 3, 2, 1]",false,42,0.013000,0.007613,0.022114,0.010000,0.005441,0.018309,0.011000,0.006153,0.019589
330,"[3, 2, 1, 0]","[2, 0, 3, 1]",false,42,0.009000,0.004742,0.017016,0.009000,0.004742,0.017016,0.011000,0.006153,0.019589
331,"[3, 2, 1, 0]","[3, 0, 1, 2]",false,42,0.008000,0.004059,0.015706,0.005000,0.002138,0.011651,0.011000,0.006153,0.019589
332,"[3, 2, 1, 0]","[3, 0, 2, 1]",false,42,0.015000,0.009111,0.024601,0.012000,0.006878,0.020857,0.011000,0.006153,0.019589
333,"[0, 1, 2, 3]","[1, 3, 0, 2]",false,42,0.008000,0.004059,0.015706,0.012000,0.006878,0.020857,0.012000,0.006878,0.020857
334,"[0, 1, 3, 2]","[1, 3, 2, 0]",false,42,0.009000,0.004742,0.017016,0.007000,0.003395,0.014378,0.012000,0.006878,0.020857
335,"[0, 1, 3, 2]","[2, 0, 3, 1]",false,42,0.018000,0.011416,0.028273,0.003000,0.001021,0.008783,0.012000,0.006878,0.020857
336,"[0, 1, 3, 2]","[2, 1, 3, 0]",false,42,0.018000,0.011416,0.028273,0.009000,0.004742,0.017016,0.012000,0.006878,0.020857
337,"[0, 2, 1, 3]","[2, 0, 1, 3]",false,42,0.013000,0.007613,0.022114,0.009000,0.004742,0.017016,0.012000,0.006878,0.020857
338,"[0, 2, 3, 1]","[0, 2, 3, 1]",true,42,0.009000,0.004742,0.017016,0.006000,0.002753,0.013028,0.012000,0.006878,0.020857
339,"[0, 2, 3, 1]","[3, 1, 2, 0]",false,42,0.015000,0.009111,0.024601,0.007000,0.003395,0.014378,0.012000,0.006878,0.020857
340,"[1, 0, 3, 2]","[2, 1, 0, 3]",false,42,0.012000,0.006878,0.020857,0.006000,0.002753,0.013028,0.012000,0.006878,0.020857
341,"[1, 2, 0, 3]","[2, 0, 1, 3]",false,42,0.016000,0.009872,0.025832,0.011000,0.006153,0.019589,0.012000,0.006878,0.020857
342,"[1, 2, 0, 3]","[3, 0, 2, 1]",false,42,0.015000,0.009111,0.024601,0.010000,0.005441,0.018309,0.012000,0.006878,0.020857
343,"[1, 2, 0, 3]","[3, 1, 2, 0]",false,42,0.013000,0.007613,0.022114,0.006000,0.002753,0.013028,0.012000,0.006878,0.020857
344,"[2, 1, 0, 3]","[0, 2, 3, 1]",false,42,0.011000,0.006153,0.019589,0.008000,0.004059,0.015706,0.012000,0.006878,0.020857
345,"[2, 3, 1, 0]","[3, 0, 1, 2]",false,42,0.017000,0.010641,0.027056,0.011000,0.006153,0.019589,0.012000,0.006878,0.020857
346,"[3, 1, 0, 2]","[2, 0, 1, 3]",false,42,0.014000,0.008358,0.023362,0.011000,0.006153,0.019589,0.012000,0.006878,0.020857
347,"[3, 1, 0, 2]","[3, 0, 2, 1]",false,42,0.013000,0.007613,0.022114,0.006000,0.002753,0.013028,0.012000,0.006878,0.020857
348,"[3, 1, 2, 0]","[0, 2, 3, 1]",false,42,0.009000,0.004742,0.017016,0.007000,0.003395,0.014378,0.012000,0.006878,0.020857
349,"[3, 1, 2, 0]","[1, 3, 2, 0]",false,42,0.012000,0.006878,0.020857,0.011000,0.006153,0.019589,0.012000,0.006878,0.020857
350,"[3, 1, 2, 0]","[3, 0, 1, 2]",false,42,0.019000,0.012197,0.029484,0.002000,0.000549,0.007263,0.012000,0.006878,0.020857
351,"[0, 1, 2, 3]","[3, 0, 1, 2]",false,42,0.008000,0.004059,0.015706,0.010000,0.005441,0.018309,0.013000,0.007613,0.022114
352,"[0, 2, 3, 1]","[2, 1, 3, 0]",false,42,0.021000,0.013776,0.031890,0.011000,0.006153,0.019589,0.013000,0.007613,0.022114
353,"[0, 3, 1, 2]","[3, 1, 0, 2]",false,42,0.015000,0.009111,0.024601,0.005000,0.002138,0.011651,0.013000,0.007613,0.022114
354,"[1, 0, 2, 3]","[1, 3, 2, 0]",true,42,0.009000,0.004742,0.017016,0.011000,0.006153,0.019589,0.013000,0.007613,0.022114
355,"[1, 2, 0, 3]","[3, 1, 0, 2]",false,42,0.014000,0.008358,0.023362,0.007000,0.003395,0.014378,0.013000,0.007613,0.022114
356,"[1, 2, 3, 0]","[3, 0, 1, 2]",false,42,0.008000,0.004059,0.015706,0.011000,0.006153,0.019589,0.013000,0.007613,0.022114
357,"[2, 0, 1, 3]","[3, 0, 1, 2]",false,42,0.016000,0.009872,0.025832,0.007000,0.003395,0.014378,0.013000,0.007613,0.022114
358,"[2, 1, 3, 0]","[2, 1, 3, 0]",true,42,0.012000,0.006878,0.020857,0.008000,0.004059,0.015706,0.013000,0.007613,0.022114
359,"[2, 3, 0, 1]","[2, 0, 1, 3]",false,42,0.011000,0.006153,0.019589,0.013000,0.007613,0.022114,0.013000,0.007613,0.022114
360,"[2, 3, 0, 1]","[2, 1, 3, 0]",false,42,0.014000,0.008358,0.023362,0.006000,0.002753,0.013028,0.013000,0.007613,0.022114
361,"[2, 3, 1, 0]","[0, 2, 1, 3]",false,42,0.009000,0.004742,0.017016,0.008000,0.004059,0.015706,0.013000,0.007613,0.022114
362,"[2, 3, 1, 0]","[1, 2, 0, 3]",false,42,0.012000,0.006878,0.020857,0.011000,0.006153,0.019589,0.013000,0.007613,0.022114
363,"[3, 1, 0, 2]","[0, 3, 2, 1]",false,42,0.016000,0.009872,0.025832,0.008000,0.004059,0.015706,0.013000,0.007613,0.022114
364,"[3, 1, 2, 0]","[0, 3, 2, 1]",false,42,0.016000,0.009872,0.025832,0.012000,0.006878,0.020857,0.013000,0.007613,0.022114
365,"[3, 2, 1, 0]","[2, 0, 1, 3]",false,42,0.008000,0.004059,0.015706,0.003000,0.001021,0.008783,0.013000,0.007613,0.022114
366,"[0, 1, 3, 2]","[3, 0, 1, 2]",false,42,0.009000,0.004742,0.017016,0.010000,0.005441,0.018309,0.014000,0.008358,0.023362
367,"[0, 3, 1, 2]","[1, 3, 0, 2]",false,42,0.007000,0.003395,0.014378,0.009000,0.004742,0.017016,0.014000,0.008358,0.023362
368,"[1, 2, 0, 3]","[0, 3, 2, 1]",false,42,0.010000,0.005441,0.018309,0.008000,0.004059,0.015706,0.014000,0.008358,0.023362
369,"[2, 0, 1, 3]","[2, 0, 1, 3]",true,42,0.010000,0.005441,0.018309,0.005000,0.002138,0.011651,0.014000,0.008358,0.023362
370,"[3, 0, 1, 2]","[1, 2, 0, 3]",false,42,0.015000,0.009111,0.024601,0.006000,0.002753,0.013028,0.014000,0.008358,0.023362
371,"[3, 1, 0, 2]","[2, 0, 3, 1]",false,42,0.010000,0.005441,0.018309,0.009000,0.004742,0.017016,0.014000,0.008358,0.023362
372,"[0, 3, 2, 1]","[1, 3, 2, 0]",false,42,0.016000,0.009872,0.025832,0.009000,0.004742,0.017016,0.015000,0.009111,0.024601
373,"[1, 0, 3, 2]","[1, 2, 3, 0]",false,42,0.013000,0.007613,0.022114,0.005000,0.002138,0.011651,0.015000,0.009111,0.024601
374,"[2, 0, 1, 3]","[1, 2, 0, 3]",false,42,0.015000,0.009111,0.024601,0.008000,0.004059,0.015706,0.015000,0.009111,0.024601
375,"[2, 1, 3, 0]","[2, 1, 0, 3]",true,42,0.012000,0.006878,0.020857,0.014000,0.008358,0.023362,0.015000,0.009111,0.024601
376,"[3, 0, 1, 2]","[3, 1, 0, 2]",false,42,0.010000,0.005441,0.018309,0.007000,0.003395,0.014378,0.015000,0.009111,0.024601
377,"[3, 1, 2, 0]","[3, 1, 2, 0]",true,42,0.016000,0.009872,0.025832,0.013000,0.007613,0.022114,0.015000,0.009111,0.024601
378,"[1, 0, 3, 2]","[2, 0, 1, 3]",false,42,0.018000,0.011416,0.028273,0.013000,0.007613,0.022114,0.016000,0.009872,0.025832
379,"[1, 2, 0, 3]","[2, 0, 3, 1]",false,42,0.017000,0.010641,0.027056,0.007000,0.003395,0.014378,0.016000,0.009872,0.025832
380,"[1, 2, 3, 0]","[3, 1, 0, 2]",false,42,0.008000,0.004059,0.015706,0.008000,0.004059,0.015706,0.016000,0.009872,0.025832
381,"[3, 2, 1, 0]","[1, 3, 2, 0]",false,42,0.012000,0.006878,0.020857,0.013000,0.007613,0.022114,0.016000,0.009872,0.025832
382,"[2, 0, 1, 3]","[1, 3, 0, 2]",false,42,0.013000,0.007613,0.022114,0.012000,0.006878,0.020857,0.018000,0.011416,0.028273
383,"[2, 1, 3, 0]","[1, 3, 2, 0]",false,42,0.005000,0.002138,0.011651,0.013000,0.007613,0.022114,0.019000,0.012197,0.029484
384,"[0, 2, 3, 1]","[1, 2, 3, 0]",false,42,0.015000,0.009111,0.024601,0.010000,0.005441,0.018309,0.020000,0.012984,0.030690
