kind,cls,count,share,success
bitflip,gate:lookup:X,448,0.28,0.13886479591836695
bitflip,gate:and:X,394,0.24625,0.08456852791878178
bitflip,gate:const:X,237,0.148125,0.13180229053646786
bitflip,gate:b:X,220,0.1375,0.12884415584415596
bitflip,gate:x:X,211,0.131875,0.1597833446174679
bitflip,gate:ctrl:X,50,0.03125,0.1956000000000001
bitflip,gate:flag:X,21,0.013125,0.21346938775510213
bitflip,gate:carry:X,18,0.01125,0.07412698412698412
bitflip,prep:X,1,0.000625,1.0
depol,gate:lookup:X,1429,0.10355072463768115,0.1117620596174069
depol,gate:lookup:Z,1372,0.09942028985507247,0.6129737609329446
depol,gate:lookup:Y,1346,0.09753623188405797,0.1162922821431672
depol,gate:and:Y,1158,0.08391304347826087,0.1191755199489105
depol,gate:and:X,1144,0.08289855072463768,0.10320745431039363
depol,gate:and:Z,1142,0.0827536231884058,0.809106830122592
depol,gate:const:X,738,0.05347826086956522,0.10030468827097097
depol,gate:const:Z,724,0.05246376811594203,0.680939226519337
depol,gate:const:Y,705,0.051086956521739134,0.10062329896497478
depol,gate:b:X,679,0.049202898550724634,0.1307285800918292
depol,gate:b:Y,659,0.0477536231884058,0.11441822556032911
depol,gate:b:Z,648,0.04695652173913043,0.49382716049382713
depol,gate:x:X,495,0.035869565217391305,0.14899626517273412
depol,gate:x:Y,493,0.03572463768115942,0.1464459008755619
depol,gate:x:Z,492,0.035652173913043476,0.37601626016260165
depol,gate:ctrl:Z,112,0.008115942028985508,0.24107142857142858
depol,gate:ctrl:X,101,0.0073188405797101445,0.09485675458302148
depol,gate:ctrl:Y,86,0.006231884057971014,0.11040811673506622
depol,gate:carry:X,55,0.003985507246376811,0.1261777438248026
depol,gate:flag:Z,50,0.0036231884057971015,0.7
depol,gate:flag:Y,46,0.0033333333333333335,0.16842497868712727
depol,gate:carry:Z,45,0.003260869565217391,0.8444444444444444
depol,gate:carry:Y,38,0.0027536231884057972,0.040929529706619436
depol,gate:flag:X,38,0.0027536231884057972,0.09580937638213174
depol,h2:X,1,7.246376811594203e-05,0.0
depol,h2:Y,1,7.246376811594203e-05,0.0
depol,prep:X,1,7.246376811594203e-05,0.0
depol,h1:Y,1,7.246376811594203e-05,0.0
depol,phase:Z,1,7.246376811594203e-05,0.0
depol+reset,gate:lookup:Z,179,0.10529411764705883,0.6201117318435754
depol+reset,gate:lookup:X,178,0.10470588235294118,0.5966292134831461
depol+reset,gate:and:Y,170,0.1,0.38941176470588235
depol+reset,gate:and:Z,160,0.09411764705882353,0.8375
depol+reset,gate:and:X,140,0.08235294117647059,0.44285714285714284
depol+reset,gate:lookup:Y,137,0.08058823529411764,0.4817518248175183
depol+reset,gate:b:Y,94,0.05529411764705883,0.4851063829787233
depol+reset,gate:const:Y,84,0.04941176470588235,0.4785714285714286
depol+reset,gate:const:Z,78,0.04588235294117647,0.6410256410256411
depol+reset,gate:b:X,77,0.045294117647058825,0.6207792207792208
depol+reset,gate:x:Z,75,0.04411764705882353,0.3466666666666667
depol+reset,gate:x:Y,74,0.04352941176470588,0.3162162162162161
depol+reset,gate:const:X,67,0.039411764705882354,0.5582089552238806
depol+reset,gate:b:Z,66,0.03882352941176471,0.5303030303030303
depol+reset,gate:x:X,49,0.028823529411764706,0.44081632653061215
depol+reset,gate:ctrl:X,15,0.008823529411764706,0.4666666666666667
depol+reset,gate:ctrl:Y,15,0.008823529411764706,0.3333333333333333
depol+reset,gate:ctrl:Z,10,0.0058823529411764705,0.1
depol+reset,gate:flag:Y,8,0.004705882352941176,0.625
depol+reset,gate:carry:Y,5,0.0029411764705882353,0.44000000000000006
depol+reset,gate:flag:Z,5,0.0029411764705882353,0.8
depol+reset,gate:flag:X,5,0.0029411764705882353,0.8
depol+reset,gate:carry:X,5,0.0029411764705882353,0.64
depol+reset,gate:carry:Z,3,0.0017647058823529412,0.6666666666666666
depol+reset,prep:X,1,0.000588235294117647,1.0
depol@r=156,gate:lookup:X,69,0.115,0.16319063857427044
depol@r=156,gate:lookup:Y,68,0.11333333333333333,0.04919982698961931
depol@r=156,gate:lookup:Z,68,0.11333333333333333,0.8382352941176471
depol@r=156,gate:and:Z,54,0.09,0.9074074074074074
depol@r=156,gate:and:Y,51,0.085,0.09769594112154666
depol@r=156,gate:and:X,44,0.07333333333333333,0.15480965113318068
depol@r=156,gate:const:X,30,0.05,0.1192226890756302
depol@r=156,gate:const:Z,29,0.04833333333333333,0.8620689655172413
depol@r=156,gate:x:Z,27,0.045,0.5925925925925926
depol@r=156,gate:const:Y,24,0.04,0.06124533146591968
depol@r=156,gate:b:X,24,0.04,0.02135854341736694
depol@r=156,gate:b:Z,24,0.04,0.75
depol@r=156,gate:b:Y,23,0.03833333333333333,0.062050907319449504
depol@r=156,gate:x:X,20,0.03333333333333333,0.1170868347338935
depol@r=156,gate:x:Y,19,0.03166666666666667,0.17475674480318443
depol@r=156,gate:ctrl:X,7,0.011666666666666667,0.02135854341736695
depol@r=156,gate:ctrl:Y,5,0.008333333333333333,0.021358543417366947
depol@r=156,gate:flag:Z,4,0.006666666666666667,0.75
depol@r=156,gate:ctrl:Z,4,0.006666666666666667,0.75
depol@r=156,gate:carry:Z,2,0.0033333333333333335,1.0
depol@r=156,gate:flag:X,1,0.0016666666666666668,0.021358543417366947
depol@r=156,gate:flag:Y,1,0.0016666666666666668,1.0
depol@r=156,gate:carry:Y,1,0.0016666666666666668,0.021358543417366947
depol@r=156,gate:carry:X,1,0.0016666666666666668,0.021358543417366947
depol@r=17082,gate:lookup:Y,77,0.12833333333333333,0.04594565098766773
depol@r=17082,gate:lookup:X,61,0.10166666666666667,0.03670156587225054
depol@r=17082,gate:lookup:Z,55,0.09166666666666666,0.6363636363636364
depol@r=17082,gate:and:Y,51,0.085,0.040547591585653804
depol@r=17082,gate:and:Z,46,0.07666666666666666,0.7391304347826086
depol@r=17082,gate:and:X,44,0.07333333333333333,0.08614241151005851
depol@r=17082,gate:const:Y,42,0.07,0.06745198079231687
depol@r=17082,gate:const:Z,32,0.05333333333333334,0.71875
depol@r=17082,gate:b:Z,31,0.051666666666666666,0.6129032258064516
depol@r=17082,gate:const:X,27,0.045,0.09305944600062244
depol@r=17082,gate:b:X,25,0.041666666666666664,0.0987955182072829
depol@r=17082,gate:b:Y,25,0.041666666666666664,0.02135854341736694
depol@r=17082,gate:x:Z,20,0.03333333333333333,0.6
depol@r=17082,gate:x:X,16,0.02666666666666667,0.0825236344537815
depol@r=17082,gate:x:Y,16,0.02666666666666667,0.14235381652661058
depol@r=17082,gate:ctrl:X,14,0.023333333333333334,0.09126150460184068
depol@r=17082,gate:ctrl:Z,7,0.011666666666666667,0.2857142857142857
depol@r=17082,gate:ctrl:Y,5,0.008333333333333333,0.021358543417366947
depol@r=17082,gate:carry:X,2,0.0033333333333333335,0.021358543417366947
depol@r=17082,gate:carry:Z,1,0.0016666666666666668,0.0
depol@r=17082,gate:flag:X,1,0.0016666666666666668,0.021358543417366947
depol@r=17082,gate:flag:Y,1,0.0016666666666666668,0.021358543417366947
depol@r=17082,gate:carry:Y,1,0.0016666666666666668,0.021358543417366947
depol@r=1752,gate:lookup:X,71,0.11833333333333333,0.1858602595967966
depol@r=1752,gate:and:X,68,0.11333333333333333,0.1496282336464
depol@r=1752,gate:lookup:Y,66,0.11,0.09452720482132257
depol@r=1752,gate:lookup:Z,57,0.095,0.7192982456140351
depol@r=1752,gate:and:Z,54,0.09,0.8703703703703703
depol@r=1752,gate:and:Y,39,0.065,0.09609100050276514
depol@r=1752,gate:b:Y,34,0.056666666666666664,0.1352364475201846
depol@r=1752,gate:const:X,31,0.051666666666666666,0.11606578115117008
depol@r=1752,gate:const:Z,29,0.04833333333333333,0.6206896551724138
depol@r=1752,gate:b:Z,28,0.04666666666666667,0.6428571428571429
depol@r=1752,gate:x:X,23,0.03833333333333333,0.06297953964194372
depol@r=1752,gate:b:X,23,0.03833333333333333,0.23224942150773348
depol@r=1752,gate:x:Z,23,0.03833333333333333,0.6521739130434783
depol@r=1752,gate:const:Y,20,0.03333333333333333,0.16815476190476183
depol@r=1752,gate:x:Y,14,0.023333333333333334,0.08973589435774308
depol@r=1752,gate:ctrl:X,5,0.008333333333333333,0.021358543417366947
depol@r=1752,gate:flag:Y,4,0.006666666666666667,0.01601890756302521
depol@r=1752,gate:ctrl:Z,4,0.006666666666666667,0.25
depol@r=1752,gate:ctrl:Y,3,0.005,0.014239028944911298
depol@r=1752,gate:carry:X,2,0.0033333333333333335,0.021358543417366947
depol@r=1752,gate:flag:Z,1,0.0016666666666666668,0.0
depol@r=1752,gate:flag:X,1,0.0016666666666666668,0.021358543417366947
depol@r=68328,gate:lookup:Y,66,0.11,0.04971988795518201
depol@r=68328,gate:lookup:X,60,0.1,0.052556022408963544
depol@r=68328,gate:lookup:Z,58,0.09666666666666666,0.6896551724137931
depol@r=68328,gate:and:Y,48,0.08,0.12196545284780581
depol@r=68328,gate:and:Z,45,0.075,0.8444444444444444
depol@r=68328,gate:and:X,45,0.075,0.10787426081543726
depol@r=68328,gate:const:Y,37,0.06166666666666667,0.1530301309713076
depol@r=68328,gate:b:Y,34,0.056666666666666664,0.10645287526775411
depol@r=68328,gate:b:Z,31,0.051666666666666666,0.41935483870967744
depol@r=68328,gate:const:Z,29,0.04833333333333333,0.7241379310344828
depol@r=68328,gate:b:X,27,0.045,0.05760452329079776
depol@r=68328,gate:const:X,27,0.045,0.0938505031642286
depol@r=68328,gate:x:X,19,0.03166666666666667,0.12437343358395987
depol@r=68328,gate:x:Z,18,0.03,0.5555555555555556
depol@r=68328,gate:x:Y,17,0.028333333333333332,0.1352364475201845
depol@r=68328,gate:ctrl:Z,9,0.015,0.0
depol@r=68328,gate:flag:Y,6,0.01,0.02135854341736695
depol@r=68328,gate:ctrl:Y,6,0.01,0.02135854341736695
depol@r=68328,gate:carry:X,5,0.008333333333333333,0.21708683473389354
depol@r=68328,gate:ctrl:X,4,0.006666666666666667,0.021358543417366947
depol@r=68328,gate:flag:Z,3,0.005,0.3333333333333333
depol@r=68328,gate:carry:Y,2,0.0033333333333333335,0.5106792717086834
depol@r=68328,gate:carry:Z,2,0.0033333333333333335,1.0
depol@r=68328,gate:flag:X,2,0.0033333333333333335,0.021358543417366947
phaseflip,gate:lookup:Z,665,0.2891304347826087,0.6270676691729323
phaseflip,gate:and:Z,618,0.26869565217391306,0.8284789644012945
phaseflip,gate:const:Z,352,0.15304347826086956,0.6875
phaseflip,gate:b:Z,316,0.1373913043478261,0.48417721518987344
phaseflip,gate:x:Z,259,0.1126086956521739,0.3359073359073359
phaseflip,gate:ctrl:Z,46,0.02,0.21739130434782608
phaseflip,gate:carry:Z,29,0.012608695652173913,0.5862068965517241
phaseflip,gate:flag:Z,14,0.00608695652173913,0.7857142857142857
phaseflip,h1:Z,1,0.0004347826086956522,1.0
