pauli,decile,count,success
X or Y,0,1081,0.032804333574317585
X or Y,1,914,0.028845181398599155
X or Y,2,900,0.024303610333022422
X or Y,3,977,0.023568690526364372
X or Y,4,822,0.020439745241162415
X or Y,5,1015,0.020025251479902556
X or Y,6,927,0.025223303992578973
X or Y,7,892,0.026974915526749126
X or Y,8,866,0.21906961398878155
X or Y,9,820,0.8357826057252169
Z,0,473,0.9830866807610994
Z,1,418,0.84688995215311
Z,2,469,0.5714285714285714
Z,3,475,0.4926315789473684
Z,4,414,0.5048309178743962
Z,5,533,0.49906191369606
Z,6,477,0.4989517819706499
Z,7,439,0.4305239179954442
Z,8,500,0.584
Z,9,388,0.8969072164948454
X or Y, ancilla reset,0,124,0.9838709677419355
X or Y, ancilla reset,1,105,0.7159130318794182
X or Y, ancilla reset,2,111,0.34388169682287334
X or Y, ancilla reset,3,116,0.34611646382691014
X or Y, ancilla reset,4,106,0.2848323291580784
X or Y, ancilla reset,5,120,0.25213585434173674
X or Y, ancilla reset,6,105,0.2871381886087769
X or Y, ancilla reset,7,107,0.27242532527029506
X or Y, ancilla reset,8,121,0.3886062689538625
X or Y, ancilla reset,9,109,0.8348623853211009
Z, ancilla reset,0,56,1.0
Z, ancilla reset,1,47,0.8936170212765957
Z, ancilla reset,2,69,0.5652173913043478
Z, ancilla reset,3,56,0.6071428571428571
Z, ancilla reset,4,53,0.49056603773584906
Z, ancilla reset,5,68,0.47058823529411764
Z, ancilla reset,6,45,0.4
Z, ancilla reset,7,54,0.46296296296296297
Z, ancilla reset,8,61,0.5573770491803278
Z, ancilla reset,9,67,0.8507462686567164
