kind,n,k,M,ok_unc,ok_all,vcap,realcap,exact,S_lo,S_est,strict,factor,L,r,N,secs
bitflip,10,0,400,398,398,0,0,True,0.995,0.995,0.225,1.0,181228,210,899,0.00111
bitflip,10,1,400,43,64,322,0,True,0.1075,0.16,0.035,1.0,181228,210,899,0.13631675
bitflip,10,2,400,7,12,378,0,True,0.0175,0.03,0.0125,1.0,181228,210,899,0.33953375
bitflip,12,0,300,297,297,0,0,True,0.99,0.99,0.29,0.9933333333333333,291536,690,2867,0.005393666666666667
bitflip,12,1,300,25,32,254,81,False,0.08333333333333333,0.11478095238095239,0.02666666666666667,0.59,291536,690,2867,4.320281
bitflip,14,1,300,16,16,273,273,False,0.05333333333333334,0.08713333333333334,0.013333333333333334,0.06666666666666667,434216,4134,8453,0.012613999999999998
bitflip,18,1,300,33,33,257,257,False,0.11,0.14181904761904762,0.02,0.14,873364,16632,200479,0.046356
bitflip,22,1,300,28,28,262,262,False,0.09333333333333334,0.1257714285714286,0.03666666666666667,0.12333333333333334,1513524,369200,2957047,0.9170426666666667
depol,10,0,600,597,597,0,0,True,0.995,0.995,0.22,1.0,181228,210,899,0.0018466666666666668
depol,10,1,600,151,167,342,0,True,0.25166666666666665,0.2783333333333333,0.07166666666666667,1.0,181228,210,899,0.039580000000000004
depol,10,2,600,47,58,478,0,True,0.07833333333333334,0.09666666666666666,0.013333333333333334,1.0,181228,210,899,0.08516633333333333
depol,10,3,600,19,27,533,0,True,0.03166666666666667,0.045,0.013333333333333334,1.0,181228,210,899,0.12377516666666667
depol,11,0,400,400,400,0,0,True,1.0,1.0,0.3775,0.9975,226696,406,1711,0.00237075
depol,11,1,400,120,124,215,0,True,0.3,0.31,0.1525,0.8575,226696,406,1711,0.13494425
depol,11,2,400,32,37,319,0,True,0.08,0.0925,0.045,0.7625,226696,406,1711,0.32774749999999997
depol,11,3,400,9,10,359,0,True,0.0225,0.025,0.0125,0.745,226696,406,1711,0.46158825
depol,12,0,400,397,397,0,0,True,0.9925,0.9925,0.2275,0.9975,291536,690,2867,0.004242
depol,12,1,1000,254,268,550,228,False,0.254,0.26574719887955184,0.069,0.676,291536,690,2867,0.1899211
depol,12,2,760,55,57,613,325,False,0.07236842105263158,0.08959577251953413,0.018421052631578946,0.45789473684210524,291536,690,2867,0.3062590789473684
depol,12,3,400,7,7,365,365,False,0.0175,0.03698967086834734,0.005,0.0725,291536,690,2867,0.00292
depol,13,0,400,400,400,0,0,True,1.0,1.0,0.2825,0.9975,382488,350,4343,0.0034899999999999996
depol,13,1,900,267,268,533,424,False,0.2966666666666667,0.30931567071272953,0.08888888888888889,0.5133333333333333,382488,350,4343,0.18794388888888888
depol,13,2,500,46,47,416,307,False,0.092,0.1097703081232493,0.02,0.376,382488,350,4343,0.9155363999999999
depol,13,3,500,12,14,466,352,False,0.024,0.043906162464986,0.016,0.278,382488,350,4343,1.1726294
depol,14,0,400,392,392,0,0,True,0.98,0.98,0.295,0.99,434216,4134,8453,0.014579249999999998
depol,14,1,900,195,196,528,475,False,0.21666666666666667,0.2291970121381886,0.06222222222222222,0.28555555555555556,434216,4134,8453,0.31767066666666666
depol,14,2,500,25,26,409,352,False,0.05,0.06747128851540615,0.018,0.086,434216,4134,8453,1.510914
depol,14,3,500,6,6,468,412,False,0.012,0.03199159663865546,0.006,0.036,434216,4134,8453,1.9871558
depol,15,0,300,299,299,0,0,True,0.9966666666666667,0.9966666666666667,0.24666666666666667,0.9933333333333333,518392,4788,29083,0.012742333333333335
depol,15,1,1000,280,280,565,565,False,0.28,0.2920675770308123,0.072,0.37,518392,4788,29083,0.0131076
depol,15,2,400,31,31,327,327,False,0.0775,0.09496060924369748,0.015,0.13,518392,4788,29083,0.01327925
depol,15,3,400,13,13,361,361,False,0.0325,0.051776085434173676,0.01,0.06,518392,4788,29083,0.012961750000000001
depol,16,0,300,295,295,0,0,True,0.9833333333333333,0.9833333333333333,0.32,0.97,618484,17000,34387,0.023127333333333333
depol,16,1,1000,267,267,591,591,False,0.267,0.2796228991596639,0.105,0.308,618484,17000,34387,0.0380811
depol,16,2,400,32,32,320,320,False,0.08,0.09708683473389357,0.0275,0.1125,618484,17000,34387,0.04136425
depol,16,3,400,10,10,360,360,False,0.025,0.044222689075630255,0.01,0.035,618484,17000,34387,0.04292375
depol,17,0,300,300,300,0,0,True,1.0,1.0,0.29,0.99,778396,14630,88433,0.056088
depol,17,1,1000,249,249,597,597,False,0.249,0.26175105042016805,0.076,0.31,778396,14630,88433,0.046485599999999995
depol,17,2,400,24,24,334,334,False,0.06,0.07783438375350141,0.0125,0.0875,778396,14630,88433,0.03793375
depol,17,3,400,7,7,372,372,False,0.0175,0.03736344537815126,0.0,0.0325,778396,14630,88433,0.031081750000000002
depol,18,0,300,300,300,0,0,True,1.0,1.0,0.25333333333333335,0.98,873364,16632,200479,0.028539333333333333
depol,18,1,1000,302,302,545,545,False,0.302,0.313640406162465,0.075,0.382,873364,16632,200479,0.038653799999999995
depol,18,2,400,35,35,327,327,False,0.0875,0.10496060924369749,0.0175,0.1425,873364,16632,200479,0.0454485
depol,18,3,400,8,8,373,373,False,0.02,0.03991684173669468,0.0025,0.03,873364,16632,200479,0.04619275
depol,19,0,300,297,297,0,0,True,0.99,0.99,0.2633333333333333,0.9766666666666667,983940,117432,471203,0.14483033333333334
depol,19,1,1000,243,243,589,589,False,0.243,0.2555801820728291,0.083,0.285,983940,117432,471203,0.2009871
depol,19,2,400,29,29,329,329,False,0.0725,0.09006740196078432,0.02,0.0925,983940,117432,471203,0.2167415
depol,19,3,400,4,4,372,372,False,0.01,0.029863445378151263,0.0025,0.0275,983940,117432,471203,0.217228
depol,20,0,300,300,300,0,0,True,1.0,1.0,0.32,1.0,1137880,34164,821749,0.09581333333333333
depol,20,1,1000,299,299,573,573,False,0.299,0.31123844537815126,0.101,0.349,1137880,34164,821749,0.1039529
depol,20,2,400,19,19,344,344,False,0.0475,0.06586834733893557,0.01,0.08,1137880,34164,821749,0.104513
depol,20,3,400,8,8,369,369,False,0.02,0.03970325630252101,0.01,0.035,1137880,34164,821749,0.10181425000000001
depol,21,0,300,298,298,0,0,True,0.9933333333333333,0.9933333333333333,0.4866666666666667,0.9933333333333333,1375584,187666,1128437,0.8890663333333333
depol,21,1,1000,230,230,603,603,False,0.23,0.24287920168067229,0.113,0.261,1375584,187666,1128437,0.6812266
depol,21,2,400,20,20,343,343,False,0.05,0.06831495098039216,0.02,0.065,1375584,187666,1128437,0.5639645
depol,21,3,400,6,6,377,377,False,0.015,0.035130427170868346,0.0025,0.02,1375584,187666,1128437,0.48921549999999997
depol,22,0,300,300,300,0,0,True,1.0,1.0,0.35,0.9966666666666667,1513524,369200,2957047,0.359093
depol,22,1,1000,257,257,597,597,False,0.257,0.26975105042016806,0.093,0.314,1513524,369200,2957047,0.6683567
depol,22,2,400,39,39,309,309,False,0.0975,0.11399947478991596,0.0375,0.13,1513524,369200,2957047,0.772592
depol,22,3,400,9,9,369,369,False,0.0225,0.04220325630252101,0.0075,0.025,1513524,369200,2957047,0.8631725
depol,23,0,300,300,300,0,0,True,1.0,1.0,0.25333333333333335,0.9833333333333333,1653980,86400,6226057,0.051745
depol,23,1,1000,322,322,571,571,False,0.322,0.33419572829131655,0.088,0.37,1653980,86400,6226057,0.1343776
depol,23,2,400,46,46,320,320,False,0.115,0.13208683473389357,0.0275,0.17,1653980,86400,6226057,0.19190175
depol,23,3,400,25,25,356,356,False,0.0625,0.0815091036414566,0.025,0.085,1653980,86400,6226057,0.21552949999999998
depol,24,0,300,300,300,0,0,True,1.0,1.0,0.25333333333333335,0.9833333333333333,1867900,1692480,10161323,0.9876566666666667
depol,24,1,1000,310,310,541,541,False,0.31,0.3215549719887955,0.091,0.347,1867900,1692480,10161323,2.0037669
depol,24,2,400,35,35,319,319,False,0.0875,0.10453343837535015,0.0275,0.1025,1867900,1692480,10161323,2.63989625
depol,24,3,400,12,12,364,364,False,0.03,0.04943627450980392,0.01,0.0425,1867900,1692480,10161323,2.904838
depol+reset,10,0,400,398,398,0,0,True,0.995,0.995,0.21,1.0,181228,210,899,0.00154525
depol+reset,10,1,400,223,225,10,0,True,0.5575,0.5625,0.0925,1.0,181228,210,899,0.002049
depol+reset,10,2,400,132,135,15,0,True,0.33,0.3375,0.08,1.0,181228,210,899,0.002066
depol+reset,12,0,200,199,199,0,0,True,0.995,0.995,0.22,1.0,291536,690,2867,0.004235
depol+reset,12,1,200,101,101,8,8,False,0.505,0.513,0.175,0.855,291536,690,2867,0.004244
depol+reset,12,2,200,48,48,19,19,False,0.24,0.259,0.065,0.79,291536,690,2867,0.004005
depol+reset,12,3,200,29,29,23,23,False,0.145,0.168,0.06,0.715,291536,690,2867,0.0037025
depol+reset,14,0,200,197,197,0,0,True,0.985,0.985,0.275,1.0,434216,4134,8453,0.0147855
depol+reset,14,1,200,92,92,0,0,True,0.46,0.46,0.11,0.645,434216,4134,8453,0.0147135
depol+reset,14,2,200,46,46,4,4,False,0.23,0.23399999999999999,0.085,0.375,434216,4134,8453,0.014673499999999999
depol+reset,14,3,200,27,27,6,6,False,0.135,0.141,0.05,0.3,434216,4134,8453,0.0142155
depol+reset,16,0,200,199,199,0,0,True,0.995,0.995,0.39,0.99,618484,17000,34387,0.022905500000000002
depol+reset,16,1,200,103,103,0,0,True,0.515,0.515,0.145,0.61,618484,17000,34387,0.02376
depol+reset,16,2,200,45,45,1,1,False,0.225,0.226,0.06,0.365,618484,17000,34387,0.023991500000000002
depol+reset,16,3,200,26,26,2,2,False,0.13,0.132,0.045,0.25,618484,17000,34387,0.0242795
depol+reset,18,0,200,200,200,0,0,True,1.0,1.0,0.295,0.99,873364,16632,200479,0.0283875
depol+reset,18,1,200,113,113,14,14,False,0.565,0.579,0.165,0.755,873364,16632,200479,0.029500000000000002
depol+reset,18,2,200,56,56,22,22,False,0.28,0.302,0.06,0.51,873364,16632,200479,0.028857
depol+reset,18,3,200,40,40,38,38,False,0.2,0.23800000000000002,0.04,0.39,873364,16632,200479,0.02915
depol+reset,20,0,200,200,200,0,0,True,1.0,1.0,0.315,0.99,1137880,34164,821749,0.097346
depol+reset,20,1,200,102,102,21,21,False,0.51,0.531,0.13,0.655,1137880,34164,821749,0.094986
depol+reset,20,2,200,64,64,31,31,False,0.32,0.35100000000000003,0.08,0.445,1137880,34164,821749,0.09235099999999999
depol+reset,20,3,200,31,31,31,31,False,0.155,0.18600000000000003,0.03,0.27,1137880,34164,821749,0.0843765
depol+reset,22,0,200,200,200,0,0,True,1.0,1.0,0.41,0.995,1513524,369200,2957047,0.37052300000000005
depol+reset,22,1,200,100,100,10,10,False,0.5,0.51,0.17,0.605,1513524,369200,2957047,0.378013
depol+reset,22,2,200,46,46,37,37,False,0.23,0.267,0.08,0.365,1513524,369200,2957047,0.512552
depol+reset,22,3,200,28,28,43,43,False,0.14,0.183,0.045,0.25,1513524,369200,2957047,0.49420200000000003
depol+reset,24,0,100,100,100,0,0,True,1.0,1.0,0.2,0.97,1867900,1692480,10161323,0.832951
depol+reset,24,1,100,59,59,6,6,False,0.59,0.602,0.16,0.63,1867900,1692480,10161323,0.919745
depol+reset,24,2,100,35,35,12,12,False,0.35,0.374,0.11,0.43,1867900,1692480,10161323,1.119606
depol+reset,24,3,100,14,14,14,14,False,0.14,0.168,0.04,0.2,1867900,1692480,10161323,1.151351
depol@r=156,20,0,600,600,600,0,0,True,1.0,1.0,0.3416666666666667,1.0,1138448,156,821749,0.006017666666666666
depol@r=156,20,1,600,206,206,345,345,False,0.3433333333333333,0.35561449579831933,0.12333333333333334,0.425,1138448,156,821749,0.004670333333333334
depol@r=17082,20,0,600,600,600,0,0,True,1.0,1.0,0.275,0.9933333333333333,1141312,17082,821749,0.09254816666666667
depol@r=17082,20,1,600,142,142,378,378,False,0.23666666666666666,0.25012254901960784,0.07333333333333333,0.2866666666666667,1141312,17082,821749,0.0751855
depol@r=1752,20,0,600,600,600,0,0,True,1.0,1.0,0.29,0.9916666666666667,1139972,1752,821749,0.009038
depol@r=1752,20,1,600,186,186,339,339,False,0.31,0.32206757703081235,0.09666666666666666,0.41333333333333333,1139972,1752,821749,0.0087635
depol@r=68328,20,0,600,600,600,0,0,True,1.0,1.0,0.32166666666666666,0.99,1138924,68328,821749,0.10544466666666667
depol@r=68328,20,1,600,155,155,359,359,False,0.25833333333333336,0.2711128618113912,0.07666666666666666,0.32666666666666666,1138924,68328,821749,0.153413
phaseflip,10,0,400,398,398,0,0,True,0.995,0.995,0.225,1.0,181188,210,899,0.0017035
phaseflip,10,1,400,252,252,0,0,True,0.63,0.63,0.145,1.0,181188,210,899,0.00139525
phaseflip,10,2,400,181,181,0,0,True,0.4525,0.4525,0.1025,1.0,181188,210,899,0.001661
phaseflip,12,0,300,299,299,0,0,True,0.9966666666666667,0.9966666666666667,0.26666666666666666,1.0,291488,690,2867,0.005273333333333334
phaseflip,12,1,300,183,183,0,0,True,0.61,0.61,0.18333333333333332,0.9433333333333334,291488,690,2867,0.005353666666666667
phaseflip,12,2,300,95,95,0,0,True,0.31666666666666665,0.31666666666666665,0.06333333333333334,0.8766666666666667,291488,690,2867,0.0041199999999999995
phaseflip,12,3,300,74,74,0,0,True,0.24666666666666667,0.24666666666666667,0.06333333333333334,0.86,291488,690,2867,0.0047209999999999995
phaseflip,14,0,300,296,296,0,0,True,0.9866666666666667,0.9866666666666667,0.29,0.9866666666666667,434160,4134,8453,0.021233000000000002
phaseflip,14,1,300,170,170,0,0,True,0.5666666666666667,0.5666666666666667,0.15333333333333332,0.6566666666666666,434160,4134,8453,0.022271
phaseflip,14,2,300,100,100,0,0,True,0.3333333333333333,0.3333333333333333,0.08666666666666667,0.49666666666666665,434160,4134,8453,0.027467
phaseflip,14,3,300,52,52,0,0,True,0.17333333333333334,0.17333333333333334,0.04,0.36333333333333334,434160,4134,8453,0.024708666666666667
phaseflip,16,0,300,295,295,0,0,True,0.9833333333333333,0.9833333333333333,0.39666666666666667,0.9866666666666667,618420,17000,34387,0.042409666666666665
phaseflip,16,1,300,197,197,0,0,True,0.6566666666666666,0.6566666666666666,0.31333333333333335,0.74,618420,17000,34387,0.04062433333333333
phaseflip,16,2,300,100,100,0,0,True,0.3333333333333333,0.3333333333333333,0.15,0.43666666666666665,618420,17000,34387,0.04844766666666667
phaseflip,16,3,300,74,74,0,0,True,0.24666666666666667,0.24666666666666667,0.12333333333333334,0.3466666666666667,618420,17000,34387,0.04978966666666666
phaseflip,18,0,300,300,300,0,0,True,1.0,1.0,0.2633333333333333,0.99,873292,16632,200479,0.053176666666666664
phaseflip,18,1,300,191,191,0,0,True,0.6366666666666667,0.6366666666666667,0.18333333333333332,0.7666666666666667,873292,16632,200479,0.057515000000000004
phaseflip,18,2,300,127,127,0,0,True,0.42333333333333334,0.42333333333333334,0.11666666666666667,0.6166666666666667,873292,16632,200479,0.05460366666666667
phaseflip,18,3,300,88,88,0,0,True,0.29333333333333333,0.29333333333333333,0.08,0.5066666666666667,873292,16632,200479,0.057723000000000003
phaseflip,20,0,300,299,299,0,0,True,0.9966666666666667,0.9966666666666667,0.29,0.98,1137800,34164,821749,0.20425633333333332
phaseflip,20,1,300,204,204,0,0,True,0.68,0.68,0.17,0.7733333333333333,1137800,34164,821749,0.212281
phaseflip,20,2,300,130,130,0,0,True,0.43333333333333335,0.43333333333333335,0.16666666666666666,0.5766666666666667,1137800,34164,821749,0.20135599999999998
phaseflip,20,3,300,75,75,0,0,True,0.25,0.25,0.08666666666666667,0.44,1137800,34164,821749,0.19788499999999998
phaseflip,22,0,200,200,200,0,0,True,1.0,1.0,0.355,0.975,1513436,369200,2957047,0.847167
phaseflip,22,1,200,122,122,0,0,True,0.61,0.61,0.23,0.665,1513436,369200,2957047,0.8218465
phaseflip,22,2,200,84,84,0,0,True,0.42,0.42,0.175,0.495,1513436,369200,2957047,0.934151
phaseflip,22,3,200,40,40,0,0,True,0.2,0.2,0.07,0.325,1513436,369200,2957047,0.905072
phaseflip,24,0,200,200,200,0,0,True,1.0,1.0,0.31,0.985,1867804,1692480,10161323,3.3627749999999996
phaseflip,24,1,200,131,131,0,0,True,0.655,0.655,0.11,0.71,1867804,1692480,10161323,3.3188095
phaseflip,24,2,200,70,70,0,0,True,0.35,0.35,0.12,0.415,1867804,1692480,10161323,3.3053365
phaseflip,24,3,200,41,41,0,0,True,0.205,0.205,0.04,0.295,1867804,1692480,10161323,2.2394605000000003
