circuit,qubits,gates,nc_orig,nc_peephole,nc_fold,nc_peep_fold_peep,t_orig,t_peephole,t_fold,t_pfp,fold_ms
random_ct_n8_d50,8,600,98,60,32,32,98,44,32,15,0.10
random_ct_n12_d80,12,1440,249,163,95,95,249,120,95,47,0.23
random_ct_n16_d100,16,2400,437,261,155,155,437,191,155,87,0.19
random_ct_n32_d200,32,9600,1594,1062,610,590,1594,789,610,340,1.01
cuccaro_add_n8,18,273,112,96,64,64,112,96,64,64,0.03
cuccaro_add_n16,34,545,224,192,128,128,224,192,128,128,0.09
cuccaro_add_n32,66,1089,448,384,256,256,448,384,256,256,0.19
toffoli_ladder_n6_r1,10,127,56,50,36,36,56,50,36,36,0.03
toffoli_ladder_n10_r2,18,492,224,194,132,96,224,194,132,96,0.12
toffoli_ladder_n16_r2,30,858,392,338,228,168,392,338,228,168,0.09
ripple_addmod_n3,13,543,210,180,120,112,210,180,120,112,0.05
ripple_ctrl_ua_n3,13,4317,1785,1531,1027,895,1785,1530,1027,894,0.50
ripple_addmod_n4,16,723,280,240,160,152,280,240,160,152,0.07
ripple_ctrl_ua_n4,16,7868,3276,2808,1880,1616,3276,2808,1880,1616,0.94
ripple_addmod_n5,19,889,350,300,200,192,350,300,200,192,0.09
ripple_ctrl_ua_n5,19,10055,4123,3535,2367,2191,4123,3535,2367,2191,1.43
ripple_addmod_n6,22,1067,420,360,240,232,420,360,240,232,0.10
ripple_ctrl_ua_n6,22,16020,6636,5688,3804,3408,6636,5688,3804,3408,2.73
aqft_n8_m3,8,102,54,43,32,32,0,15,9,9,0.02
aqft_n16_m3,16,234,126,99,72,72,0,31,17,17,0.03
aqft_n16_m5,16,349,195,145,95,95,0,31,17,17,0.04
aqft_n32_m4,32,638,354,267,180,180,0,63,33,33,0.06
qft_n12_full,12,348,198,143,88,88,0,23,13,13,0.03
