circuit,nc_basic,nc_full_red,nc_in,nc_phase_blk,nc_teleport,s_basic,s_full_red,s_phase_blk,s_teleport,t_basic,t_full_red,t_in,t_phase_blk,t_teleport
aqft_n16_m3,99,72,126,ERR,0,0.01,0.2,TypeError,0.14,99,72,126,ERR,72
aqft_n16_m5,145,95,195,ERR,0,0.01,0.31,TypeError,0.2,145,95,195,ERR,95
aqft_n32_m4,267,180,354,ERR,0,0.03,1.37,TypeError,0.44,267,180,354,ERR,180
aqft_n8_m3,43,32,54,ERR,0,0.0,0.05,TypeError,0.04,43,32,54,ERR,32
cuccaro_add_n16,192,128,224,190,0,0.08,1.96,54.21,0.49,192,128,224,190,128
cuccaro_add_n32,384,256,448,ERR,0,0.24,19.28,TO,1.02,384,256,448,ERR,256
cuccaro_add_n8,96,64,112,94,0,0.03,0.3,2.15,0.2,96,64,112,94,64
qft_n12_full,143,88,198,ERR,0,0.01,0.43,TypeError,0.38,143,88,198,ERR,88
random_ct_n12_d80,93,93,249,93,0,0.1,1.41,0.74,2.06,93,93,249,93,93
random_ct_n16_d100,155,155,437,155,0,0.13,4.57,1.92,5.21,155,155,437,155,155
random_ct_n32_d200,586,ERR,1594,586,ERR,0.75,TO,76.2,TO,586,ERR,1594,586,ERR
random_ct_n8_d50,32,32,98,32,0,0.02,0.24,0.2,0.26,32,32,98,32,32
ripple_addmod_n3,180,70,210,152,0,0.04,1.04,1.18,1.0,180,70,210,152,70
ripple_addmod_n4,240,94,280,200,0,0.08,1.89,2.07,1.78,240,94,280,200,94
ripple_addmod_n5,300,114,350,254,0,0.08,2.09,4.0,1.79,300,114,350,254,114
ripple_addmod_n6,360,140,420,306,0,0.09,4.72,6.91,3.41,360,140,420,306,140
ripple_ctrl_ua_n3,1531,571,1785,1161,0,0.69,52.78,16.48,51.04,1531,571,1785,1161,571
ripple_ctrl_ua_n4,2808,ERR,3276,2183,ERR,1.7,TO,51.01,TO,2808,ERR,3276,2183,ERR
ripple_ctrl_ua_n5,3535,ERR,4123,ERR,ERR,2.26,TO,TO,TO,3535,ERR,4123,ERR,ERR
ripple_ctrl_ua_n6,5688,ERR,6636,ERR,ERR,5.24,TO,TO,TO,5688,ERR,6636,ERR,ERR
toffoli_ladder_n10_r2,194,0,224,148,0,0.02,0.58,4.73,0.65,194,0,224,148,0
toffoli_ladder_n16_r2,338,0,392,268,0,0.04,1.49,31.13,1.56,338,0,392,268,0
toffoli_ladder_n6_r1,50,36,56,42,0,0.0,0.09,0.73,0.06,50,36,56,42,36
