# path	sha256(original)	bytes(original)	sha256(path.xz) -- see tools/datafiles.py
research/data/audit/d11_p0003.stim	e1a9531aa55027b4ae59328a624a270649fc2e5233d970c59a3f222107dcc91b	224331	ce6b142f0109811efeccc590ae93ce05d7903636de0c18ef5e2f59e2cf80cfcf
research/data/audit/d15_p0003.stim	93622378cf8450560b8a1b0f0e37dcb5c292cbbe9fde45ebaca4f3bd40e2bacf	590106	de27013e04675d4876ad917eba39641ac17ccac7f03d27ad03768b6708200ea1
research/data/autoimprove/ledger.jsonl	aa88a80504eba54b8b9c841cee4b26cc742cbedd0e08704e321a936a8fa7ea86	541284	5b956ba577180864f4ba2616c112ab5233b07893f3d23649be228c3519146508
research/data/colour-flags/runs/vps_bposd.jsonl	7dc070d04349d5db6521c63285af34127615413bf04f4a2fa86a6ed320644eb0	219782	d7e54bdb24c7ba139180c4c16cf0f5cf77b71a6c87a558435d03283e83e09740
research/data/lowmagic-chem/runs/profile.jsonl	7ed8032e92d20f7639248ef9e5f66cf56c4ae3743341b0f9c8277aa211e50610	222361	b076f78b60f621f7f5ee3a1a998649dfe824c6d18303b367560ddf0f19932c94
research/data/magic-transition/raw.csv	37c44b3468b910a9a74dfaa706f437ac41915dd329ea65ee9084ee00618a12f3	3755378	7c9f065a0990b2f1fec78732fa4a9f0a88c1104e5ee3f786a9784421bde48884
research/data/planner-v2/feat_voi.jsonl	10576ac87cabcbea00b5f598ddf6de6817d7ced0b440f2e6f6f924eb5fbb5471	982478	02cf9cbea4e9773feddbf94e49bb15f27448e74b51a69a180841d5734dbcbac1
research/data/planner-v2/mac/autoab/grid_autoab_0.csv	edec751205381c6fbe3f0a2ee4de07f7180565fb1410932f7247e0e6beb0e77a	240632	f35a6234ee9dedc242d18c5141a988ba52ccf6659fca7a7eee1e40bb340ee584
research/data/planner-v2/mac/autoab/grid_autoab_1.csv	2afd5b3f4106542286205c40d7848c36c72a360ac6d2f5891149e4a0ad8a88b5	242754	134005a10fec81a8a3fa32edac1760bafcff4d208e358f9c24eaf11804d62cbc
research/data/planner-v2/mac/e2e.jsonl	eba3e17ce5a1681787677cc7603fadc2718f17a970368f050727736630cb94c7	741441	8594b937adf114945fa1e3cc3d78ccb4da1dd6e15931cb4d28932cff9b7dbe92
research/data/planner-v2/mac/e2e2.jsonl	2c067f70f27fa2bc518921a0405e0c2b2cabadebbd9c675b97575c4d8481c292	827914	05f93ca3f881281e0a9793e8e955ff913942a12e4a4bed04a7a2c22f4d67fa25
research/data/planner-v2/mac/e2e3.jsonl	c729ad2344bf767df7af5cf063ab19e63a7e1d8ab7d91c20a3b209a3b5a8786d	828098	ccfb146a61b7f738ad004537ca9deb7cc47ba90c5a90cb4210c0fb4aa578c580
research/data/planner-v2/mac/e2e4.jsonl	540c46732840639022230ed3ccb14f2ee72a3066c20392d5e9fc7b595f30a70b	828336	58b97a0c671a585d9319c1e5d54964e291699073a1e930492a4bc8fd6f6efd2c
research/data/planner-v2/mac/feat_mac.jsonl	415a39cfc2651feb15b851a155e1e45b983ee1871ce42c99d91cc85808ee7748	566815	aa3a93e78cf92c9c01bf3ab3de0629cb5c6a650d612d1687d85aad2edcd4d800
research/data/planner-v2/mac/req.jsonl	9e52ccd3146e31280ac1ee117c4d3d944762186a7ac5948d018166966be7fc03	524965	c81f034df645971045a343ef74bb9f6fd9a85846ff334b94349b9fb3bd759d52
research/data/planner/mac/new_hea.csv	43634021f282017e1691d69002b2f05bdbeb2a0c743d3ff122068a0e720bb507	214642	34cdede63089c78ca01bd0a83b1f2b73e1ce412dccfbc4a19fe5a5bebb7bf57c
research/data/planner/mac/plan2_0.csv	658bed36fedfb5d68484c8b3aa8c7510d59b7b7ee505261c2c9f6f20fe97850e	330346	5725344b4ef538c583df002f698bcfabe130fa33e7edd1b6a7a22382cc37b6e4
research/data/planner/mac/plan2_1.csv	171c1ec49c7259761681ccab4af1f22038a6487bf326349e820db1877a758c2e	332763	ef1eac5ab65f360efce4a97f2fa60cf69655977baa4b2db4daa617c67d6aebd5
research/data/planner/mac/plan3_0.csv	8f56ce75d155a61e67bef01c6aec1f525e7053fa04d149375f61b7d8705a1f92	330362	3f479d2cf80fe2c60f5d9de543dcca8c9fcade738f32bd86a7c0e4d48d03ff81
research/data/planner/mac/plan3_1.csv	389056066d219febc05cadf70c53f88ccd5dc81b79deb6482e66c35a83102d95	332711	22ef7de7a036e8b56322e9833a5cd2b48d835122f7091f10ac9f6c986f181c0c
research/data/planner/mac/plan4_0.csv	e642596396168acbff0ba1109650236237c4ec17906a18482af9427bbb2b2f77	330366	8f4eb16d16ae9567ed2fd5121c5e90b4eaf030f1a126843443a0f47e97d3e773
research/data/planner/mac/plan4_1.csv	9a2b034bd640dc2799321f59284748523930acb13a56c3782418fdd01da7282e	332747	fd3d4ddeecb4c9d2ece55b1cf48dc29ef68802959ab09470463a06793ed56056
research/data/planner/mac/plan_0.csv	a8aa033b983d3f2e83626292e2d786658b3b6ba3d5660bd91f3fb59cfb577eee	436579	b4ee7972d5d3327afcabfc67c90497ae844b739cd3f7b5079211b194bcb091bd
research/data/planner/mac/plan_1.csv	2ec955d764d249119eb13be6a47426c1173be8cf63008aa0122aedc2e3e1e986	439412	1d7475a7f67c9d91d706695aaeffb1b2259d12d18629d7dca5c8fcb27b284c77
research/data/planner/mac/retime_skirental_0.csv	3fd296ba3e7754757ebac59714b3b2e2db1ec96ef97c636a0bb8538339e9c45c	341321	6fa874e225c82e18da8a13800e4d97d5ca4f6a65cc98295211da5e4d430c5435
research/data/planner/mac/retime_skirental_1.csv	a27ec098d5d71616bb9e64b9f6de8628f4e6de2ca67e7240f94532e2e6c5a626	341722	dae9efd6e1aa315193779a7c79464a2d7b14b6ecef91d037386762efb9817037
research/data/planner/mpsdata_vps.jsonl	cbe0df55462f3794cd225e3bb8b57620d57ac4abb4f5053e8d4eb41584132a5d	1003397	e887d03daa498ad22cd1180f473168f6f7eb75d18fab2674c6168e38a1fb08c9
research/data/simulability/raw/arith.mid2.csv	bff346421402f382d628a5f57bb63f34faf30027f4d3515ffa67089eeaa9051b	384699	c633226fc89db581b160f0642c9d8976adf5bd219d32ab4b2e4cf812a685c8f9
research/data/simulability/raw/brick.mid2.csv	988fa56cb9c2db07dfed5125eb315b3933fecddc42a9c09ef832675634577848	315723	f6e7982c1c681b0fdb12ea928bea673c43e522ed087f56f368a01f6284c0d482
research/data/simulability/raw/ct24.mid2.csv	3a3b48b866f0a789e43ed7d1d4e12facf6b5d8ca91bcf5918f5400a5c8d195d4	385705	7d379b1f426d9684a275d1c56cea6c58f4122bf378abff70719c9aa7d6df19ff
research/data/simulability/raw/ct32.mid2.csv	180840267fd54048ae379c64b21a5ad9683ace5b46a4f23a213bccfd55762b00	298985	11d43e4a333b286ff64c261748dbd5d15e3cf3c8605c8f1b8e0f4a5bf92c8490
research/data/simulability/raw/ctnn0.mid2.csv	31cb3a5e7a8a53b0d52d28dceff4c77978818c379d032f0763e0e62b10a47030	307565	896e2d74e9a92b1b41fe08448e6780e77be9672d194f70caf0d478f1e031509f
research/data/simulability/raw/qaoa.mid2.csv	bb6b274ae95b0096a17658c28ccfcca93ac738d9900eccd14f6620a3f5ca9b53	316615	41f96c37c7b9fde9d106ff61055e4e6bfaaad15c721b247fc22ca079b9d48beb
research/data/transition-theory/decay.csv	bdcf8c15f6db0e236918a417f8c5e85b62913c8c94e0f3a8c69e3313442a1da2	310150	c593430247b3b154eb28109067d577142acba4a226af057a79859ecc932f6574
research/data/transition-theory/steady.csv	788c66204cab042820b15763405bfaed8150fd5b119dcb8edf44a284ed12da54	1708220	5d48396711d46d9a3f123f884473b6807a5beb430f71b61947855deea028b064
