family,spec,seed,params,engine,status,secs,wall,rss,value,size,ref,abs_err,note,features
ct,"ct:n=20,L=1,t=0,nn=0",1,"{""n"": 20.0, ""L"": 1.0, ""t"": 0.0, ""nn"": 0.0}",sv,ok,0.014604,0.0208,20267008,0.0,1048576,0.0,0.0,,"{""n"": 20, ""gates"": 32, ""g2"": 10, ""g3"": 0, ""depth2"": 1, ""t_count"": 0, ""rotations"": 0, ""d"": 0, ""dense_l"": 0.0, ""redundant"": 0, ""obs_zero"": true, ""frame_l"": 5.0, ""chi_bits"": 7, ""mps_l"": 25.5539, ""hsf_k"": 0, ""hsf_na"": 10, ""hsf_nb"": 10, ""hsf_l"": 20.0444, ""sup"": 11, ""chi_bits0"": 7, ""mps_l0"": 25.5539, ""hsf_keff"": 0, ""hsf_l0"": 20.0444, ""sparse_l"": 16.0, ""sv_l"": 25.0, ""feat_secs"": 0.002157, ""feat_secs_frame"": 6.3e-05, ""feat_secs_hsf"": 0.002059}"
ct,"ct:n=20,L=1,t=4,nn=0",1,"{""n"": 20.0, ""L"": 1.0, ""t"": 4.0, ""nn"": 0.0}",sv,ok,0.014823,0.0188,20267008,0.0,1048576,0.0,0.0,,"{""n"": 20, ""gates"": 35, ""g2"": 10, ""g3"": 0, ""depth2"": 1, ""t_count"": 4, ""rotations"": 4, ""d"": 0, ""dense_l"": 2.0, ""redundant"": 4, ""obs_zero"": true, ""frame_l"": 5.1293, ""chi_bits"": 7, ""mps_l"": 25.5541, ""hsf_k"": 0, ""hsf_na"": 10, ""hsf_nb"": 10, ""hsf_l"": 20.0485, ""sup"": 13, ""chi_bits0"": 7, ""mps_l0"": 25.5541, ""hsf_keff"": 0, ""hsf_l0"": 20.0485, ""sparse_l"": 18.1293, ""sv_l"": 25.1293, ""feat_secs"": 0.001992, ""feat_secs_frame"": 5.1e-05, ""feat_secs_hsf"": 0.001917}"
ct,"ct:n=20,L=1,t=8,nn=0",1,"{""n"": 20.0, ""L"": 1.0, ""t"": 8.0, ""nn"": 0.0}",sv,ok,0.015981,0.0192,20283392,0.0,1048576,0.0,0.0,,"{""n"": 20, ""gates"": 49, ""g2"": 10, ""g3"": 0, ""depth2"": 1, ""t_count"": 8, ""rotations"": 8, ""d"": 6, ""dense_l"": 7.0661, ""redundant"": 2, ""obs_zero"": true, ""frame_l"": 5.6147, ""chi_bits"": 8, ""mps_l"": 28.5567, ""hsf_k"": 0, ""hsf_na"": 10, ""hsf_nb"": 10, ""hsf_l"": 20.0674, ""sup"": 14, ""chi_bits0"": 8, ""mps_l0"": 28.5567, ""hsf_keff"": 0, ""hsf_l0"": 20.0674, ""sparse_l"": 19.6147, ""sv_l"": 25.6147, ""feat_secs"": 0.002044, ""feat_secs_frame"": 8.6e-05, ""feat_secs_hsf"": 0.001913}"
ct,"ct:n=20,L=1,t=16,nn=0",1,"{""n"": 20.0, ""L"": 1.0, ""t"": 16.0, ""nn"": 0.0}",sv,ok,0.018683,0.0246,20234240,0.0,1048576,0.0,0.0,,"{""n"": 20, ""gates"": 58, ""g2"": 10, ""g3"": 0, ""depth2"": 1, ""t_count"": 16, ""rotations"": 16, ""d"": 8, ""dense_l"": 9.2192, ""redundant"": 8, ""obs_zero"": true, ""frame_l"": 5.858, ""chi_bits"": 5, ""mps_l"": 19.9326, ""hsf_k"": 0, ""hsf_na"": 10, ""hsf_nb"": 10, ""hsf_l"": 20.0795, ""sup"": 18, ""chi_bits0"": 5, ""mps_l0"": 19.9326, ""hsf_keff"": 0, ""hsf_l0"": 20.0795, ""sparse_l"": 23.858, ""sv_l"": 25.858, ""feat_secs"": 0.001981, ""feat_secs_frame"": 7.2e-05, ""feat_secs_hsf"": 0.001868}"
ct,"ct:n=20,L=1,t=24,nn=0",1,"{""n"": 20.0, ""L"": 1.0, ""t"": 24.0, ""nn"": 0.0}",sv,ok,0.017439,0.0218,20299776,0.0,1048576,0.0,0.0,,"{""n"": 20, ""gates"": 78, ""g2"": 10, ""g3"": 0, ""depth2"": 1, ""t_count"": 24, ""rotations"": 24, ""d"": 12, ""dense_l"": 14.1566, ""redundant"": 12, ""obs_zero"": true, ""frame_l"": 6.2854, ""chi_bits"": 6, ""mps_l"": 22.4938, ""hsf_k"": 0, ""hsf_na"": 10, ""hsf_nb"": 10, ""hsf_l"": 20.1059, ""sup"": 19, ""chi_bits0"": 6, ""mps_l0"": 22.4938, ""hsf_keff"": 0, ""hsf_l0"": 20.1059, ""sparse_l"": 25.2854, ""sv_l"": 26.2854, ""feat_secs"": 0.002055, ""feat_secs_frame"": 9.4e-05, ""feat_secs_hsf"": 0.001913}"
ct,"ct:n=20,L=1,t=32,nn=0",1,"{""n"": 20.0, ""L"": 1.0, ""t"": 32.0, ""nn"": 0.0}",sv,ok,0.017765,0.0228,20332544,-2.142199263165329e-19,1048576,-2.142199263165329e-19,0.0,,"{""n"": 20, ""gates"": 93, ""g2"": 10, ""g3"": 0, ""depth2"": 1, ""t_count"": 32, ""rotations"": 32, ""d"": 12, ""dense_l"": 14.5166, ""redundant"": 20, ""obs_zero"": true, ""frame_l"": 6.5392, ""chi_bits"": 7, ""mps_l"": 27.0644, ""hsf_k"": 0, ""hsf_na"": 10, ""hsf_nb"": 10, ""hsf_l"": 20.1254, ""sup"": 16, ""chi_bits0"": 7, ""mps_l0"": 27.0644, ""hsf_keff"": 0, ""hsf_l0"": 20.1254, ""sparse_l"": 22.5392, ""sv_l"": 26.5392, ""feat_secs"": 0.00212, ""feat_secs_frame"": 0.000111, ""feat_secs_hsf"": 0.001957}"
ct,"ct:n=20,L=2,t=0,nn=0",1,"{""n"": 20.0, ""L"": 2.0, ""t"": 0.0, ""nn"": 0.0}",sv,ok,0.02408,0.0299,20299776,0.0,1048576,0.0,0.0,,"{""n"": 20, ""gates"": 58, ""g2"": 20, ""g3"": 0, ""depth2"": 2, ""t_count"": 0, ""rotations"": 0, ""d"": 0, ""dense_l"": 0.0, ""redundant"": 0, ""obs_zero"": true, ""frame_l"": 5.858, ""chi_bits"": 9, ""mps_l"": 32.5155, ""hsf_k"": 2, ""hsf_na"": 10, ""hsf_nb"": 10, ""hsf_l"": 22.0795, ""sup"": 14, ""chi_bits0"": 9, ""mps_l0"": 32.5155, ""hsf_keff"": 2, ""hsf_l0"": 22.0795, ""sparse_l"": 19.858, ""sv_l"": 25.858, ""feat_secs"": 0.003099, ""feat_secs_frame"": 9.2e-05, ""feat_secs_hsf"": 0.002964}"
ct,"ct:n=20,L=2,t=4,nn=0",1,"{""n"": 20.0, ""L"": 2.0, ""t"": 4.0, ""nn"": 0.0}",sv,ok,0.022545,0.0268,20299776,0.0,1048576,0.0,0.0,,"{""n"": 20, ""gates"": 62, ""g2"": 20, ""g3"": 0, ""depth2"": 2, ""t_count"": 4, ""rotations"": 4, ""d"": 2, ""dense_l"": 3.4594, ""redundant"": 2, ""obs_zero"": true, ""frame_l"": 5.9542, ""chi_bits"": 10, ""mps_l"": 34.4327, ""hsf_k"": 0, ""hsf_na"": 10, ""hsf_nb"": 10, ""hsf_l"": 20.0848, ""sup"": 15, ""chi_bits0"": 10, ""mps_l0"": 34.4327, ""hsf_keff"": 0, ""hsf_l0"": 20.0848, ""sparse_l"": 20.9542, ""sv_l"": 25.9542, ""feat_secs"": 0.003297, ""feat_secs_frame"": 8.6e-05, ""feat_secs_hsf"": 0.003164}"
ct,"ct:n=20,L=2,t=8,nn=0",1,"{""n"": 20.0, ""L"": 2.0, ""t"": 8.0, ""nn"": 0.0}",sv,ok,0.02652,0.0329,20332544,-2.202285662861181e-20,1048576,-2.202285662861181e-20,0.0,,"{""n"": 20, ""gates"": 76, ""g2"": 20, ""g3"": 0, ""depth2"": 2, ""t_count"": 8, ""rotations"": 8, ""d"": 5, ""dense_l"": 6.4263, ""redundant"": 3, ""obs_zero"": true, ""frame_l"": 6.2479, ""chi_bits"": 10, ""mps_l"": 35.4861, ""hsf_k"": 0, ""hsf_na"": 10, ""hsf_nb"": 10, ""hsf_l"": 20.1033, ""sup"": 16, ""chi_bits0"": 10, ""mps_l0"": 35.4861, ""hsf_keff"": 0, ""hsf_l0"": 20.1033, ""sparse_l"": 22.2479, ""sv_l"": 26.2479, ""feat_secs"": 0.002947, ""feat_secs_frame"": 9.9e-05, ""feat_secs_hsf"": 0.002798}"
ct,"ct:n=20,L=2,t=16,nn=0",1,"{""n"": 20.0, ""L"": 2.0, ""t"": 16.0, ""nn"": 0.0}",sv,ok,0.031274,0.0370,20332544,-2.283856563799484e-54,1048576,-2.283856563799484e-54,0.0,,"{""n"": 20, ""gates"": 92, ""g2"": 20, ""g3"": 0, ""depth2"": 2, ""t_count"": 16, ""rotations"": 16, ""d"": 7, ""dense_l"": 9.2021, ""redundant"": 9, ""obs_zero"": true, ""frame_l"": 6.5236, ""chi_bits"": 10, ""mps_l"": 36.0684, ""hsf_k"": 2, ""hsf_na"": 10, ""hsf_nb"": 10, ""hsf_l"": 22.1241, ""sup"": 20, ""chi_bits0"": 10, ""mps_l0"": 36.0684, ""hsf_keff"": 2, ""hsf_l0"": 22.1241, ""sparse_l"": 26.5236, ""sv_l"": 26.5236, ""feat_secs"": 0.003713, ""feat_secs_frame"": 0.000125, ""feat_secs_hsf"": 0.003531}"
ct,"ct:n=20,L=2,t=24,nn=0",1,"{""n"": 20.0, ""L"": 2.0, ""t"": 24.0, ""nn"": 0.0}",sv,ok,0.028264,0.0349,20365312,4.831851471136628e-20,1048576,4.831851471136628e-20,0.0,,"{""n"": 20, ""gates"": 109, ""g2"": 20, ""g3"": 0, ""depth2"": 2, ""t_count"": 24, ""rotations"": 24, ""d"": 15, ""dense_l"": 17.6148, ""redundant"": 9, ""obs_zero"": true, ""frame_l"": 6.7682, ""chi_bits"": 10, ""mps_l"": 35.9359, ""hsf_k"": 2, ""hsf_na"": 10, ""hsf_nb"": 10, ""hsf_l"": 22.1459, ""sup"": 20, ""chi_bits0"": 10, ""mps_l0"": 35.9359, ""hsf_keff"": 2, ""hsf_l0"": 22.1459, ""sparse_l"": 26.7682, ""sv_l"": 26.7682, ""feat_secs"": 0.003316, ""feat_secs_frame"": 0.000124, ""feat_secs_hsf"": 0.003131}"
ct,"ct:n=20,L=2,t=32,nn=0",1,"{""n"": 20.0, ""L"": 2.0, ""t"": 32.0, ""nn"": 0.0}",sv,ok,0.033021,0.0365,20365312,5.649709758186183e-19,1048576,5.649709758186183e-19,0.0,,"{""n"": 20, ""gates"": 126, ""g2"": 20, ""g3"": 0, ""depth2"": 2, ""t_count"": 32, ""rotations"": 32, ""d"": 14, ""dense_l"": 16.9377, ""redundant"": 18, ""obs_zero"": true, ""frame_l"": 6.9773, ""chi_bits"": 10, ""mps_l"": 34.8181, ""hsf_k"": 0, ""hsf_na"": 8, ""hsf_nb"": 12, ""hsf_l"": 20.5774, ""sup"": 20, ""chi_bits0"": 10, ""mps_l0"": 34.8181, ""hsf_keff"": 0, ""hsf_l0"": 20.5774, ""sparse_l"": 26.9773, ""sv_l"": 26.9773, ""feat_secs"": 0.002739, ""feat_secs_frame"": 0.000144, ""feat_secs_hsf"": 0.002528}"
ct,"ct:n=20,L=4,t=0,nn=0",1,"{""n"": 20.0, ""L"": 4.0, ""t"": 0.0, ""nn"": 0.0}",sv,ok,0.039857,0.0460,20365312,2.79462759649931e-38,1048576,2.79462759649931e-38,0.0,,"{""n"": 20, ""gates"": 113, ""g2"": 40, ""g3"": 0, ""depth2"": 4, ""t_count"": 0, ""rotations"": 0, ""d"": 0, ""dense_l"": 0.0, ""redundant"": 0, ""obs_zero"": true, ""frame_l"": 6.8202, ""chi_bits"": 10, ""mps_l"": 36.8756, ""hsf_k"": 8, ""hsf_na"": 10, ""hsf_nb"": 10, ""hsf_l"": 26.151, ""sup"": 19, ""chi_bits0"": 10, ""mps_l0"": 36.8756, ""hsf_keff"": 6, ""hsf_l0"": 28.151, ""sparse_l"": 25.8202, ""sv_l"": 26.8202, ""feat_secs"": 0.005032, ""feat_secs_frame"": 0.000136, ""feat_secs_hsf"": 0.004833}"
ct,"ct:n=20,L=4,t=4,nn=0",1,"{""n"": 20.0, ""L"": 4.0, ""t"": 4.0, ""nn"": 0.0}",sv,ok,0.042567,0.0485,20430848,-5.831821841845858e-19,1048576,-5.831821841845858e-19,0.0,,"{""n"": 20, ""gates"": 122, ""g2"": 40, ""g3"": 0, ""depth2"": 4, ""t_count"": 4, ""rotations"": 4, ""d"": 3, ""dense_l"": 4.1699, ""redundant"": 1, ""obs_zero"": true, ""frame_l"": 6.9307, ""chi_bits"": 10, ""mps_l"": 37.7999, ""hsf_k"": 10, ""hsf_na"": 10, ""hsf_nb"": 10, ""hsf_l"": 26.1624, ""sup"": 19, ""chi_bits0"": 10, ""mps_l0"": 37.7999, ""hsf_keff"": 6, ""hsf_l0"": 30.1624, ""sparse_l"": 25.9307, ""sv_l"": 26.9307, ""feat_secs"": 0.00507, ""feat_secs_frame"": 0.000143, ""feat_secs_hsf"": 0.004858}"
ct,"ct:n=20,L=4,t=8,nn=0",1,"{""n"": 20.0, ""L"": 4.0, ""t"": 8.0, ""nn"": 0.0}",sv,ok,0.045774,0.0507,20430848,1.694065894508601e-19,1048576,1.694065894508601e-19,0.0,,"{""n"": 20, ""gates"": 138, ""g2"": 40, ""g3"": 0, ""depth2"": 4, ""t_count"": 8, ""rotations"": 8, ""d"": 6, ""dense_l"": 7.3399, ""redundant"": 2, ""obs_zero"": true, ""frame_l"": 7.1085, ""chi_bits"": 10, ""mps_l"": 37.6089, ""hsf_k"": 8, ""hsf_na"": 10, ""hsf_nb"": 10, ""hsf_l"": 28.1824, ""sup"": 19, ""chi_bits0"": 10, ""mps_l0"": 37.6089, ""hsf_keff"": 8, ""hsf_l0"": 28.1824, ""sparse_l"": 26.1085, ""sv_l"": 27.1085, ""feat_secs"": 0.005022, ""feat_secs_frame"": 0.000176, ""feat_secs_hsf"": 0.004769}"
ct,"ct:n=20,L=4,t=16,nn=0",1,"{""n"": 20.0, ""L"": 4.0, ""t"": 16.0, ""nn"": 0.0}",sv,ok,0.048134,0.0536,20414464,1.293048733542893e-20,1048576,1.293048733542893e-20,0.0,,"{""n"": 20, ""gates"": 156, ""g2"": 40, ""g3"": 0, ""depth2"": 4, ""t_count"": 16, ""rotations"": 16, ""d"": 10, ""dense_l"": 11.3685, ""redundant"": 6, ""obs_zero"": true, ""frame_l"": 7.2854, ""chi_bits"": 10, ""mps_l"": 38.1076, ""hsf_k"": 8, ""hsf_na"": 10, ""hsf_nb"": 10, ""hsf_l"": 28.2046, ""sup"": 20, ""chi_bits0"": 10, ""mps_l0"": 38.1076, ""hsf_keff"": 8, ""hsf_l0"": 28.2046, ""sparse_l"": 27.2854, ""sv_l"": 27.2854, ""feat_secs"": 0.004856, ""feat_secs_frame"": 0.00016, ""feat_secs_hsf"": 0.00462}"
ct,"ct:n=20,L=4,t=24,nn=0",1,"{""n"": 20.0, ""L"": 4.0, ""t"": 24.0, ""nn"": 0.0}",sv,ok,0.048037,0.0536,20447232,-1.541599964002827e-18,1048576,-1.541599964002827e-18,0.0,,"{""n"": 20, ""gates"": 174, ""g2"": 40, ""g3"": 0, ""depth2"": 4, ""t_count"": 24, ""rotations"": 24, ""d"": 17, ""dense_l"": 19.5999, ""redundant"": 7, ""obs_zero"": false, ""frame_l"": 8.085, ""chi_bits"": 10, ""mps_l"": 38.0597, ""hsf_k"": 8, ""hsf_na"": 10, ""hsf_nb"": 10, ""hsf_l"": 27.2264, ""sup"": 20, ""chi_bits0"": 10, ""mps_l0"": 38.0597, ""hsf_keff"": 7, ""hsf_l0"": 28.2264, ""sparse_l"": 27.4429, ""sv_l"": 27.4429, ""feat_secs"": 0.004711, ""feat_secs_frame"": 0.000171, ""feat_secs_hsf"": 0.004455}"
ct,"ct:n=20,L=4,t=32,nn=0",1,"{""n"": 20.0, ""L"": 4.0, ""t"": 32.0, ""nn"": 0.0}",sv,ok,0.051587,0.0582,20447232,3.243077396799902e-19,1048576,3.243077396799902e-19,0.0,,"{""n"": 20, ""gates"": 182, ""g2"": 40, ""g3"": 0, ""depth2"": 4, ""t_count"": 32, ""rotations"": 32, ""d"": 14, ""dense_l"": 15.1186, ""redundant"": 18, ""obs_zero"": true, ""frame_l"": 7.5078, ""chi_bits"": 10, ""mps_l"": 37.3954, ""hsf_k"": 8, ""hsf_na"": 8, ""hsf_nb"": 12, ""hsf_l"": 28.7748, ""sup"": 20, ""chi_bits0"": 10, ""mps_l0"": 37.3954, ""hsf_keff"": 8, ""hsf_l0"": 28.7748, ""sparse_l"": 27.5078, ""sv_l"": 27.5078, ""feat_secs"": 0.004301, ""feat_secs_frame"": 0.000176, ""feat_secs_hsf"": 0.004038}"
ct,"ct:n=20,L=8,t=0,nn=0",1,"{""n"": 20.0, ""L"": 8.0, ""t"": 0.0, ""nn"": 0.0}",sv,ok,0.072264,0.0769,20561920,1.215492279309921e-19,1048576,1.215492279309921e-19,0.0,,"{""n"": 20, ""gates"": 224, ""g2"": 80, ""g3"": 0, ""depth2"": 8, ""t_count"": 0, ""rotations"": 0, ""d"": 0, ""dense_l"": 0.0, ""redundant"": 0, ""obs_zero"": true, ""frame_l"": 7.8074, ""chi_bits"": 10, ""mps_l"": 38.9857, ""hsf_k"": 22, ""hsf_na"": 8, ""hsf_nb"": 12, ""hsf_l"": 40.9069, ""sup"": 20, ""chi_bits0"": 10, ""mps_l0"": 38.9857, ""hsf_keff"": 20, ""hsf_l0"": 42.9069, ""sparse_l"": 27.8074, ""sv_l"": 27.8074, ""feat_secs"": 0.009204, ""feat_secs_frame"": 0.00023, ""feat_secs_hsf"": 0.008861}"
ct,"ct:n=20,L=8,t=4,nn=0",1,"{""n"": 20.0, ""L"": 8.0, ""t"": 4.0, ""nn"": 0.0}",sv,ok,0.080777,0.0858,20611072,-2.030655611923778e-18,1048576,-2.030655611923778e-18,0.0,,"{""n"": 20, ""gates"": 240, ""g2"": 80, ""g3"": 0, ""depth2"": 8, ""t_count"": 4, ""rotations"": 4, ""d"": 4, ""dense_l"": 4.9069, ""redundant"": 0, ""obs_zero"": true, ""frame_l"": 7.9069, ""chi_bits"": 10, ""mps_l"": 39.2569, ""hsf_k"": 22, ""hsf_na"": 6, ""hsf_nb"": 14, ""hsf_l"": 38.2479, ""sup"": 20, ""chi_bits0"": 10, ""mps_l0"": 39.2569, ""hsf_keff"": 16, ""hsf_l0"": 44.2479, ""sparse_l"": 27.9069, ""sv_l"": 27.9069, ""feat_secs"": 0.009258, ""feat_secs_frame"": 0.000286, ""feat_secs_hsf"": 0.008853}"
ct,"ct:n=20,L=8,t=8,nn=0",1,"{""n"": 20.0, ""L"": 8.0, ""t"": 8.0, ""nn"": 0.0}",sv,ok,0.079119,0.0851,20545536,9.317362419797304e-20,1048576,9.317362419797304e-20,0.0,,"{""n"": 20, ""gates"": 247, ""g2"": 80, ""g3"": 0, ""depth2"": 8, ""t_count"": 8, ""rotations"": 8, ""d"": 6, ""dense_l"": 7.375, ""redundant"": 2, ""obs_zero"": true, ""frame_l"": 7.9484, ""chi_bits"": 10, ""mps_l"": 39.2442, ""hsf_k"": 16, ""hsf_na"": 6, ""hsf_nb"": 14, ""hsf_l"": 34.2808, ""sup"": 20, ""chi_bits0"": 10, ""mps_l0"": 39.2442, ""hsf_keff"": 12, ""hsf_l0"": 38.2808, ""sparse_l"": 27.9484, ""sv_l"": 27.9484, ""feat_secs"": 0.008584, ""feat_secs_frame"": 0.000244, ""feat_secs_hsf"": 0.008213}"
ct,"ct:n=20,L=8,t=16,nn=0",1,"{""n"": 20.0, ""L"": 8.0, ""t"": 16.0, ""nn"": 0.0}",sv,ok,0.085156,0.0900,20594688,-9.48968068500435e-19,1048576,-9.48968068500435e-19,0.0,,"{""n"": 20, ""gates"": 272, ""g2"": 80, ""g3"": 0, ""depth2"": 8, ""t_count"": 16, ""rotations"": 16, ""d"": 14, ""dense_l"": 15.0875, ""redundant"": 2, ""obs_zero"": true, ""frame_l"": 8.0875, ""chi_bits"": 10, ""mps_l"": 39.345, ""hsf_k"": 20, ""hsf_na"": 7, ""hsf_nb"": 13, ""hsf_l"": 38.6439, ""sup"": 20, ""chi_bits0"": 10, ""mps_l0"": 39.345, ""hsf_keff"": 17, ""hsf_l0"": 41.6439, ""sparse_l"": 28.0875, ""sv_l"": 28.0875, ""feat_secs"": 0.010462, ""feat_secs_frame"": 0.000257, ""feat_secs_hsf"": 0.010084}"
ct,"ct:n=20,L=8,t=24,nn=0",1,"{""n"": 20.0, ""L"": 8.0, ""t"": 24.0, ""nn"": 0.0}",sv,ok,0.086981,0.0922,20627456,7.555533889508359e-19,1048576,7.555533889508359e-19,0.0,,"{""n"": 20, ""gates"": 287, ""g2"": 80, ""g3"": 0, ""depth2"": 8, ""t_count"": 24, ""rotations"": 24, ""d"": 17, ""dense_l"": 18.7127, ""redundant"": 7, ""obs_zero"": true, ""frame_l"": 8.1649, ""chi_bits"": 10, ""mps_l"": 39.4843, ""hsf_k"": 24, ""hsf_na"": 10, ""hsf_nb"": 10, ""hsf_l"": 42.3565, ""sup"": 20, ""chi_bits0"": 10, ""mps_l0"": 39.4843, ""hsf_keff"": 22, ""hsf_l0"": 44.3565, ""sparse_l"": 28.1649, ""sv_l"": 28.1649, ""feat_secs"": 0.009347, ""feat_secs_frame"": 0.000266, ""feat_secs_hsf"": 0.008911}"
ct,"ct:n=20,L=8,t=32,nn=0",1,"{""n"": 20.0, ""L"": 8.0, ""t"": 32.0, ""nn"": 0.0}",sv,ok,0.084739,0.0911,20594688,-1.231585905307753e-18,1048576,-1.231585905307753e-18,0.0,,"{""n"": 20, ""gates"": 298, ""g2"": 80, ""g3"": 0, ""depth2"": 8, ""t_count"": 32, ""rotations"": 32, ""d"": 19, ""dense_l"": 22.2799, ""redundant"": 13, ""obs_zero"": false, ""frame_l"": 11.5, ""chi_bits"": 10, ""mps_l"": 39.3208, ""hsf_k"": 20, ""hsf_na"": 7, ""hsf_nb"": 13, ""hsf_l"": 39.7347, ""sup"": 20, ""chi_bits0"": 10, ""mps_l0"": 39.3208, ""hsf_keff"": 18, ""hsf_l0"": 41.7347, ""sparse_l"": 28.2192, ""sv_l"": 28.2192, ""feat_secs"": 0.009603, ""feat_secs_frame"": 0.000296, ""feat_secs_hsf"": 0.009177}"
ct,"ct:n=24,L=1,t=0,nn=0",1,"{""n"": 24.0, ""L"": 1.0, ""t"": 0.0, ""nn"": 0.0}",sv,ok,0.230717,0.2348,272236544,0.0,16777216,0.0,0.0,,"{""n"": 24, ""gates"": 36, ""g2"": 12, ""g3"": 0, ""depth2"": 1, ""t_count"": 0, ""rotations"": 0, ""d"": 0, ""dense_l"": 0.0, ""redundant"": 0, ""obs_zero"": true, ""frame_l"": 5.1699, ""chi_bits"": 8, ""mps_l"": 27.1887, ""hsf_k"": 0, ""hsf_na"": 12, ""hsf_nb"": 12, ""hsf_l"": 24.0126, ""sup"": 12, ""chi_bits0"": 8, ""mps_l0"": 27.1887, ""hsf_keff"": 0, ""hsf_l0"": 24.0126, ""sparse_l"": 17.1699, ""sv_l"": 29.1699, ""feat_secs"": 0.002964, ""feat_secs_frame"": 7.2e-05, ""feat_secs_hsf"": 0.002863}"
ct,"ct:n=24,L=1,t=4,nn=0",1,"{""n"": 24.0, ""L"": 1.0, ""t"": 4.0, ""nn"": 0.0}",sv,ok,0.25513,0.2589,272089088,0.0,16777216,0.0,0.0,,"{""n"": 24, ""gates"": 44, ""g2"": 12, ""g3"": 0, ""depth2"": 1, ""t_count"": 4, ""rotations"": 4, ""d"": 1, ""dense_l"": 2.3219, ""redundant"": 3, ""obs_zero"": true, ""frame_l"": 5.4594, ""chi_bits"": 6, ""mps_l"": 21.6174, ""hsf_k"": 0, ""hsf_na"": 12, ""hsf_nb"": 12, ""hsf_l"": 24.0154, ""sup"": 16, ""chi_bits0"": 6, ""mps_l0"": 21.6174, ""hsf_keff"": 0, ""hsf_l0"": 24.0154, ""sparse_l"": 21.4594, ""sv_l"": 29.4594, ""feat_secs"": 0.002909, ""feat_secs_frame"": 7.1e-05, ""feat_secs_hsf"": 0.002801}"
ct,"ct:n=24,L=1,t=8,nn=0",1,"{""n"": 24.0, ""L"": 1.0, ""t"": 8.0, ""nn"": 0.0}",sv,ok,0.287467,0.2915,272203776,0.0,16777216,0.0,0.0,,"{""n"": 24, ""gates"": 52, ""g2"": 12, ""g3"": 0, ""depth2"": 1, ""t_count"": 8, ""rotations"": 8, ""d"": 4, ""dense_l"": 5.858, ""redundant"": 4, ""obs_zero"": true, ""frame_l"": 5.7004, ""chi_bits"": 7, ""mps_l"": 25.7609, ""hsf_k"": 0, ""hsf_na"": 12, ""hsf_nb"": 12, ""hsf_l"": 24.0182, ""sup"": 17, ""chi_bits0"": 7, ""mps_l0"": 25.7609, ""hsf_keff"": 0, ""hsf_l0"": 24.0182, ""sparse_l"": 22.7004, ""sv_l"": 29.7004, ""feat_secs"": 0.003025, ""feat_secs_frame"": 0.0001, ""feat_secs_hsf"": 0.002885}"
ct,"ct:n=24,L=1,t=16,nn=0",1,"{""n"": 24.0, ""L"": 1.0, ""t"": 16.0, ""nn"": 0.0}",sv,ok,0.29107,0.2955,272171008,0.0,16777216,0.0,0.0,,"{""n"": 24, ""gates"": 64, ""g2"": 12, ""g3"": 0, ""depth2"": 1, ""t_count"": 16, ""rotations"": 16, ""d"": 9, ""dense_l"": 10.6493, ""redundant"": 7, ""obs_zero"": true, ""frame_l"": 6.0, ""chi_bits"": 8, ""mps_l"": 28.6952, ""hsf_k"": 0, ""hsf_na"": 12, ""hsf_nb"": 12, ""hsf_l"": 24.0224, ""sup"": 20, ""chi_bits0"": 8, ""mps_l0"": 28.6952, ""hsf_keff"": 0, ""hsf_l0"": 24.0224, ""sparse_l"": 26.0, ""sv_l"": 30.0, ""feat_secs"": 0.00309, ""feat_secs_frame"": 8.3e-05, ""feat_secs_hsf"": 0.002953}"
ct,"ct:n=24,L=1,t=24,nn=0",1,"{""n"": 24.0, ""L"": 1.0, ""t"": 24.0, ""nn"": 0.0}",sv,ok,0.320201,0.3262,272236544,4.50515648820881e-20,16777216,4.50515648820881e-20,0.0,,"{""n"": 24, ""gates"": 84, ""g2"": 12, ""g3"": 0, ""depth2"": 1, ""t_count"": 24, ""rotations"": 24, ""d"": 15, ""dense_l"": 17.2297, ""redundant"": 9, ""obs_zero"": true, ""frame_l"": 6.3923, ""chi_bits"": 6, ""mps_l"": 23.5861, ""hsf_k"": 0, ""hsf_na"": 12, ""hsf_nb"": 12, ""hsf_l"": 24.0293, ""sup"": 24, ""chi_bits0"": 6, ""mps_l0"": 23.5861, ""hsf_keff"": 0, ""hsf_l0"": 24.0293, ""sparse_l"": 30.3923, ""sv_l"": 30.3923, ""feat_secs"": 0.002966, ""feat_secs_frame"": 9.8e-05, ""feat_secs_hsf"": 0.002815}"
ct,"ct:n=24,L=1,t=32,nn=0",1,"{""n"": 24.0, ""L"": 1.0, ""t"": 32.0, ""nn"": 0.0}",sv,ok,0.272186,0.2785,272269312,2.707884302647734e-20,16777216,2.707884302647734e-20,0.0,,"{""n"": 24, ""gates"": 98, ""g2"": 12, ""g3"": 0, ""depth2"": 1, ""t_count"": 32, ""rotations"": 32, ""d"": 13, ""dense_l"": 15.7125, ""redundant"": 19, ""obs_zero"": true, ""frame_l"": 6.6147, ""chi_bits"": 7, ""mps_l"": 25.5809, ""hsf_k"": 0, ""hsf_na"": 12, ""hsf_nb"": 12, ""hsf_l"": 24.0341, ""sup"": 20, ""chi_bits0"": 7, ""mps_l0"": 25.5809, ""hsf_keff"": 0, ""hsf_l0"": 24.0341, ""sparse_l"": 26.6147, ""sv_l"": 30.6147, ""feat_secs"": 0.003069, ""feat_secs_frame"": 0.000119, ""feat_secs_hsf"": 0.002893}"
ct,"ct:n=24,L=2,t=0,nn=0",1,"{""n"": 24.0, ""L"": 2.0, ""t"": 0.0, ""nn"": 0.0}",sv,ok,0.403125,0.4085,272269312,0.0,16777216,0.0,0.0,,"{""n"": 24, ""gates"": 74, ""g2"": 24, ""g3"": 0, ""depth2"": 2, ""t_count"": 0, ""rotations"": 0, ""d"": 0, ""dense_l"": 0.0, ""redundant"": 0, ""obs_zero"": true, ""frame_l"": 6.2095, ""chi_bits"": 12, ""mps_l"": 42.0684, ""hsf_k"": 2, ""hsf_na"": 12, ""hsf_nb"": 12, ""hsf_l"": 25.0258, ""sup"": 21, ""chi_bits0"": 12, ""mps_l0"": 42.0684, ""hsf_keff"": 1, ""hsf_l0"": 26.0258, ""sparse_l"": 27.2095, ""sv_l"": 30.2095, ""feat_secs"": 0.005528, ""feat_secs_frame"": 0.000102, ""feat_secs_hsf"": 0.005378}"
ct,"ct:n=24,L=2,t=4,nn=0",1,"{""n"": 24.0, ""L"": 2.0, ""t"": 4.0, ""nn"": 0.0}",sv,ok,0.451331,0.4558,272285696,0.0,16777216,0.0,0.0,,"{""n"": 24, ""gates"": 83, ""g2"": 24, ""g3"": 0, ""depth2"": 2, ""t_count"": 4, ""rotations"": 4, ""d"": 2, ""dense_l"": 3.3219, ""redundant"": 2, ""obs_zero"": true, ""frame_l"": 6.375, ""chi_bits"": 10, ""mps_l"": 35.9638, ""hsf_k"": 2, ""hsf_na"": 12, ""hsf_nb"": 12, ""hsf_l"": 26.0289, ""sup"": 22, ""chi_bits0"": 10, ""mps_l0"": 35.9638, ""hsf_keff"": 2, ""hsf_l0"": 26.0289, ""sparse_l"": 28.375, ""sv_l"": 30.375, ""feat_secs"": 0.004425, ""feat_secs_frame"": 0.000116, ""feat_secs_hsf"": 0.004256}"
ct,"ct:n=24,L=2,t=8,nn=0",1,"{""n"": 24.0, ""L"": 2.0, ""t"": 8.0, ""nn"": 0.0}",sv,ok,0.476865,0.4833,272302080,3.749464077279405e-40,16777216,3.749464077279405e-40,0.0,,"{""n"": 24, ""gates"": 90, ""g2"": 24, ""g3"": 0, ""depth2"": 2, ""t_count"": 8, ""rotations"": 8, ""d"": 2, ""dense_l"": 4.0875, ""redundant"": 6, ""obs_zero"": true, ""frame_l"": 6.4919, ""chi_bits"": 12, ""mps_l"": 41.6054, ""hsf_k"": 2, ""hsf_na"": 12, ""hsf_nb"": 12, ""hsf_l"": 26.0314, ""sup"": 23, ""chi_bits0"": 12, ""mps_l0"": 41.6054, ""hsf_keff"": 2, ""hsf_l0"": 26.0314, ""sparse_l"": 29.4919, ""sv_l"": 30.4919, ""feat_secs"": 0.004907, ""feat_secs_frame"": 0.000113, ""feat_secs_hsf"": 0.004734}"
ct,"ct:n=24,L=2,t=16,nn=0",1,"{""n"": 24.0, ""L"": 2.0, ""t"": 16.0, ""nn"": 0.0}",sv,ok,0.525566,0.5303,272351232,-6.125105000815367e-41,16777216,-6.125105000815367e-41,0.0,,"{""n"": 24, ""gates"": 104, ""g2"": 24, ""g3"": 0, ""depth2"": 2, ""t_count"": 16, ""rotations"": 16, ""d"": 8, ""dense_l"": 9.7245, ""redundant"": 8, ""obs_zero"": true, ""frame_l"": 6.7004, ""chi_bits"": 10, ""mps_l"": 36.3802, ""hsf_k"": 2, ""hsf_na"": 12, ""hsf_nb"": 12, ""hsf_l"": 26.0362, ""sup"": 24, ""chi_bits0"": 10, ""mps_l0"": 36.3802, ""hsf_keff"": 2, ""hsf_l0"": 26.0362, ""sparse_l"": 30.7004, ""sv_l"": 30.7004, ""feat_secs"": 0.004548, ""feat_secs_frame"": 0.000125, ""feat_secs_hsf"": 0.004362}"
ct,"ct:n=24,L=2,t=24,nn=0",1,"{""n"": 24.0, ""L"": 2.0, ""t"": 24.0, ""nn"": 0.0}",sv,ok,0.495908,0.5019,272285696,3.349254300227209e-21,16777216,3.349254300227209e-21,0.0,,"{""n"": 24, ""gates"": 119, ""g2"": 24, ""g3"": 0, ""depth2"": 2, ""t_count"": 24, ""rotations"": 24, ""d"": 15, ""dense_l"": 16.3315, ""redundant"": 9, ""obs_zero"": true, ""frame_l"": 6.8948, ""chi_bits"": 11, ""mps_l"": 37.7785, ""hsf_k"": 0, ""hsf_na"": 10, ""hsf_nb"": 14, ""hsf_l"": 24.1586, ""sup"": 21, ""chi_bits0"": 11, ""mps_l0"": 37.7785, ""hsf_keff"": 0, ""hsf_l0"": 24.1586, ""sparse_l"": 27.8948, ""sv_l"": 30.8948, ""feat_secs"": 0.004682, ""feat_secs_frame"": 0.00015, ""feat_secs_hsf"": 0.004463}"
ct,"ct:n=24,L=2,t=32,nn=0",1,"{""n"": 24.0, ""L"": 2.0, ""t"": 32.0, ""nn"": 0.0}",sv,ok,0.531807,0.5380,272302080,-1.9124415762226e-20,16777216,-1.9124415762226e-20,0.0,,"{""n"": 24, ""gates"": 136, ""g2"": 24, ""g3"": 0, ""depth2"": 2, ""t_count"": 32, ""rotations"": 32, ""d"": 14, ""dense_l"": 15.9494, ""redundant"": 18, ""obs_zero"": true, ""frame_l"": 7.0875, ""chi_bits"": 12, ""mps_l"": 42.0211, ""hsf_k"": 2, ""hsf_na"": 12, ""hsf_nb"": 12, ""hsf_l"": 26.0471, ""sup"": 24, ""chi_bits0"": 12, ""mps_l0"": 42.0211, ""hsf_keff"": 2, ""hsf_l0"": 26.0471, ""sparse_l"": 31.0875, ""sv_l"": 31.0875, ""feat_secs"": 0.004902, ""feat_secs_frame"": 0.000147, ""feat_secs_hsf"": 0.004672}"
ct,"ct:n=24,L=4,t=0,nn=0",1,"{""n"": 24.0, ""L"": 4.0, ""t"": 0.0, ""nn"": 0.0}",sv,ok,0.811069,0.8154,272334848,0.0,16777216,0.0,0.0,,"{""n"": 24, ""gates"": 151, ""g2"": 48, ""g3"": 0, ""depth2"": 4, ""t_count"": 0, ""rotations"": 0, ""d"": 0, ""dense_l"": 0.0, ""redundant"": 0, ""obs_zero"": true, ""frame_l"": 7.2384, ""chi_bits"": 12, ""mps_l"": 44.1742, ""hsf_k"": 10, ""hsf_na"": 12, ""hsf_nb"": 12, ""hsf_l"": 32.0522, ""sup"": 23, ""chi_bits0"": 12, ""mps_l0"": 44.1742, ""hsf_keff"": 8, ""hsf_l0"": 34.0522, ""sparse_l"": 30.2384, ""sv_l"": 31.2384, ""feat_secs"": 0.008215, ""feat_secs_frame"": 0.000169, ""feat_secs_hsf"": 0.00797}"
ct,"ct:n=24,L=4,t=4,nn=0",1,"{""n"": 24.0, ""L"": 4.0, ""t"": 4.0, ""nn"": 0.0}",sv,ok,0.819991,0.8259,272334848,-2.276401045745932e-21,16777216,-2.276401045745932e-21,0.0,,"{""n"": 24, ""gates"": 156, ""g2"": 48, ""g3"": 0, ""depth2"": 4, ""t_count"": 4, ""rotations"": 4, ""d"": 4, ""dense_l"": 4.9069, ""redundant"": 0, ""obs_zero"": true, ""frame_l"": 7.2854, ""chi_bits"": 12, ""mps_l"": 43.1981, ""hsf_k"": 10, ""hsf_na"": 12, ""hsf_nb"": 12, ""hsf_l"": 33.0539, ""sup"": 24, ""chi_bits0"": 12, ""mps_l0"": 43.1981, ""hsf_keff"": 9, ""hsf_l0"": 34.0539, ""sparse_l"": 31.2854, ""sv_l"": 31.2854, ""feat_secs"": 0.007169, ""feat_secs_frame"": 0.000166, ""feat_secs_hsf"": 0.006923}"
ct,"ct:n=24,L=4,t=8,nn=0",1,"{""n"": 24.0, ""L"": 4.0, ""t"": 8.0, ""nn"": 0.0}",sv,ok,0.839136,0.8452,272367616,-2.043404946705058e-20,16777216,-2.043404946705058e-20,0.0,,"{""n"": 24, ""gates"": 164, ""g2"": 48, ""g3"": 0, ""depth2"": 4, ""t_count"": 8, ""rotations"": 8, ""d"": 6, ""dense_l"": 7.0661, ""redundant"": 2, ""obs_zero"": true, ""frame_l"": 7.3576, ""chi_bits"": 12, ""mps_l"": 43.8568, ""hsf_k"": 8, ""hsf_na"": 10, ""hsf_nb"": 14, ""hsf_l"": 32.2143, ""sup"": 24, ""chi_bits0"": 12, ""mps_l0"": 43.8568, ""hsf_keff"": 8, ""hsf_l0"": 32.2143, ""sparse_l"": 31.3576, ""sv_l"": 31.3576, ""feat_secs"": 0.008002, ""feat_secs_frame"": 0.000167, ""feat_secs_hsf"": 0.007748}"
ct,"ct:n=24,L=4,t=16,nn=0",1,"{""n"": 24.0, ""L"": 4.0, ""t"": 16.0, ""nn"": 0.0}",sv,ok,0.857807,0.8637,272400384,3.156521217502354e-21,16777216,3.156521217502354e-21,0.0,,"{""n"": 24, ""gates"": 186, ""g2"": 48, ""g3"": 0, ""depth2"": 4, ""t_count"": 16, ""rotations"": 16, ""d"": 11, ""dense_l"": 12.6163, ""redundant"": 5, ""obs_zero"": true, ""frame_l"": 7.5392, ""chi_bits"": 12, ""mps_l"": 43.9981, ""hsf_k"": 8, ""hsf_na"": 12, ""hsf_nb"": 12, ""hsf_l"": 29.0641, ""sup"": 24, ""chi_bits0"": 12, ""mps_l0"": 43.9981, ""hsf_keff"": 5, ""hsf_l0"": 32.0641, ""sparse_l"": 31.5392, ""sv_l"": 31.5392, ""feat_secs"": 0.007695, ""feat_secs_frame"": 0.000187, ""feat_secs_hsf"": 0.007411}"
ct,"ct:n=24,L=4,t=24,nn=0",1,"{""n"": 24.0, ""L"": 4.0, ""t"": 24.0, ""nn"": 0.0}",sv,ok,0.908504,0.9131,272367616,1.247388363729966e-21,16777216,1.247388363729966e-21,0.0,,"{""n"": 24, ""gates"": 195, ""g2"": 48, ""g3"": 0, ""depth2"": 4, ""t_count"": 24, ""rotations"": 24, ""d"": 13, ""dense_l"": 15.3344, ""redundant"": 11, ""obs_zero"": true, ""frame_l"": 7.6073, ""chi_bits"": 12, ""mps_l"": 43.7156, ""hsf_k"": 10, ""hsf_na"": 12, ""hsf_nb"": 12, ""hsf_l"": 33.0671, ""sup"": 24, ""chi_bits0"": 12, ""mps_l0"": 43.7156, ""hsf_keff"": 9, ""hsf_l0"": 34.0671, ""sparse_l"": 31.6073, ""sv_l"": 31.6073, ""feat_secs"": 0.007999, ""feat_secs_frame"": 0.000191, ""feat_secs_hsf"": 0.007719}"
ct,"ct:n=24,L=4,t=32,nn=0",1,"{""n"": 24.0, ""L"": 4.0, ""t"": 32.0, ""nn"": 0.0}",sv,ok,0.888305,0.8923,272416768,-8.478799802015546e-19,16777216,-8.478799802015546e-19,0.0,,"{""n"": 24, ""gates"": 205, ""g2"": 48, ""g3"": 0, ""depth2"": 4, ""t_count"": 32, ""rotations"": 32, ""d"": 17, ""dense_l"": 18.5276, ""redundant"": 15, ""obs_zero"": true, ""frame_l"": 7.6795, ""chi_bits"": 12, ""mps_l"": 44.1896, ""hsf_k"": 10, ""hsf_na"": 12, ""hsf_nb"": 12, ""hsf_l"": 32.0705, ""sup"": 24, ""chi_bits0"": 12, ""mps_l0"": 44.1896, ""hsf_keff"": 8, ""hsf_l0"": 34.0705, ""sparse_l"": 31.6795, ""sv_l"": 31.6795, ""feat_secs"": 0.008614, ""feat_secs_frame"": 0.000202, ""feat_secs_hsf"": 0.008311}"
ct,"ct:n=24,L=8,t=0,nn=0",1,"{""n"": 24.0, ""L"": 8.0, ""t"": 0.0, ""nn"": 0.0}",sv,ok,1.467138,1.4739,272515072,2.03473195798244e-19,16777216,2.03473195798244e-19,0.0,,"{""n"": 24, ""gates"": 286, ""g2"": 96, ""g3"": 0, ""depth2"": 8, ""t_count"": 0, ""rotations"": 0, ""d"": 0, ""dense_l"": 0.0, ""redundant"": 0, ""obs_zero"": true, ""frame_l"": 8.1599, ""chi_bits"": 12, ""mps_l"": 45.462, ""hsf_k"": 22, ""hsf_na"": 9, ""hsf_nb"": 15, ""hsf_l"": 46.6402, ""sup"": 24, ""chi_bits0"": 12, ""mps_l0"": 45.462, ""hsf_keff"": 22, ""hsf_l0"": 46.6402, ""sparse_l"": 32.1599, ""sv_l"": 32.1599, ""feat_secs"": 0.016791, ""feat_secs_frame"": 0.000271, ""feat_secs_hsf"": 0.016389}"
ct,"ct:n=24,L=8,t=4,nn=0",1,"{""n"": 24.0, ""L"": 8.0, ""t"": 4.0, ""nn"": 0.0}",sv,ok,1.457804,1.4647,272531456,-1.512747904236977e-20,16777216,-1.512747904236977e-20,0.0,,"{""n"": 24, ""gates"": 292, ""g2"": 96, ""g3"": 0, ""depth2"": 8, ""t_count"": 4, ""rotations"": 4, ""d"": 4, ""dense_l"": 4.9069, ""redundant"": 0, ""obs_zero"": true, ""frame_l"": 8.1898, ""chi_bits"": 12, ""mps_l"": 45.5052, ""hsf_k"": 26, ""hsf_na"": 11, ""hsf_nb"": 13, ""hsf_l"": 48.1923, ""sup"": 24, ""chi_bits0"": 12, ""mps_l0"": 45.5052, ""hsf_keff"": 24, ""hsf_l0"": 50.1923, ""sparse_l"": 32.1898, ""sv_l"": 32.1898, ""feat_secs"": 0.016652, ""feat_secs_frame"": 0.000279, ""feat_secs_hsf"": 0.016243}"
ct,"ct:n=24,L=8,t=8,nn=0",1,"{""n"": 24.0, ""L"": 8.0, ""t"": 8.0, ""nn"": 0.0}",sv,ok,1.477604,1.4818,272580608,5.522257769404013e-20,16777216,5.522257769404013e-20,0.0,,"{""n"": 24, ""gates"": 304, ""g2"": 96, ""g3"": 0, ""depth2"": 8, ""t_count"": 8, ""rotations"": 8, ""d"": 8, ""dense_l"": 8.9944, ""redundant"": 0, ""obs_zero"": true, ""frame_l"": 8.2479, ""chi_bits"": 12, ""mps_l"": 45.3795, ""hsf_k"": 26, ""hsf_na"": 12, ""hsf_nb"": 12, ""hsf_l"": 48.1033, ""sup"": 24, ""chi_bits0"": 12, ""mps_l0"": 45.3795, ""hsf_keff"": 24, ""hsf_l0"": 50.1033, ""sparse_l"": 32.2479, ""sv_l"": 32.2479, ""feat_secs"": 0.014609, ""feat_secs_frame"": 0.000306, ""feat_secs_hsf"": 0.014133}"
ct,"ct:n=24,L=8,t=16,nn=0",1,"{""n"": 24.0, ""L"": 8.0, ""t"": 16.0, ""nn"": 0.0}",sv,ok,1.567344,1.5727,272547840,5.149695621510129e-20,16777216,5.149695621510129e-20,0.0,,"{""n"": 24, ""gates"": 327, ""g2"": 96, ""g3"": 0, ""depth2"": 8, ""t_count"": 16, ""rotations"": 16, ""d"": 12, ""dense_l"": 13.003, ""redundant"": 4, ""obs_zero"": true, ""frame_l"": 8.3531, ""chi_bits"": 12, ""mps_l"": 45.7354, ""hsf_k"": 24, ""hsf_na"": 8, ""hsf_nb"": 16, ""hsf_l"": 46.1874, ""sup"": 24, ""chi_bits0"": 12, ""mps_l0"": 45.7354, ""hsf_keff"": 21, ""hsf_l0"": 49.1874, ""sparse_l"": 32.3531, ""sv_l"": 32.3531, ""feat_secs"": 0.017632, ""feat_secs_frame"": 0.000387, ""feat_secs_hsf"": 0.017088}"
ct,"ct:n=24,L=8,t=24,nn=0",1,"{""n"": 24.0, ""L"": 8.0, ""t"": 24.0, ""nn"": 0.0}",sv,ok,1.561591,1.5677,272547840,-2.394985658361534e-19,16777216,-2.394985658361534e-19,0.0,,"{""n"": 24, ""gates"": 331, ""g2"": 96, ""g3"": 0, ""depth2"": 8, ""t_count"": 24, ""rotations"": 24, ""d"": 18, ""dense_l"": 19.0553, ""redundant"": 6, ""obs_zero"": true, ""frame_l"": 8.3707, ""chi_bits"": 12, ""mps_l"": 45.4276, ""hsf_k"": 24, ""hsf_na"": 10, ""hsf_nb"": 14, ""hsf_l"": 46.4041, ""sup"": 24, ""chi_bits0"": 12, ""mps_l0"": 45.4276, ""hsf_keff"": 22, ""hsf_l0"": 48.4041, ""sparse_l"": 32.3707, ""sv_l"": 32.3707, ""feat_secs"": 0.017141, ""feat_secs_frame"": 0.000302, ""feat_secs_hsf"": 0.016697}"
ct,"ct:n=24,L=8,t=32,nn=0",1,"{""n"": 24.0, ""L"": 8.0, ""t"": 32.0, ""nn"": 0.0}",sv,ok,1.580945,1.5862,272580608,-3.970466940254533e-20,16777216,-3.970466940254533e-20,0.0,,"{""n"": 24, ""gates"": 335, ""g2"": 96, ""g3"": 0, ""depth2"": 8, ""t_count"": 32, ""rotations"": 32, ""d"": 22, ""dense_l"": 23.7041, ""redundant"": 10, ""obs_zero"": true, ""frame_l"": 8.388, ""chi_bits"": 12, ""mps_l"": 45.5409, ""hsf_k"": 24, ""hsf_na"": 8, ""hsf_nb"": 16, ""hsf_l"": 46.207, ""sup"": 24, ""chi_bits0"": 12, ""mps_l0"": 45.5409, ""hsf_keff"": 21, ""hsf_l0"": 49.207, ""sparse_l"": 32.388, ""sv_l"": 32.388, ""feat_secs"": 0.016362, ""feat_secs_frame"": 0.000311, ""feat_secs_hsf"": 0.015898}"
