workload,n,c,precision,file_bytes,passes,local_passes,swap_passes,bytes_moved,wall_ms,io_ms,compute_ms,throughput_gb_s,in_ram_ms,max_err
qft,16,12,f64,1048576,34,15,19,71303168,10.47,6.13,4.04,6.345,2.49,0e0
brick,16,12,f64,1048576,13,5,8,27262976,8.40,3.22,4.99,3.023,3.45,2.2215299868541707e-17
qft,18,14,f64,4194304,34,15,19,285212672,53.25,27.10,25.21,4.988,4.64,0e0
brick,18,14,f64,4194304,13,5,8,109051904,31.24,11.75,19.17,3.251,15.11,5.551115123125783e-17
qft,20,16,f64,16777216,34,15,19,1140850688,255.97,171.28,81.30,4.151,27.12,0e0
brick,20,16,f64,16777216,13,5,8,436207616,138.57,66.61,70.81,2.932,71.38,4.2349997174859565e-17
qft,22,18,f64,67108864,34,15,19,4563402752,1503.92,857.84,631.54,2.826,100.16,0e0
brick,22,18,f64,67108864,13,5,8,1744830464,617.10,345.04,268.22,2.633,245.62,1.5515838457795457e-17
qft,24,22,f32,134217728,14,6,8,3758096384,2320.80,1266.29,653.02,1.508,0.00,0e0
brick,24,22,f32,134217728,7,3,4,1879048192,1641.02,662.10,747.20,1.066,0.00,0e0
qft,26,22,f32,536870912,34,15,19,36507222016,19837.95,13444.36,5203.97,1.714,0.00,0e0
brick,26,22,f32,536870912,13,5,8,13958643712,11488.82,6408.58,4592.60,1.132,0.00,0e0
qft,27,22,f32,1073741824,42,18,24,90194313216,54843.44,39687.17,13473.50,1.532,0.00,0e0
brick,27,22,f32,1073741824,16,6,10,34359738368,19765.24,11547.21,7805.27,1.619,0.00,0e0
qft,28,22,f32,2147483648,55,24,31,236223201280,97625.15,73733.62,22539.55,2.254,0.00,0e0
brick,28,22,f32,2147483648,19,7,12,81604378624,44152.76,28261.28,15282.56,1.721,0.00,0e0
