kind,workload,n,prec,sched,chunk_bits,group_bits,overlap,file_mb,passes,gate_passes,perm_passes,read_mb,written_mb,wall_ms,io_busy_ms,compute_ms,perm_ms,stall_ms,gb_per_s,max_err
ooc,qft,26,f32,swap,22,0,0,512,34,15,19,17408,17408,11271.4,8669.4,1895.1,0.0,0.0,3.24,NaN
ooc,qft,26,f32,window,20,4,1,512,6,5,6,3072,3072,3556.4,1760.6,2075.9,1315.0,233.8,1.81,NaN
ooc,qft,27,f32,swap,22,0,0,1024,42,18,24,43008,43008,25536.4,20150.0,4539.7,0.0,0.0,3.53,NaN
ooc,qft,27,f32,window,20,4,1,1024,6,5,6,6144,6144,6704.6,4079.2,4881.4,3250.0,374.6,1.92,NaN
ooc,qft,28,f32,swap,22,0,0,2048,55,24,31,112640,112640,62901.0,50598.7,11130.4,0.0,0.0,3.76,NaN
ooc,qft,28,f32,window,20,4,1,2048,7,6,6,14336,14336,11402.8,9700.4,8728.6,4763.1,895.8,2.64,NaN
ooc,brick,26,f32,swap,22,0,0,512,13,5,8,6656,6656,5774.4,3685.2,1845.3,0.0,0.0,2.42,NaN
ooc,brick,26,f32,window,20,4,1,512,3,2,3,1536,1536,2177.0,1049.1,1463.0,118.5,141.3,1.48,NaN
ooc,brick,27,f32,swap,22,0,0,1024,16,6,10,16384,16384,12203.5,8056.9,3814.9,0.0,0.0,2.82,NaN
ooc,brick,27,f32,window,20,4,1,1024,3,2,3,3072,3072,4048.9,2326.1,3058.9,227.3,325.7,1.59,NaN
ooc,brick,28,f32,swap,22,0,0,2048,19,7,12,38912,38912,27119.2,18579.0,8170.1,0.0,0.0,3.01,NaN
ooc,brick,28,f32,window,20,4,1,2048,3,2,2,6144,6144,7668.0,4853.7,6298.9,315.8,562.5,1.68,NaN
ooc,qft,26,f32,swap,22,0,0,512,34,15,19,17408,17408,11721.4,9159.7,1876.1,0.0,0.0,3.11,NaN
ooc,qft,26,f32,window,20,4,1,512,6,5,6,3072,3072,3567.0,1939.9,2105.7,1329.2,205.7,1.81,NaN
ooc,qft,27,f32,swap,22,0,0,1024,42,18,24,43008,43008,25633.2,20416.8,4358.6,0.0,0.0,3.52,NaN
ooc,qft,27,f32,window,20,4,1,1024,6,5,6,6144,6144,6692.8,4097.7,4963.7,3314.1,335.6,1.93,NaN
ooc,qft,28,f32,swap,22,0,0,2048,55,24,31,112640,112640,68981.9,54741.5,13038.2,0.0,0.0,3.42,NaN
ooc,qft,28,f32,window,20,4,1,2048,7,6,6,14336,14336,14126.6,15058.5,9712.2,5245.5,2677.2,2.13,NaN
ooc,brick,26,f32,swap,22,0,0,512,13,5,8,6656,6656,5834.7,3720.6,1848.0,0.0,0.0,2.39,NaN
ooc,brick,26,f32,window,20,4,1,512,3,2,3,1536,1536,2302.5,1077.8,1510.4,109.2,202.6,1.40,NaN
ooc,brick,27,f32,swap,22,0,0,1024,16,6,10,16384,16384,12620.5,8484.8,3832.6,0.0,0.0,2.72,NaN
ooc,brick,27,f32,window,20,4,1,1024,3,2,3,3072,3072,4050.6,2393.4,2996.9,226.0,332.0,1.59,NaN
ooc,brick,28,f32,swap,22,0,0,2048,19,7,12,38912,38912,28111.1,19361.4,8373.5,0.0,0.0,2.90,NaN
ooc,brick,28,f32,window,20,4,1,2048,3,2,2,6144,6144,7797.4,5068.8,6415.7,328.2,600.5,1.65,NaN
ooc,qft,26,f32,swap,22,0,0,512,34,15,19,17408,17408,11438.0,8827.2,1910.9,0.0,0.0,3.19,NaN
ooc,qft,26,f32,window,20,4,1,512,6,5,6,3072,3072,3496.4,1813.5,2068.7,1319.7,219.0,1.84,NaN
ooc,qft,27,f32,swap,22,0,0,1024,42,18,24,43008,43008,23613.1,18359.9,4420.3,0.0,0.0,3.82,NaN
ooc,qft,27,f32,window,20,4,1,1024,6,5,6,6144,6144,6859.4,3877.6,4960.8,3331.2,442.5,1.88,NaN
ooc,qft,28,f32,swap,22,0,0,2048,55,24,31,112640,112640,63012.7,50157.4,11738.8,0.0,0.0,3.75,NaN
ooc,qft,28,f32,window,20,4,1,2048,7,6,6,14336,14336,11742.5,10657.4,8981.7,4806.1,807.0,2.56,NaN
ooc,brick,26,f32,swap,22,0,0,512,13,5,8,6656,6656,5404.7,3430.8,1741.1,0.0,0.0,2.58,NaN
ooc,brick,26,f32,window,20,4,1,512,3,2,3,1536,1536,2199.6,1107.7,1445.2,125.2,160.2,1.46,NaN
ooc,brick,27,f32,swap,22,0,0,1024,16,6,10,16384,16384,11980.8,7926.0,3761.4,0.0,0.0,2.87,NaN
ooc,brick,27,f32,window,20,4,1,1024,3,2,3,3072,3072,3866.8,2082.7,2997.5,275.4,264.3,1.67,NaN
ooc,brick,28,f32,swap,22,0,0,2048,19,7,12,38912,38912,27141.4,18235.0,8539.0,0.0,0.0,3.01,NaN
ooc,brick,28,f32,window,20,4,1,2048,3,2,2,6144,6144,7468.3,4764.1,6155.8,326.0,591.3,1.73,NaN
