variant,kind,n,N,r,Lbar,kmax,M1,M0,S0,S1,S2,S3,d,d_sd,Geff,Geff_sd,p_half,p_half_sd,p_half_tail0,pL_half,p_half_c0,d_c0,dirty1
Ge(2;4),depol,10,899,210,63267.882580645164,3,800,1700,0.9864705882352941,0.43757441917515144,0.23476869671295683,0.12549697147027583,0.5564242620168411,0.01843574833722205,35203.784874303645,1166.390761085689,2.0716850810059113e-05,5.753220807314196e-07,2.0378742748923388e-05,1.3107112844915636,2.0581799185535836e-05,0.5591850208855098,0.225
Ge(2;4),depol,12,2867,690,106854.20774193549,3,800,2600,0.9938461538461538,0.44972170646818327,0.20058942507763008,0.13366758997058115,0.547493639002602,0.018147484338462107,58501.99903937226,1939.1350614955509,1.2112569888296611e-05,3.062159486803666e-07,1.1913819554344088e-05,1.2942790591327584,1.2044764630186216e-05,0.5508697902863777,0.3
Ge(2;4),depol,14,8453,4134,169322.24322580645,3,800,2600,0.9880769230769231,0.4137537742499999,0.130327386,0.05339141233333334,0.581253478766057,0.017034150589182544,98419.14290747243,2884.2605892065812,6.843617045182455e-06,1.5243186496016053e-07,6.8122238078999855e-06,1.1587765898686586,6.843617045182455e-06,0.581253478766057,0.2475
Ge(2;4),depol,16,34387,17000,246001.40322580645,3,800,2600,0.9842307692307692,0.43378086350000006,0.17338813433333336,0.09336192366666665,0.5592691500195388,0.017583915209877336,137580.9956857106,4325.667815833426,5.025736353257096e-06,1.2006954839203672e-07,4.9756909658405114e-06,1.236338195144193,5.025736353257096e-06,0.5592691500195388,0.28375
Ge(2;4),depol,18,200479,16632,358978.6006451613,3,800,600,1.0,0.4716521908907309,0.25419755598034854,0.11037932618346709,0.528347809109269,0.017471389330659216,189665.5571679822,6271.854893246847,3.7766542989718587e-06,9.852924966532435e-08,3.718731366082815e-06,1.3557380753654504,3.736839726325647e-06,0.532521788375,0.26125
Ge(2;4),depol,20,821749,34164,475362.0941935484,3,800,1350,1.0,0.4627776284573358,0.2247411271848225,0.11714676035481349,0.5372223715426643,0.015857554858131156,255375.1515841454,7538.080486150303,2.7760297773259845e-06,6.027422656694357e-08,2.7342493145517212e-06,1.3196193284933297,2.467895569713464e-06,0.5925372587500002,0.29625
Ge(2;4),depol,24,10161323,1692480,806307.3075,3,800,550,0.9963636363636363,0.45732952363700086,0.21799914788515456,0.10599504303436447,0.5410013905103093,0.017977667961114056,436213.37453612353,14495.525048854888,1.6158313407224181e-06,4.774916912089034e-08,1.5946205116294932e-06,1.302856617712008,1.4326590257359613e-06,0.5947759264142336,0.29
WindowedMbu(4),depol,10,899,210,75939.5329032258,3,800,1700,0.9864705882352941,0.5228993904999999,0.2898150996666667,0.179018359,0.46992906150864644,0.01860548650535539,35686.19342861788,1412.8919546539594,2.031673290023027e-05,6.413917687834965e-07,1.9588481391822647e-05,1.5428432065630868,2.031673290023027e-05,0.46992906150864644,0.28
WindowedMbu(4),depol,12,2867,690,119725.09161290323,3,800,2600,0.9938461538461538,0.5360678744609836,0.27151570205044656,0.11884373952035339,0.46061281981479973,0.01691324375264554,55146.912050404586,2024.9396577568505,1.2351907881651164e-05,3.3667979666828154e-07,1.2099417558250882e-05,1.478833302724827,1.2316586575527436e-05,0.46169406974651706,0.34125
WindowedMbu(4),depol,14,8453,4134,213618.3458064516,3,800,2600,0.9880769230769231,0.42880599587500023,0.1995674253333333,0.103265207,0.5660196227033862,0.018127804646714218,120912.17549588923,3872.431641733598,5.867019019255248e-06,1.5587010723593912e-07,5.79898681294685e-06,1.253302897708296,5.867019019255248e-06,0.5660196227033862,0.3
WindowedMbu(4),depol,16,34387,17000,297046.31096774194,3,800,2600,0.9842307692307692,0.456256519875,0.18734277766666665,0.11766777366666668,0.536433391295428,0.018225130374264528,159345.5599642221,5413.70774458142,4.346460035541064e-06,1.120171248757457e-07,4.284422551499284e-06,1.2910999193261936,4.346460035541064e-06,0.536433391295428,0.31125
WindowedMbu(4),depol,18,200479,16632,473957.44516129035,3,800,600,1.0,0.5212274008159944,0.2877438872136675,0.16959309582565604,0.4787725991840056,0.018159810211214288,226917.8379224818,8606.977252321036,3.18683141165808e-06,9.29627635204255e-08,3.0858678649525346e-06,1.510422474029212,3.130665809411376e-06,0.482591865375,0.31875
WindowedMbu(4),depol,20,821749,34164,604427.3367741936,3,800,1350,1.0,0.49441550605314427,0.23521847373666327,0.17161534406713885,0.5055844939468557,0.016496267029319653,305589.08919062634,9970.794747247615,2.335812424970287e-06,5.827120531410052e-08,2.273208415823458e-06,1.4118288832288615,2.0761242096481377e-06,0.5549600642499999,0.32125
WindowedMbu(4),depol,24,10161323,1692480,1062063.8264,3,800,550,0.9963636363636363,0.4547965193421088,0.2330553033332795,0.12481273929333234,0.5435436393464237,0.016379238996626265,577278.0374196443,17395.797242276985,1.2466725029596846e-06,3.703484328652555e-08,1.2262297102179685e-06,1.3240457687610279,1.1175470019012937e-06,0.5906381611199817,0.34125
WindowedMbu(4)+round,depol,12,2867,690,120990.76258064515,3,800,2600,0.9938461538461538,0.5675647648750001,0.28319282266666673,0.18328178266666667,0.42892090221555723,0.018108841116185343,51895.4670458386,2191.002496099006,1.32226906477997e-05,3.952731120729434e-07,1.270804714634452e-05,1.5998234248452505,1.32226906477997e-05,0.42892090221555723,0.01
WindowedMbu(4)+round,depol,14,8453,4134,215364.03096774194,3,800,2600,0.9880769230769231,0.5112898151249999,0.26668072733333337,0.12583621533333333,0.48254047515570264,0.017659644160834705,103921.86183462165,3803.2521519333086,6.730512638959903e-06,1.8856077063410046e-07,6.589542885400638e-06,1.4495103324057392,6.730512638959903e-06,0.48254047515570264,0.00625
WindowedMbu(4)+round,depol,16,34387,17000,299376.5587096774,3,800,2600,0.9842307692307692,0.516260730375,0.2899698846666666,0.1466604723333333,0.47546780032239155,0.01735034136187684,142343.91383777763,5194.2854893568665,5.027576094850911e-06,1.4480178474703606e-07,4.890022024624037e-06,1.5051384299275046,5.027576094850911e-06,0.47546780032239155,0.0025
WindowedMbu(4)+window,depol,12,2867,690,124042.41032258065,3,800,2600,0.9938461538461538,0.589944418625,0.3299949549999999,0.2198634856666667,0.40640267475812686,0.018128235066316393,50411.16733854186,2248.669972520213,1.4075851184600354e-05,4.812242742181945e-07,1.3256950843464867e-05,1.74600250827978,1.4075851184600354e-05,0.40640267475812686,0.005
WindowedMbu(4)+window,depol,14,8453,4134,222095.69677419355,3,800,2600,0.9880769230769231,0.5049942063749999,0.2920392136666667,0.15334528233333333,0.4889120527150643,0.01874361275852742,108585.26300905347,4162.875735670812,6.713326134588704e-06,2.102675918888438e-07,6.524707935429991e-06,1.4910008455338817,6.713326134588704e-06,0.4889120527150643,0.00125
WindowedMbu(4)+window,depol,16,34387,17000,308049.41161290323,3,800,2600,0.9842307692307692,0.5337520935,0.26666275566666664,0.14997757499999997,0.4576961926143025,0.018157011729990263,140993.0428323019,5593.256780072083,4.8952745180336175e-06,1.459532213696071e-07,4.759700369951049e-06,1.5079864349638943,4.8952745180336175e-06,0.4576961926143025,0.00625
WindowedMbu(4)+window,depol,20,821749,34164,626343.5831578948,1,800,1350,1.0,0.5871217341758115,nan,nan,0.4128782658241885,0.016184323517030794,258603.65242434002,10136.94718264365,7.982839027089627e-05,0.0,1.980056908104546e-06,50.0,7.982839027089627e-05,0.44125135725,0.0025
WindowedMbuLookup(4),depol,10,899,210,63504.30129032258,3,800,1700,0.9864705882352941,0.4490421836245167,0.19691048298898256,0.09697181553632118,0.5447992175541572,0.017869406412408258,34597.093654291195,1134.7841686927964,2.010258448101364e-05,5.161031395943266e-07,1.9874301083906128e-05,1.2766005815964532,2.00236149162928e-05,0.5450152864639238,0.36375
WindowedMbuLookup(4),depol,12,2867,690,101398.4264516129,3,800,2600,0.9938461538461538,0.4395399203938525,0.16828141967611193,0.10718267899590041,0.5577384701919441,0.01795228700329386,56553.80324899294,1820.3336533417387,1.2218078277621302e-05,2.8965867145352564e-07,1.2078725141696918e-05,1.2388939116134328,1.2115571188261475e-05,0.560619193740325,0.4
WindowedMbuLookup(4),depol,14,8453,4134,171413.3664516129,3,800,2600,0.9880769230769231,0.33393462712500005,0.11379517824303138,0.05056928615402619,0.662035799717789,0.016180473358988468,113481.78514111198,2773.5494092448503,6.1421218549463415e-06,1.2803048484720907e-07,6.121799026046097e-06,1.0528417843123776,6.139190181836585e-06,0.662035799717789,0.41
WindowedMbuLookup(4),depol,16,34387,17000,243442.9593548387,3,800,2600,0.9842307692307692,0.42003967725,0.1570083797682567,0.06809388307352367,0.5732304959554513,0.01791274891697967,139548.92832783697,4360.732606529712,4.906205497556638e-06,1.1192855723556896e-07,4.87429578785142e-06,1.194381185528167,4.9029126963944925e-06,0.5732304959554513,0.4125
WindowedMbuLookup(4),depol,18,200479,16632,387409.92903225805,3,800,600,1.0,0.4484768726714456,0.16532097654311934,0.12894731085866587,0.5515231273285544,0.017376602189746574,213665.53561800427,6731.8682211515,3.237015821649587e-06,7.522054585959668e-08,3.1911311079989543e-06,1.254052069741563,3.1306813747451966e-06,0.5634776344999999,0.45375
WindowedMbuLookup(4),depol,20,821749,34164,493317.7387096774,3,800,1350,1.0,0.4515345600309357,0.22946212509826902,0.16607473903714706,0.5484654399690643,0.015884207480207344,270567.7306059471,7835.96131533123,2.7119823015329333e-06,6.394400795886085e-08,2.6502718609487373e-06,1.3378689764128933,2.2914248493264e-06,0.627566371625,0.415
WindowedMbuLookup(4),depol,24,10161323,1692480,856273.324516129,3,800,550,0.9963636363636363,0.41310199535780506,0.2165359574589327,0.13536805710899222,0.5853903331262905,0.01601860577665051,501254.126685653,13716.3048224858,1.4666726500820972e-06,3.373046024760378e-08,1.443850025853326e-06,1.2558726660626784,1.270444536745763e-06,0.6529870856067519,0.4475
WindowedMbuLookup(4)+round,depol,12,2867,690,102471.45870967742,3,800,2600,0.9938461538461538,0.5049567913749999,0.273311305,0.16676255266666667,0.4919165411861456,0.018646439652868007,50407.40553876345,1910.7278709713557,1.4380604081449965e-05,4.464960559570126e-07,1.395664697023239e-05,1.4736014773525186,1.4380604081449965e-05,0.4919165411861456,0.01
WindowedMbuLookup(4)+round,depol,14,8453,4134,172745.37806451612,3,800,2600,0.9880769230769231,0.43871442162499996,0.22333181566666668,0.12668135166666666,0.5559916324542624,0.01753754524797108,96044.98474901904,3029.5298841843223,7.530377728023697e-06,2.0210486356711776e-07,7.409642167813991e-06,1.3008379475960654,7.530377728023697e-06,0.5559916324542624,0.00625
WindowedMbuLookup(4)+round,depol,16,34387,17000,245167.77096774193,3,800,2600,0.9842307692307692,0.5087649967499999,0.3033435416666667,0.09979680166666666,0.4830836297186403,0.018421454197393272,118436.53668912505,4516.346863559262,5.992832997644447e-06,1.679409750708127e-07,5.889165711878389e-06,1.46924950781442,5.992832997644447e-06,0.4830836297186403,0.015
WindowedMbuLookup(4)+round,depol,20,821749,34164,495990.9303225806,3,800,1350,1.0,0.51415103561216,0.25848370119762704,0.18545990555583386,0.48584896438784,0.017373205960244036,240976.6798429871,8616.952586907242,2.9822599964853503e-06,8.156668982697472e-08,2.884226659769245e-06,1.479173910120585,2.7717470210165615e-06,0.5089389091250001,0.00625
WindowedMbuLookup(4)+window,depol,12,2867,690,104660.69677419355,3,800,2600,0.9938461538461538,0.5969803598750001,0.3101117393333333,0.13998514533333334,0.3993231673084364,0.01834683563974434,41793.44092857882,1920.1926016572497,1.5600393722846612e-05,4.56392355406576e-07,1.5126512707241387e-05,1.6327480769848817,1.5600393722846612e-05,0.3993231673084364,0.01
WindowedMbuLookup(4)+window,depol,14,8453,4134,177646.95096774193,3,800,2600,0.9880769230769231,0.476256358125,0.2533695786666667,0.14672423133333332,0.5179966792039704,0.018077110594674643,92020.53067200088,3211.3435794506145,7.873395247640332e-06,2.2587462345191557e-07,7.6946261666347e-06,1.3986846595072144,7.873395247640332e-06,0.5179966792039704,0.01
WindowedMbuLookup(4)+window,depol,16,34387,17000,251503.06129032257,3,800,2600,0.9842307692307692,0.4762324075,0.32669509866666674,0.12333589666666668,0.516137452325127,0.017727465839145425,129810.14930635736,4458.511927464691,5.825837994298583e-06,1.6917144004649095e-07,5.697787483276299e-06,1.4652160901475664,5.825837994298583e-06,0.516137452325127,0.00625
WindowedMbuLookup(4)+window,depol,20,821749,34164,509157.70645161293,3,800,1350,1.0,0.5354935972093589,0.270449550553356,0.2095139690771673,0.46450640279064115,0.01718174014913784,236507.01467697194,8748.215407182615,3.0449385204067035e-06,8.772893713155293e-08,2.917104277306579e-06,1.550353913336445,2.803207147114126e-06,0.49250066812500004,0.00625
WindowedOpt(4),depol,10,899,210,76138.0,3,1100,1700,0.9864705882352941,0.2715017961973186,0.08848622915388835,0.029707351266099812,0.7247745655721874,0.01346031558986919,55182.885873535204,1024.8415083814605,1.2685741729347155e-05,2.144868176287689e-07,1.2666923302007482e-05,0.9658670037890337,1.2496493298574405e-05,0.7327478722827561,0.66
WindowedOpt(4),depol,12,2867,690,126008.0,3,1100,2600,0.9938461538461538,0.2609788677982841,0.05553988142177025,0.022839744151406296,0.7374051639800547,0.012913247086750488,92918.94990279873,1627.1724389072556,7.423258758958994e-06,1.117950630734539e-07,7.415773297149355e-06,0.935389989698905,7.312826149137741e-06,0.745707852518998,0.6681818181818182
WindowedOpt(4),depol,14,8453,4134,205256.0,3,1100,2600,0.9880769230769231,0.2567123615016358,0.11443587721603987,0.029042904290429005,0.7401899027231401,0.013350420595576824,151928.41867334084,2740.2539297657167,4.6906158688048626e-06,8.081090109591321e-08,4.683798938124341e-06,0.9627770507674108,4.62814204743685e-06,0.7469832619696379,0.6381818181818182
WindowedOpt(4),depol,16,34387,17000,298942.0,3,1100,2600,0.9842307692307692,0.2955529181236708,0.1112015537836966,0.03916440316598008,0.699711767439803,0.013676092169019261,209173.23518198958,4088.358345190956,3.368089911046612e-06,6.162787361002036e-08,3.3605092775475936e-06,1.0068635341880963,3.3226814134367092e-06,0.7062773100287755,0.6636363636363637
WindowedOpt(4),depol,18,200479,16632,461838.0,3,800,600,1.0,0.32847443704547286,0.10228598966091253,0.029783872192528964,0.6715255629545271,0.015123004155809224,310136.0229437929,6984.377993310621,2.2284266019499584e-06,4.088062158595044e-08,2.2244638536445494e-06,1.0291720849913648,2.195567538393259e-06,0.67875,0.62375
WindowedOpt(4),depol,20,821749,34164,600988.0,3,800,1350,1.0,0.30060194515026617,0.09594935599754621,0.0394868424895584,0.6993980548497338,0.016989317746198825,420329.83818803186,10210.37609365254,1.6604568757956835e-06,3.353946302244385e-08,1.6568769944136055e-06,0.9979146568706962,1.6345007872592151e-06,0.7075,0.64875
WindowedOpt(4),depol,24,10161323,1692480,1038566.0,3,800,550,0.9963636363636363,0.2942109874704267,0.0785957533806474,0.032509711148105774,0.7047152498015791,0.016367296139829568,731893.2981254268,16998.517282758236,9.453475756485312e-07,1.802665917765031e-08,9.437600456526517e-07,0.9818058502509924,9.325516737987901e-07,0.7114507299270073,0.6675
WindowedOpt(4)+round,depol,12,2867,690,127040.0,3,800,2600,0.9938461538461538,0.53875,0.33,0.16333333333333333,0.4579140866873065,0.017596097881703625,58173.405572755415,2235.4082748916285,1.2533543191455384e-05,4.018052075892224e-07,1.2095141026910314e-05,1.5922613270424921,1.2533543191455384e-05,0.4579140866873065,0.00875
WindowedOpt(4)+round,depol,14,8453,4134,206628.0,3,800,2600,0.9880769230769231,0.47875,0.22333333333333333,0.12666666666666668,0.5154729466718567,0.01742274105891206,106511.14402491241,3600.0261395208813,6.573118127535421e-06,1.8224138852790998e-07,6.456502572433195e-06,1.3581902524563891,6.573118127535421e-06,0.5154729466718567,0.005
WindowedOpt(4)+round,depol,16,34387,17000,300702.0,3,800,2600,0.9842307692307692,0.515,0.24333333333333335,0.10666666666666667,0.4767487299726455,0.018743563761905,143359.29660023446,5636.227110332357,4.724076324184155e-06,1.2763365434548357e-07,4.64563718293963e-06,1.4205391988348237,4.724076324184155e-06,0.4767487299726455,0.01
WindowedOpt(4)+round,depol,20,821749,34164,603668.0,3,800,1350,1.0,0.5569367589424753,0.3092674516409675,0.18011518282777234,0.4430632410575247,0.017047176980023,267463.1006027138,10290.835233176525,2.656592308211746e-06,7.900780192155853e-08,2.553744358760677e-06,1.6036997655135683,2.6240007222865484e-06,0.44625000000000004,0.00625
WindowedOpt(4)+window,depol,12,2867,690,129272.0,3,800,2600,0.9938461538461538,0.56,0.37,0.19333333333333333,0.436532507739938,0.018970274740702744,56431.430340557265,2452.325356280125,1.3283292649246634e-05,4.3396183089503613e-07,1.2619329993071799e-05,1.7171578073534108,1.3283292649246634e-05,0.436532507739938,0.00625
WindowedOpt(4)+window,depol,14,8453,4134,211528.0,3,800,2600,0.9880769230769231,0.52125,0.27666666666666667,0.19666666666666666,0.47246010120669524,0.018576933345283896,99938.54028804983,3929.541556661212,7.275383043407751e-06,2.33703230440739e-07,6.989799015000766e-06,1.5389472244059548,7.275383043407751e-06,0.47246010120669524,0.00875
WindowedOpt(4)+window,depol,16,34387,17000,306942.0,3,800,2600,0.9842307692307692,0.52875,0.33,0.18333333333333332,0.4627784290738569,0.018892890720083263,142046.1365767878,5799.021663403797,5.253140923079852e-06,1.7721484473871321e-07,5.03560770948289e-06,1.612409581211976,5.253140923079852e-06,0.4627784290738569,0.00375
WindowedOpt(4)+window,depol,20,821749,34164,616828.0,3,800,1350,1.0,0.575678991950518,0.3550863871208293,0.24486140147244712,0.42432100804948203,0.017458629285868554,261733.0787531459,10768.971385143728,2.8950262047070277e-06,1.1011138778609057e-07,2.6938980547667856e-06,1.7857332237970265,2.852200584818807e-06,0.4275,0.0025
