k,actual,ideal_masked,unmasked
0,5.717225375199e-1,5.716837305239e-1,7.143012817602e-3
1,1.687693207537e-3,1.635235640622e-3,7.142930918714e-3
2,4.109764533987e-3,4.047317858955e-3,7.142771378118e-3
3,4.117356903758e-3,4.033411702076e-3,7.142702088898e-3
4,1.695533807235e-3,1.671834197010e-3,7.142795955768e-3
5,4.230587432272e-3,4.171695206034e-3,7.142954213863e-3
6,1.686068166253e-3,1.683403586574e-3,7.143010315216e-3
7,4.113802761119e-3,4.056661602783e-3,7.142905252870e-3
8,4.107980215158e-3,4.091066632357e-3,7.142749557143e-3
9,1.684583864310e-3,1.685646578408e-3,7.142707072372e-3
10,4.225395734118e-3,4.185128824452e-3,7.142822500178e-3
11,1.681787217911e-3,1.646759977500e-3,7.142974389815e-3
12,4.107973451644e-3,4.084048638817e-3,7.143002888479e-3
13,4.117288830975e-3,4.058167335259e-3,7.142878041216e-3
14,1.690522336741e-3,1.674252992594e-3,7.142731194111e-3
15,4.228037715171e-3,4.212344865666e-3,7.142716879162e-3
16,1.688969464793e-3,1.666074854488e-3,7.142850158289e-3
17,4.126472913528e-3,4.060939204800e-3,7.142990776126e-3
18,4.113402252840e-3,4.094069202795e-3,7.142990797901e-3
19,1.690397851626e-3,1.702587397760e-3,7.142850158282e-3
20,4.228234927158e-3,4.224596656579e-3,7.142716879171e-3
21,1.689704325474e-3,1.712150201213e-3,7.142731194104e-3
22,4.103716641485e-3,4.103496464075e-3,7.142878041221e-3
23,4.116093391270e-3,4.112261259285e-3,7.143002888488e-3
24,1.691315533230e-3,1.681449058072e-3,7.142974389766e-3
25,4.231169360877e-3,4.238259528084e-3,7.142822500169e-3
26,1.688560381397e-3,1.707742170998e-3,7.142707072376e-3
27,4.119984996412e-3,4.118557202316e-3,7.142749557134e-3
28,2.865272265979e-4,2.759373538895e-4,7.142905252869e-3
29,1.691162289756e-3,1.710847698038e-3,7.143010315183e-3
30,4.229469439018e-3,4.233252924984e-3,7.142954213900e-3
31,1.689401484290e-3,1.669171818878e-3,7.142795955750e-3
32,4.111929145156e-3,4.141846601648e-3,7.142702088899e-3
33,4.113581092317e-3,4.116456121650e-3,7.142771378105e-3
34,1.684240706424e-3,1.714167818646e-3,7.142930918692e-3
35,4.220426360098e-3,4.235414921194e-3,7.143012817602e-3
36,1.685124165475e-3,1.712257179575e-3,7.142930918714e-3
37,4.114167918270e-3,4.146518482708e-3,7.142771378118e-3
38,4.103099220077e-3,4.111373407319e-3,7.142702088898e-3
39,1.686303551119e-3,1.657906956976e-3,7.142795955768e-3
40,4.229883708695e-3,4.244246099380e-3,7.142954213863e-3
41,1.681754065171e-3,1.714392187994e-3,7.143010315216e-3
42,4.116931550092e-3,4.168939667093e-3,7.142905252870e-3
43,4.107479056662e-3,4.121064672930e-3,7.142749557143e-3
44,1.690090176869e-3,1.699083188568e-3,7.142707072372e-3
45,4.222906950426e-3,4.254185052163e-3,7.142822500178e-3
46,1.683405557268e-3,1.692576799894e-3,7.142974389815e-3
47,4.101400643508e-3,4.171420352286e-3,7.143002888479e-3
48,4.110550125042e-3,4.113391421934e-3,7.142878041216e-3
49,1.688876563473e-3,1.702706948005e-3,7.142731194111e-3
50,4.229899104794e-3,4.243804543317e-3,7.142716879162e-3
51,1.679665182154e-3,1.673524593256e-3,7.142850158289e-3
52,4.118879719220e-3,4.107469826927e-3,7.142990776126e-3
53,4.109439371130e-3,4.131643624012e-3,7.142990797901e-3
54,1.686860320401e-3,1.674721475625e-3,7.142850158282e-3
55,4.225444182750e-3,4.242409464139e-3,7.142716879171e-3
56,2.010597463150e-4,1.128166047019e-4,7.142731194104e-3
57,4.104876008243e-3,4.092529481510e-3,7.142878041221e-3
58,4.109290992198e-3,4.172957190590e-3,7.143002888488e-3
59,1.693883928120e-3,1.709340289585e-3,7.142974389766e-3
60,4.230122936519e-3,4.243585351008e-3,7.142822500169e-3
61,1.684097717483e-3,1.691758114433e-3,7.142707072376e-3
62,4.100337699649e-3,4.120445894004e-3,7.142749557134e-3
63,4.120502519309e-3,4.173280822484e-3,7.142905252869e-3
64,1.688333653897e-3,1.728765592496e-3,7.143010315183e-3
65,4.218262538080e-3,4.243521624278e-3,7.142954213900e-3
66,1.686799798025e-3,1.695957845922e-3,7.142795955750e-3
67,4.111026367132e-3,4.130252435778e-3,7.142702088899e-3
68,4.112192264782e-3,4.163163065036e-3,7.142771378105e-3
69,1.692946675593e-3,1.708973570348e-3,7.142930918692e-3
70,4.227402600375e-3,4.261793626579e-3,7.143012817602e-3
71,1.692946675593e-3,1.708973570348e-3,7.142930918714e-3
72,4.112192264782e-3,4.163163065036e-3,7.142771378118e-3
73,4.111026367132e-3,4.130252435778e-3,7.142702088898e-3
74,1.686799798025e-3,1.695957845922e-3,7.142795955768e-3
75,4.218262538080e-3,4.243521624278e-3,7.142954213863e-3
76,1.688333653897e-3,1.728765592496e-3,7.143010315216e-3
77,4.120502519309e-3,4.173280822484e-3,7.142905252870e-3
78,4.100337699649e-3,4.120445894004e-3,7.142749557143e-3
79,1.684097717483e-3,1.691758114433e-3,7.142707072372e-3
80,4.230122936519e-3,4.243585351008e-3,7.142822500178e-3
81,1.693883928120e-3,1.709340289585e-3,7.142974389815e-3
82,4.109290992198e-3,4.172957190590e-3,7.143002888479e-3
83,4.104876008243e-3,4.092529481510e-3,7.142878041216e-3
84,2.010597463150e-4,1.128166047019e-4,7.142731194111e-3
85,4.225444182750e-3,4.242409464139e-3,7.142716879162e-3
86,1.686860320401e-3,1.674721475625e-3,7.142850158289e-3
87,4.109410830212e-3,4.131643620052e-3,7.142990776126e-3
88,4.118908260138e-3,4.107469830886e-3,7.142990797901e-3
89,1.679665182154e-3,1.673524593256e-3,7.142850158282e-3
90,4.229899104794e-3,4.243804543317e-3,7.142716879171e-3
91,1.688876563473e-3,1.702706948005e-3,7.142731194104e-3
92,4.110550125042e-3,4.113391421934e-3,7.142878041221e-3
93,4.101400643508e-3,4.171420352286e-3,7.143002888488e-3
94,1.683405557268e-3,1.692576799894e-3,7.142974389766e-3
95,4.222906950426e-3,4.254185052163e-3,7.142822500169e-3
96,1.690090176869e-3,1.699083188568e-3,7.142707072376e-3
97,4.107479056662e-3,4.121064672930e-3,7.142749557134e-3
98,4.116931550092e-3,4.168939667093e-3,7.142905252869e-3
99,1.681754065171e-3,1.714392187994e-3,7.143010315183e-3
100,4.229883708695e-3,4.244246099380e-3,7.142954213900e-3
101,1.686303551119e-3,1.657906956976e-3,7.142795955750e-3
102,4.103099220077e-3,4.111373407319e-3,7.142702088899e-3
103,4.114167918270e-3,4.146518482708e-3,7.142771378105e-3
104,1.685124165475e-3,1.712257179575e-3,7.142930918692e-3
105,4.220426360099e-3,4.235414921194e-3,7.143012817602e-3
106,1.684240706424e-3,1.714167818646e-3,7.142930918714e-3
107,4.113581092317e-3,4.116456121650e-3,7.142771378118e-3
108,4.111929145156e-3,4.141846601648e-3,7.142702088898e-3
109,1.689401484290e-3,1.669171818878e-3,7.142795955768e-3
110,4.229469439018e-3,4.233252924984e-3,7.142954213863e-3
111,1.691162289756e-3,1.710847698038e-3,7.143010315216e-3
112,2.865272265979e-4,2.759373538895e-4,7.142905252870e-3
113,4.119984996412e-3,4.118557202316e-3,7.142749557143e-3
114,1.688560381397e-3,1.707742170998e-3,7.142707072372e-3
115,4.231169360877e-3,4.238259528084e-3,7.142822500178e-3
116,1.691315533230e-3,1.681449058072e-3,7.142974389815e-3
117,4.116093391270e-3,4.112261259285e-3,7.143002888479e-3
118,4.103716641485e-3,4.103496464075e-3,7.142878041216e-3
119,1.689704325474e-3,1.712150201213e-3,7.142731194111e-3
120,4.228234927158e-3,4.224596656579e-3,7.142716879162e-3
121,1.690397851626e-3,1.702587397760e-3,7.142850158289e-3
122,4.113373339642e-3,4.094069189872e-3,7.142990776126e-3
123,4.126501826727e-3,4.060939217723e-3,7.142990797901e-3
124,1.688969464793e-3,1.666074854488e-3,7.142850158282e-3
125,4.228037715171e-3,4.212344865666e-3,7.142716879171e-3
126,1.690522336741e-3,1.674252992594e-3,7.142731194104e-3
127,4.117288830975e-3,4.058167335259e-3,7.142878041221e-3
128,4.107973451644e-3,4.084048638817e-3,7.143002888488e-3
129,1.681787217911e-3,1.646759977500e-3,7.142974389766e-3
130,4.225395734118e-3,4.185128824452e-3,7.142822500169e-3
131,1.684583864310e-3,1.685646578408e-3,7.142707072376e-3
132,4.107980215158e-3,4.091066632357e-3,7.142749557134e-3
133,4.113802761119e-3,4.056661602783e-3,7.142905252869e-3
134,1.686068166253e-3,1.683403586574e-3,7.143010315183e-3
135,4.230587432272e-3,4.171695206034e-3,7.142954213900e-3
136,1.695533807235e-3,1.671834197010e-3,7.142795955750e-3
137,4.117356903758e-3,4.033411702075e-3,7.142702088899e-3
138,4.109764533988e-3,4.047317858955e-3,7.142771378105e-3
139,1.687693207537e-3,1.635235640622e-3,7.142930918692e-3
