family,n,p_m,samples,phi,phi_err,d_final,P_d_ge_0p1n,P_d_ge_0p05n,s_half_lo,s_half_hi,i3_lo,i3_hi,i3_err,t_act_frac,secs
E6:depth=1024:pt=2/n,256,0.16,8,0.156286,0.001239,42.125,1,1,nan,nan,nan,nan,nan,0.918122,0.523475
E6:depth=1024:pt=2/n,256,0.18,8,0.120121,0.00172203,32.125,1,1,nan,nan,nan,nan,nan,0.910806,0.43695
E6:depth=1024:pt=2/n,256,0.2,8,0.0882969,0.00207662,25,0.375,1,nan,nan,nan,nan,nan,0.905989,0.36175
E6:depth=1024:pt=2/n,256,0.22,8,0.0669956,0.00172893,17.875,0,1,nan,nan,nan,nan,nan,0.899165,0.375337
E6:depth=1024:pt=2/n,256,0.25,8,0.0451546,0.00142885,11,0,0.375,nan,nan,nan,nan,nan,0.889597,0.339
E6:depth=1024:pt=2/n,256,0.3,8,0.0282364,0.000841059,7.25,0,0,nan,nan,nan,nan,nan,0.872283,0.361413
E6:depth=16384:pt=2/n,256,0.16,8,0.158943,0.00330973,35.75,1,1,nan,nan,nan,nan,nan,0.916859,9.4575
E6:depth=16384:pt=2/n,256,0.18,8,0.115654,0.00168563,28.5,0.75,1,nan,nan,nan,nan,nan,0.912034,7.62932
E6:depth=16384:pt=2/n,256,0.2,8,0.088047,0.000602513,21.5,0.125,1,nan,nan,nan,nan,nan,0.905402,6.4598
E6:depth=16384:pt=2/n,256,0.22,8,0.0680943,0.000916417,18.875,0.125,1,nan,nan,nan,nan,nan,0.898595,6.14818
E6:depth=16384:pt=2/n,256,0.25,8,0.0454292,0.00130294,12.25,0,0.625,nan,nan,nan,nan,nan,0.887119,6.01441
E6:depth=16384:pt=2/n,256,0.3,8,0.0273476,0.000906554,6.875,0,0.125,nan,nan,nan,nan,nan,0.87178,6.0192
E6:depth=4096:pt=2/n,256,0.16,8,0.161623,0.00248894,45.5,1,1,nan,nan,nan,nan,nan,0.916941,2.28331
E6:depth=4096:pt=2/n,256,0.18,8,0.118948,0.00218594,30.625,0.875,1,nan,nan,nan,nan,nan,0.911336,1.81179
E6:depth=4096:pt=2/n,256,0.2,8,0.091507,0.00141179,24.5,0.25,1,nan,nan,nan,nan,nan,0.906694,1.53956
E6:depth=4096:pt=2/n,256,0.22,8,0.067852,0.00164684,15.25,0,0.875,nan,nan,nan,nan,nan,0.899299,1.47904
E6:depth=4096:pt=2/n,256,0.25,8,0.0448551,0.00130152,10.25,0,0.125,nan,nan,nan,nan,nan,0.886323,1.46855
E6:depth=4096:pt=2/n,256,0.3,8,0.0286293,0.000664188,6,0,0,nan,nan,nan,nan,nan,0.872941,1.44685
E7:depth=4096:pt=2/n,128,0.18,8,0.175695,0.000951895,20.625,1,1,nan,nan,nan,nan,nan,0.888279,0.591525
E7:depth=4096:pt=2/n,128,0.22,8,0.109538,0.00124242,11.5,0.25,1,nan,nan,nan,nan,nan,0.880472,0.455487
E7:depth=4096:pt=2/n,128,0.25,8,0.0828714,0.000755312,11.625,0.5,0.875,nan,nan,nan,nan,nan,0.874362,0.416137
E7:depth=4096:pt=2/n,256,0.18,8,0.118166,0.00140298,31.25,0.875,1,nan,nan,nan,nan,nan,0.911849,1.79925
E7:depth=4096:pt=2/n,256,0.22,8,0.0660591,0.000758302,14.625,0,0.875,nan,nan,nan,nan,nan,0.899242,1.50336
E7:depth=4096:pt=2/n,256,0.25,8,0.0460515,0.000425049,12.5,0,0.5,nan,nan,nan,nan,nan,0.890178,1.45408
E7:depth=4096:pt=2/n,512,0.18,8,0.0756109,0.00093544,37.375,0.125,1,nan,nan,nan,nan,nan,0.923591,5.72931
E7:depth=4096:pt=2/n,512,0.22,8,0.0358996,0.000545287,17.75,0,0,nan,nan,nan,nan,nan,0.905962,5.02431
E7:depth=4096:pt=2/n,512,0.25,8,0.0244052,0.000292754,10.375,0,0,nan,nan,nan,nan,nan,0.894103,4.96572
E7:depth=4096:pt=2/n,1024,0.18,4,0.0461364,0.000753569,40.5,0,0,nan,nan,nan,nan,nan,0.932401,21.4536
E7:depth=4096:pt=2/n,1024,0.22,4,0.0189364,0.000248647,26.75,0,0,nan,nan,nan,nan,nan,0.913612,21.0808
E7:depth=4096:pt=2/n,1024,0.25,4,0.0122643,0.000134674,16,0,0,nan,nan,nan,nan,nan,0.899046,21.3086
exact:pt=1/n,32,0.16,40,0.302051,0.00719888,9.975,1,1,0.875,6.275,nan,nan,nan,0.855934,0.0829275
exact:pt=1/n,32,0.18,40,0.246387,0.00670384,8.025,0.975,1,0.875,5.4,nan,nan,nan,0.850927,0.024775
exact:pt=1/n,32,0.2,40,0.217432,0.007013,7.425,1,1,0.925,5.025,nan,nan,nan,0.850781,0.0076325
exact:pt=1/n,32,0.22,40,0.180029,0.00745596,5.8,0.875,0.975,0.825,4.2,nan,nan,nan,0.848096,0.0032275
exact:pt=1/n,32,0.25,40,0.138306,0.00611122,4.125,0.625,0.9,0.75,2.9,nan,nan,nan,0.851732,0.002205
exact:pt=1/n,32,0.3,40,0.102856,0.00388906,3,0.325,0.775,0.525,2.125,nan,nan,nan,0.840301,0.0015925
exact:pt=1/n,64,0.16,30,0.215145,0.00421128,14.0667,1,1,1.56667,8.73333,nan,nan,nan,0.892691,1.99938
exact:pt=1/n,64,0.18,40,0.177484,0.00368929,11.375,1,1,1.425,7.475,nan,nan,nan,0.887185,0.283208
exact:pt=1/n,64,0.2,40,0.138409,0.00338823,8.4,0.775,0.95,1.35,5.95,nan,nan,nan,0.883062,0.079835
exact:pt=1/n,64,0.22,40,0.113336,0.00328251,7.25,0.625,0.95,1.55,5.525,nan,nan,nan,0.888053,0.035015
exact:pt=1/n,64,0.25,40,0.0804504,0.00207193,5.4,0.275,0.775,0.95,3.85,nan,nan,nan,0.87928,0.018835
exact:pt=1/n,64,0.3,40,0.0558838,0.00185864,3.325,0.05,0.45,0.75,2.425,nan,nan,nan,0.867608,0.0095975
exact:pt=1/n,128,0.18,7,0.107317,0.00447388,14.4286,0.571429,1,2,9.28571,nan,nan,nan,0.915811,4.50096
exact:pt=1/n,128,0.2,29,0.0866952,0.00189556,9.65517,0.137931,0.862069,1.75862,7.03448,nan,nan,nan,0.900259,0.885934
exact:pt=1/n,128,0.22,30,0.0646057,0.00141007,8.73333,0.1,0.8,1.4,6.3,nan,nan,nan,0.901505,0.21466
exact:pt=1/n,128,0.25,30,0.0450846,0.00123501,5.13333,0,0.2,1.3,4.33333,nan,nan,nan,0.881818,0.07088
exact:pt=1/n,128,0.3,30,0.0269999,0.000873452,3.26667,0,0.0333333,0.733333,2.56667,nan,nan,nan,0.868776,0.0616833
exact:pt=1/n,256,0.2,6,0.0539983,0.000550762,11.6667,0,0.333333,1.5,5.66667,nan,nan,nan,0.917314,3.84747
exact:pt=1/n,256,0.22,19,0.0381759,0.000831062,10.9474,0,0.263158,1.73684,7,nan,nan,nan,0.907942,0.616889
exact:pt=1/n,256,0.25,20,0.0239052,0.000429013,6.15,0,0,1.2,3.8,nan,nan,nan,0.893781,0.35521
exact:pt=1/n,256,0.3,20,0.0138863,0.000316929,3.9,0,0,1.1,3.5,nan,nan,nan,0.877611,0.351545
exact:pt=1/n,1024,0.25,3,0.00642172,0.000177319,7.33333,0,0,1.33333,4.33333,nan,nan,nan,0.901064,33.8397
exact:pt=1/n,1024,0.3,3,0.00347741,0.000152073,5,0,0,0.666667,3.33333,nan,nan,nan,0.881598,39.6059
exact:pt=1/n,2048,0.25,1,0.00327325,nan,7,0,0,2,7,nan,nan,nan,0.909817,136.103
exact:pt=1/n,2048,0.3,1,0.00173068,nan,7,0,0,1,5,nan,nan,nan,0.879648,141.708
exact:pt=2/n,32,0.16,40,0.37832,0.00627733,12.275,1,1,0.725,7.275,nan,nan,nan,0.755543,0.600933
exact:pt=2/n,32,0.18,40,0.351978,0.0075866,10.95,1,1,0.525,6.1,nan,nan,nan,0.775818,0.337118
exact:pt=2/n,32,0.2,40,0.301416,0.00647208,9.85,0.975,1,0.45,5.8,nan,nan,nan,0.78098,0.139345
exact:pt=2/n,32,0.22,40,0.264526,0.00596087,8.775,0.975,1,0.525,5.2,nan,nan,nan,0.784154,0.057385
exact:pt=2/n,32,0.25,40,0.22605,0.00599888,7.3,0.9,1,0.6,4.45,nan,nan,nan,0.79586,0.0416475
exact:pt=2/n,32,0.3,40,0.160205,0.00386724,5.2,0.775,1,0.575,3.45,nan,nan,nan,0.802518,0.00358
exact:pt=2/n,64,0.18,2,0.250732,0.0151367,12.5,1,1,1,8,nan,nan,nan,0.834653,12.1829
exact:pt=2/n,64,0.2,20,0.209314,0.00404432,14.4,1,1,0.65,7.7,nan,nan,nan,0.845091,3.39018
exact:pt=2/n,64,0.22,34,0.18121,0.00342055,11.6471,1,1,0.970588,7.20588,nan,nan,nan,0.850721,1.04694
exact:pt=2/n,64,0.25,40,0.142676,0.0028494,8.95,0.875,0.975,0.95,5.925,nan,nan,nan,0.84646,0.178915
exact:pt=2/n,64,0.3,40,0.0947327,0.00270893,5.85,0.35,0.8,0.6,3.75,nan,nan,nan,0.843251,0.0331325
exact:pt=2/n,128,0.22,2,0.105408,0.00170898,11.5,0,1,1.5,6.5,nan,nan,nan,0.871649,6.37975
exact:pt=2/n,128,0.25,25,0.0817822,0.00169517,11.08,0.36,0.88,1.04,7.48,nan,nan,nan,0.878828,1.18096
exact:pt=2/n,128,0.3,30,0.0525452,0.00131821,7.2,0,0.6,0.933333,4.53333,nan,nan,nan,0.862592,0.138137
exact:pt=2/n,256,0.25,8,0.0453854,0.000865505,14.375,0,0.5,1.625,8.625,nan,nan,nan,0.886602,4.5155
exact:pt=2/n,256,0.3,20,0.0268799,0.00043238,6.55,0,0.05,1.15,4.7,nan,nan,nan,0.868998,0.445625
pt=0,16,0.1,200,0,0,0,0,0,3.685,3.685,-1.24,-1.24,0.0764278,0,0.000262
pt=0,16,0.12,200,0,0,0,0,0,3.48,3.48,-1.015,-1.015,0.0724578,0,0.000309
pt=0,16,0.13,200,0,0,0,0,0,3.22,3.22,-0.765,-0.765,0.0613817,0,0.000322
pt=0,16,0.14,200,0,0,0,0,0,2.91,2.91,-0.65,-0.65,0.0583483,0,0.0002815
pt=0,16,0.15,200,0,0,0,0,0,2.655,2.655,-0.515,-0.515,0.0525613,0,0.0002815
pt=0,16,0.16,200,0,0,0,0,0,2.44,2.44,-0.355,-0.355,0.0480251,0,0.000382
pt=0,16,0.17,200,0,0,0,0,0,2.38,2.38,-0.435,-0.435,0.054716,0,0.000292
pt=0,16,0.18,200,0,0,0,0,0,2.145,2.145,-0.22,-0.22,0.0348435,0,0.0002515
pt=0,16,0.19,200,0,0,0,0,0,2.085,2.085,-0.22,-0.22,0.0355573,0,0.000308
pt=0,16,0.2,200,0,0,0,0,0,1.915,1.915,-0.13,-0.13,0.0294932,0,0.0002935
pt=0,16,0.22,200,0,0,0,0,0,1.625,1.625,-0.11,-0.11,0.0263242,0,0.000251
pt=0,16,0.25,200,0,0,0,0,0,1.185,1.185,-0.04,-0.04,0.0171309,0,0.0003055
pt=0,32,0.1,200,0,0,0,0,0,6.725,6.725,-2.5,-2.5,0.112977,0,0.0017395
pt=0,32,0.12,200,0,0,0,0,0,5.35,5.35,-1.495,-1.495,0.0935072,0,0.001427
pt=0,32,0.13,200,0,0,0,0,0,4.92,4.92,-1.09,-1.09,0.0780381,0,0.0018935
pt=0,32,0.14,200,0,0,0,0,0,4.44,4.44,-0.87,-0.87,0.0717022,0,0.001665
pt=0,32,0.15,200,0,0,0,0,0,4.225,4.225,-0.675,-0.675,0.0641675,0,0.001711
pt=0,32,0.16,200,0,0,0,0,0,3.62,3.62,-0.485,-0.485,0.0567005,0,0.00198
pt=0,32,0.17,200,0,0,0,0,0,3.375,3.375,-0.35,-0.35,0.0489847,0,0.001664
pt=0,32,0.18,200,0,0,0,0,0,2.855,2.855,-0.245,-0.245,0.0428258,0,0.0017045
pt=0,32,0.19,200,0,0,0,0,0,2.595,2.595,-0.19,-0.19,0.0384303,0,0.0019845
pt=0,32,0.2,200,0,0,0,0,0,2.275,2.275,-0.075,-0.075,0.0244923,0,0.0017645
pt=0,32,0.22,200,0,0,0,0,0,1.955,1.955,-0.04,-0.04,0.0210766,0,0.0014905
pt=0,32,0.25,200,0,0,0,0,0,1.315,1.315,-0.01,-0.01,0.00705328,0,0.0018225
pt=0,64,0.1,150,0,0,0,0,0,11.0533,11.0533,-5.1,-5.1,0.181653,0,0.0135907
pt=0,64,0.12,150,0,0,0,0,0,8.70667,8.70667,-2.99333,-2.99333,0.141736,0,0.011838
pt=0,64,0.13,150,0,0,0,0,0,7.69333,7.69333,-2.11333,-2.11333,0.122076,0,0.011844
pt=0,64,0.14,150,0,0,0,0,0,6.05333,6.05333,-1.18,-1.18,0.10747,0,0.0122693
pt=0,64,0.15,150,0,0,0,0,0,5.50667,5.50667,-0.553333,-0.553333,0.0698587,0,0.012178
pt=0,64,0.16,150,0,0,0,0,0,4.61333,4.61333,-0.42,-0.42,0.0600298,0,0.0120193
pt=0,64,0.17,150,0,0,0,0,0,3.88667,3.88667,-0.22,-0.22,0.0490354,0,0.0114427
pt=0,64,0.18,150,0,0,0,0,0,3.21333,3.21333,-0.0866667,-0.0866667,0.0326827,0,0.010834
pt=0,64,0.19,150,0,0,0,0,0,2.82,2.82,-0.0133333,-0.0133333,0.0211243,0,0.01138
pt=0,64,0.2,150,0,0,0,0,0,2.36,2.36,-0.04,-0.04,0.0160536,0,0.0110347
pt=0,64,0.22,150,0,0,0,0,0,1.99333,1.99333,-0.00666667,-0.00666667,0.0115728,0,0.00976133
pt=0,64,0.25,150,0,0,0,0,0,1.35333,1.35333,0,0,0,0,0.00996133
pt=0,128,0.1,100,0,0,0,0,0,19.18,19.18,-11.02,-11.02,0.2659,0,0.097553
pt=0,128,0.12,100,0,0,0,0,0,13.62,13.62,-5.76,-5.76,0.245822,0,0.077608
pt=0,128,0.13,100,0,0,0,0,0,11.33,11.33,-3.87,-3.87,0.19574,0,0.076615
pt=0,128,0.14,100,0,0,0,0,0,9.41,9.41,-2.22,-2.22,0.150809,0,0.076477
pt=0,128,0.15,100,0,0,0,0,0,7.52,7.52,-1.03,-1.03,0.118454,0,0.072309
pt=0,128,0.16,100,0,0,0,0,0,5.11,5.11,-0.39,-0.39,0.0709175,0,0.079552
pt=0,128,0.17,100,0,0,0,0,0,4.47,4.47,-0.14,-0.14,0.0426875,0,0.065719
pt=0,128,0.18,100,0,0,0,0,0,3.52,3.52,0,0,0.0142134,0,0.063853
pt=0,128,0.19,100,0,0,0,0,0,2.87,2.87,0,0,0,0,0.064706
pt=0,128,0.2,100,0,0,0,0,0,2.57,2.57,0,0,0,0,0.057768
pt=0,128,0.22,100,0,0,0,0,0,1.96,1.96,0,0,0,0,0.056098
pt=0,128,0.25,100,0,0,0,0,0,1.27,1.27,0,0,0,0,0.053854
pt=0,256,0.1,48,0,0,0,0,0,31.625,31.625,-21.2708,-21.2708,0.50154,0,0.733627
pt=0,256,0.12,48,0,0,0,0,0,22.6875,22.6875,-12.0625,-12.0625,0.459732,0,0.801727
pt=0,256,0.13,48,0,0,0,0,0,18.2292,18.2292,-8.64583,-8.64583,0.37008,0,0.745573
pt=0,256,0.14,48,0,0,0,0,0,13.875,13.875,-5.0625,-5.0625,0.36998,0,0.678998
pt=0,256,0.15,48,0,0,0,0,0,10.4792,10.4792,-1.8125,-1.8125,0.226083,0,0.628658
pt=0,256,0.16,48,0,0,0,0,0,6.64583,6.64583,-0.5625,-0.5625,0.122425,0,0.505735
pt=0,256,0.17,48,0,0,0,0,0,4.3125,4.3125,-0.0416667,-0.0416667,0.0291477,0,0.48999
pt=0,256,0.18,48,0,0,0,0,0,3.77083,3.77083,0,0,0,0,0.493315
pt=0,256,0.19,48,0,0,0,0,0,3.1875,3.1875,0,0,0,0,0.513729
pt=0,256,0.2,48,0,0,0,0,0,2.64583,2.64583,0,0,0,0,0.420927
pt=0,256,0.22,48,0,0,0,0,0,1.97917,1.97917,0,0,0,0,0.427613
pt=0,256,0.25,48,0,0,0,0,0,1.20833,1.20833,0,0,0,0,0.433273
pt=0.01,16,0.02,100,0.498906,0.0155794,8.89,1,1,2.13,7.2,nan,nan,nan,0.973469,0.000144
pt=0.01,16,0.05,100,0.445312,0.010912,7.69,1,1,1.92,6.39,nan,nan,nan,0.949304,0.000214
pt=0.01,16,0.08,100,0.358008,0.0120061,6,0.98,1,1.91,5.54,nan,nan,nan,0.93662,0.000218
pt=0.01,16,0.1,100,0.311484,0.00995416,5.19,0.99,0.99,1.7,4.95,nan,nan,nan,0.944821,0.00023
pt=0.01,16,0.12,100,0.255937,0.0084899,4.18,1,1,1.93,4.64,nan,nan,nan,0.925926,0.000264
pt=0.01,16,0.14,100,0.199492,0.00808212,3.24,0.86,0.98,1.73,3.86,nan,nan,nan,0.931774,0.000247
pt=0.01,16,0.16,100,0.157812,0.00735061,2.6,0.79,0.96,1.57,3.16,nan,nan,nan,0.90566,0.000385
pt=0.01,16,0.18,100,0.121602,0.00604967,2.13,0.69,0.92,1.49,2.93,nan,nan,nan,0.905983,0.000474
pt=0.01,16,0.2,100,0.0884375,0.00626958,1.43,0.37,0.84,1.48,2.42,nan,nan,nan,0.893617,0.000373
pt=0.01,16,0.25,100,0.0569141,0.00467804,0.91,0.26,0.59,0.89,1.44,nan,nan,nan,0.863424,0.000234
pt=0.01,16,0.3,100,0.03,0.00307121,0.57,0.1,0.46,0.74,1.1,nan,nan,nan,0.856725,0.000442
pt=0.01,16,0.4,100,0.0176172,0.0020053,0.3,0.05,0.24,0.52,0.72,nan,nan,nan,0.831647,0.00026
pt=0.01,16,0.5,100,0.00945312,0.00108966,0.25,0.04,0.2,0.29,0.39,nan,nan,nan,0.837051,0.000233
pt=0.01,32,0.02,100,0.778262,0.00417156,25.3,1,1,0.87,14.2,nan,nan,nan,0.884125,0.001031
pt=0.01,32,0.05,100,0.589141,0.0045371,18.7,1,1,1.44,11.41,nan,nan,nan,0.91039,0.001375
pt=0.01,32,0.08,100,0.436553,0.00506913,13.78,1,1,1.82,9.65,nan,nan,nan,0.921368,0.001736
pt=0.01,32,0.1,100,0.361455,0.00477173,11.67,1,1,1.91,8.26,nan,nan,nan,0.918449,0.001588
pt=0.01,32,0.12,100,0.292852,0.00527125,9.5,1,1,1.9,7.19,nan,nan,nan,0.918469,0.002093
pt=0.01,32,0.14,100,0.231084,0.004813,7.46,0.98,1,2.05,6.46,nan,nan,nan,0.918455,0.002292
pt=0.01,32,0.16,100,0.174316,0.00446913,5.65,0.87,1,1.94,5.37,nan,nan,nan,0.913659,0.002128
pt=0.01,32,0.18,100,0.142598,0.00435637,4.2,0.63,0.97,1.62,4.1,nan,nan,nan,0.905962,0.00206
pt=0.01,32,0.2,100,0.102744,0.00401128,3.31,0.44,0.85,1.46,3.5,nan,nan,nan,0.901564,0.001898
pt=0.01,32,0.25,100,0.0568457,0.00284644,1.8,0.13,0.48,1.04,2.1,nan,nan,nan,0.882688,0.001457
pt=0.01,32,0.3,100,0.0348633,0.0016416,1.04,0.01,0.24,0.89,1.43,nan,nan,nan,0.873078,0.001365
pt=0.01,32,0.4,100,0.0169434,0.000836897,0.45,0,0.06,0.49,0.74,nan,nan,nan,0.851364,0.001826
pt=0.01,32,0.5,100,0.00876953,0.000560216,0.36,0,0.06,0.26,0.47,nan,nan,nan,0.827611,0.001853
pt=0.01,64,0.02,60,0.78394,0.00300095,50.4667,1,1,0.933333,27.0833,nan,nan,nan,0.788955,0.00853833
pt=0.01,64,0.05,60,0.581425,0.00331044,36.45,1,1,1.76667,20.9167,nan,nan,nan,0.870665,0.01063
pt=0.01,64,0.08,60,0.445695,0.00361878,28.6667,1,1,1.78333,17.1,nan,nan,nan,0.903884,0.01366
pt=0.01,64,0.1,60,0.363029,0.00349569,24.2833,1,1,1.86667,14.9667,nan,nan,nan,0.908139,0.0121433
pt=0.01,64,0.12,60,0.286755,0.00396946,18.1833,1,1,2.13333,11.9833,nan,nan,nan,0.915105,0.0135567
pt=0.01,64,0.14,60,0.236515,0.00379598,14.6833,1,1,1.86667,9.85,nan,nan,nan,0.911018,0.0136183
pt=0.01,64,0.16,60,0.178984,0.0034879,11.1833,0.933333,1,1.98333,8.01667,nan,nan,nan,0.912231,0.0115
pt=0.01,64,0.18,60,0.140723,0.00309462,9.15,0.866667,1,1.55,6.3,nan,nan,nan,0.905072,0.00989333
pt=0.01,64,0.2,60,0.108093,0.00273705,6.9,0.583333,0.9,1.48333,5.23333,nan,nan,nan,0.905052,0.0101233
pt=0.01,64,0.25,60,0.056604,0.00175682,3.71667,0.0833333,0.466667,1.2,3.31667,nan,nan,nan,0.889493,0.00843667
pt=0.01,64,0.3,60,0.0341227,0.00116271,2.31667,0.0333333,0.166667,0.75,2.08333,nan,nan,nan,0.869187,0.007125
pt=0.01,64,0.4,60,0.0167806,0.000578496,0.966667,0,0.0333333,0.466667,1.03333,nan,nan,nan,0.845422,0.00785667
pt=0.01,64,0.5,60,0.00892334,0.000394153,0.55,0,0,0.2,0.416667,nan,nan,nan,0.825581,0.00886333
pt=0.01,128,0.02,40,0.782469,0.00185915,99.75,1,1,0.625,51.15,nan,nan,nan,0.727514,0.0787475
pt=0.01,128,0.05,40,0.586613,0.00177674,75.55,1,1,1.6,40.775,nan,nan,nan,0.86152,0.089465
pt=0.01,128,0.08,40,0.446725,0.00236403,57.125,1,1,1.65,31.55,nan,nan,nan,0.899107,0.0957075
pt=0.01,128,0.1,40,0.365192,0.0023248,46.05,1,1,2.025,25.95,nan,nan,nan,0.906803,0.096835
pt=0.01,128,0.12,40,0.292889,0.00273296,38.025,1,1,1.925,21.8,nan,nan,nan,0.912372,0.091425
pt=0.01,128,0.14,40,0.231128,0.00212177,29.95,1,1,2.35,17.275,nan,nan,nan,0.911178,0.0829675
pt=0.01,128,0.16,40,0.181274,0.00199667,22.925,1,1,2.1,15.025,nan,nan,nan,0.908605,0.076175
pt=0.01,128,0.18,40,0.139961,0.0016154,18.075,0.9,1,1.575,11.325,nan,nan,nan,0.907447,0.0651675
pt=0.01,128,0.2,40,0.104048,0.0015712,13.95,0.575,1,1.8,9.275,nan,nan,nan,0.900226,0.0589025
pt=0.01,128,0.25,40,0.0556351,0.00101132,7.65,0.075,0.625,1.05,5.175,nan,nan,nan,0.884118,0.0512875
pt=0.01,128,0.3,40,0.0341904,0.000801878,4.45,0,0.125,0.85,3.175,nan,nan,nan,0.872059,0.0523925
pt=0.01,128,0.4,40,0.0165497,0.000398036,2.1,0,0,0.5,1.65,nan,nan,nan,0.846204,0.052935
pt=0.01,128,0.5,40,0.00951385,0.000235975,0.975,0,0,0.3,0.75,nan,nan,nan,0.831849,0.056565
pt=0.01,256,0.02,20,0.784844,0.00152264,199.45,1,1,1.1,101.85,nan,nan,nan,0.709051,1.05324
pt=0.01,256,0.05,20,0.589694,0.0017769,149.15,1,1,1.65,76.9,nan,nan,nan,0.851437,1.48037
pt=0.01,256,0.08,20,0.445994,0.0016101,114.15,1,1,1.85,60.6,nan,nan,nan,0.894053,1.68697
pt=0.01,256,0.1,20,0.364219,0.00174901,93.5,1,1,2.15,48.8,nan,nan,nan,0.904806,1.59068
pt=0.01,256,0.12,20,0.294692,0.00134841,71.6,1,1,2,39.4,nan,nan,nan,0.911975,1.54251
pt=0.01,256,0.14,20,0.231086,0.00168168,59.75,1,1,2.2,33.1,nan,nan,nan,0.911227,1.40112
pt=0.01,256,0.16,20,0.179765,0.00187075,46.9,1,1,1.95,26.75,nan,nan,nan,0.908132,1.07517
pt=0.01,256,0.18,20,0.138361,0.00155736,35.3,0.95,1,1.65,19.75,nan,nan,nan,0.908522,0.796275
pt=0.01,256,0.2,20,0.104746,0.000845163,25.8,0.45,1,1.75,15,nan,nan,nan,0.898681,0.62549
pt=0.01,256,0.25,20,0.0568985,0.000903445,14.95,0,0.7,0.8,8,nan,nan,nan,0.885224,0.573145
pt=0.01,256,0.3,20,0.0347,0.000504147,9.2,0,0.15,0.7,5.45,nan,nan,nan,0.874035,0.53852
pt=0.01,256,0.4,20,0.0166222,0.00015624,4.75,0,0,0.65,2.85,nan,nan,nan,0.846733,0.57235
pt=0.01,256,0.5,20,0.00921249,0.000111816,2.35,0,0,0.3,1.6,nan,nan,nan,0.827987,0.57434
pt=0.01,512,0.05,6,0.590947,0.00224924,300.167,1,1,2.16667,152.333,nan,nan,nan,0.845122,5.36447
pt=0.01,512,0.1,6,0.360069,0.000862375,181.333,1,1,2,91.8333,nan,nan,nan,0.90625,5.21995
pt=0.01,512,0.16,6,0.177982,0.000667559,88.1667,1,1,1.83333,46.5,nan,nan,nan,0.91033,37.4441
pt=0.01,512,0.2,6,0.103176,0.000609079,51.8333,0.666667,1,0.833333,27.8333,nan,nan,nan,0.898274,40.2556
pt=0.01,512,0.3,6,0.0346521,0.000430316,19,0,0.166667,0.333333,10.3333,nan,nan,nan,0.868864,6.21328
pt=0.01,512,0.5,6,0.00954882,0.000199073,4.66667,0,0,0.5,3.66667,nan,nan,nan,0.826195,2.24058
pt=0.05,16,0.02,100,0.87668,0.00557682,14.27,1,1,0.11,7.68,nan,nan,nan,0.485152,0.00031
pt=0.05,16,0.05,100,0.735117,0.00748128,11.65,1,1,0.32,6.63,nan,nan,nan,0.631353,0.000284
pt=0.05,16,0.08,100,0.597812,0.00757082,9.7,1,1,0.56,5.91,nan,nan,nan,0.714037,0.000262
pt=0.05,16,0.1,100,0.524141,0.00641463,8.53,1,1,0.6,5.28,nan,nan,nan,0.74668,0.000316
pt=0.05,16,0.12,100,0.465195,0.0084169,7.37,1,1,0.54,4.6,nan,nan,nan,0.771571,0.00023
pt=0.05,16,0.14,100,0.420898,0.00710786,6.78,1,1,0.63,4.6,nan,nan,nan,0.787605,0.000249
pt=0.05,16,0.16,100,0.357812,0.00873093,5.79,1,1,0.66,4,nan,nan,nan,0.799376,0.000356
pt=0.05,16,0.18,100,0.33207,0.00841643,5.41,0.97,1,0.61,3.85,nan,nan,nan,0.807021,0.00032
pt=0.05,16,0.2,100,0.268594,0.00774536,4.26,0.95,0.99,0.79,3.27,nan,nan,nan,0.810952,0.000286
pt=0.05,16,0.25,100,0.19375,0.00674643,2.79,0.8,0.94,0.78,2.41,nan,nan,nan,0.822536,0.000292
pt=0.05,16,0.3,100,0.137773,0.00476377,2.28,0.65,0.92,0.46,1.74,nan,nan,nan,0.815224,0.00027
pt=0.05,16,0.4,100,0.0714453,0.00317845,1.29,0.38,0.73,0.41,1.22,nan,nan,nan,0.813386,0.000293
pt=0.05,16,0.5,100,0.0408203,0.00240052,0.76,0.17,0.54,0.27,0.65,nan,nan,nan,0.809345,0.000294
pt=0.05,32,0.02,100,0.879043,0.00300885,28.34,1,1,0.09,14.58,nan,nan,nan,0.388937,0.001621
pt=0.05,32,0.05,100,0.733809,0.00392674,23.59,1,1,0.31,12.57,nan,nan,nan,0.576402,0.001345
pt=0.05,32,0.08,100,0.61332,0.00372498,19.4,1,1,0.51,10.83,nan,nan,nan,0.672638,0.001827
pt=0.05,32,0.1,100,0.537842,0.00446194,17.24,1,1,0.59,9.39,nan,nan,nan,0.72216,0.002179
pt=0.05,32,0.12,100,0.473516,0.00433976,15.38,1,1,0.62,8.93,nan,nan,nan,0.754691,0.001891
pt=0.05,32,0.14,100,0.417529,0.00404267,13.3,1,1,0.59,7.66,nan,nan,nan,0.777327,0.002066
pt=0.05,32,0.16,100,0.362344,0.00427065,11.58,1,1,0.61,6.89,nan,nan,nan,0.789415,0.001881
pt=0.05,32,0.18,100,0.31918,0.00370233,10.09,1,1,0.73,6.13,nan,nan,nan,0.798908,0.001684
pt=0.05,32,0.2,100,0.280127,0.0042866,8.62,0.97,1,0.71,5.44,nan,nan,nan,0.807287,0.001749
pt=0.05,32,0.25,100,0.187773,0.0035556,6.2,0.92,1,0.67,3.86,nan,nan,nan,0.819213,0.002197
pt=0.05,32,0.3,100,0.137334,0.00286292,4.44,0.7,0.94,0.46,2.98,nan,nan,nan,0.819976,0.002274
pt=0.05,32,0.4,100,0.0761035,0.00168279,2.48,0.22,0.72,0.33,1.71,nan,nan,nan,0.814762,0.002061
pt=0.05,32,0.5,100,0.0456348,0.00129844,1.22,0.04,0.33,0.26,0.94,nan,nan,nan,0.808221,0.002002
pt=0.05,64,0.02,60,0.881287,0.00163061,56.1667,1,1,0.1,28.8167,nan,nan,nan,0.345749,0.0123233
pt=0.05,64,0.05,60,0.73101,0.00267038,47.25,1,1,0.35,24.7,nan,nan,nan,0.554728,0.0134717
pt=0.05,64,0.08,60,0.60828,0.00255554,39.1833,1,1,0.516667,20.7,nan,nan,nan,0.662241,0.013805
pt=0.05,64,0.1,60,0.541907,0.00312675,34.75,1,1,0.383333,18.0667,nan,nan,nan,0.70662,0.0153867
pt=0.05,64,0.12,60,0.477445,0.00311182,29.8167,1,1,0.516667,16.2333,nan,nan,nan,0.744249,0.0150017
pt=0.05,64,0.14,60,0.414917,0.00256768,26.7667,1,1,0.6,14.95,nan,nan,nan,0.765719,0.0141167
pt=0.05,64,0.16,60,0.357178,0.00310264,23.7,1,1,0.55,12.5667,nan,nan,nan,0.786798,0.0147
pt=0.05,64,0.18,60,0.318054,0.00266532,19.9333,1,1,0.683333,11.45,nan,nan,nan,0.801162,0.0115583
pt=0.05,64,0.2,60,0.278263,0.00329902,17.1333,1,1,0.733333,9.73333,nan,nan,nan,0.807467,0.0114617
pt=0.05,64,0.25,60,0.192859,0.00234791,12.8333,0.966667,1,0.45,7.61667,nan,nan,nan,0.816114,0.00839167
pt=0.05,64,0.3,60,0.137183,0.00188932,8.13333,0.7,0.983333,0.6,4.91667,nan,nan,nan,0.81841,0.00835
pt=0.05,64,0.4,60,0.0759684,0.00121329,4.83333,0.25,0.75,0.383333,2.95,nan,nan,nan,0.814096,0.00816167
pt=0.05,64,0.5,60,0.0428385,0.000723342,3.11667,0.0166667,0.4,0.3,1.86667,nan,nan,nan,0.808558,0.0088
pt=0.05,128,0.02,40,0.87832,0.0011378,112.125,1,1,0.125,56.5,nan,nan,nan,0.320071,0.0926325
pt=0.05,128,0.05,40,0.731052,0.00183186,94.2,1,1,0.4,48.05,nan,nan,nan,0.541049,0.111373
pt=0.05,128,0.08,40,0.610367,0.00189491,77.3,1,1,0.475,39.8,nan,nan,nan,0.654305,0.11853
pt=0.05,128,0.1,40,0.537936,0.00158743,69.825,1,1,0.575,36.9,nan,nan,nan,0.702737,0.123622
pt=0.05,128,0.12,40,0.47296,0.0016461,60.1,1,1,0.85,31.8,nan,nan,nan,0.737731,0.123265
pt=0.05,128,0.14,40,0.416833,0.00198773,53.275,1,1,0.875,28.325,nan,nan,nan,0.764509,0.117925
pt=0.05,128,0.16,40,0.36528,0.00173778,47.475,1,1,0.65,24.475,nan,nan,nan,0.781385,0.10519
pt=0.05,128,0.18,40,0.314938,0.00143744,39.975,1,1,0.725,21.025,nan,nan,nan,0.795791,0.0849675
pt=0.05,128,0.2,40,0.27364,0.00141264,36.575,1,1,0.725,18.725,nan,nan,nan,0.805607,0.07542
pt=0.05,128,0.25,40,0.195125,0.00152943,24.375,1,1,0.675,12.875,nan,nan,nan,0.815651,0.0585075
pt=0.05,128,0.3,40,0.136378,0.00118828,18.275,0.975,1,0.6,10.05,nan,nan,nan,0.819286,0.06028
pt=0.05,128,0.4,40,0.0748352,0.000785276,8.775,0.1,0.825,0.45,4.675,nan,nan,nan,0.813854,0.06264
pt=0.05,128,0.5,40,0.0442322,0.000504518,6.075,0,0.45,0.325,3.35,nan,nan,nan,0.808247,0.0605225
pt=0.05,256,0.02,20,0.87982,0.000942148,223.5,1,1,0.05,112.7,nan,nan,nan,0.307312,1.10315
pt=0.05,256,0.05,20,0.731549,0.00105293,187,1,1,0.3,95.2,nan,nan,nan,0.533003,1.34282
pt=0.05,256,0.08,20,0.609827,0.00114254,155.9,1,1,0.55,78.75,nan,nan,nan,0.650176,1.51934
pt=0.05,256,0.1,20,0.534476,0.00108953,139.15,1,1,0.85,70.1,nan,nan,nan,0.701482,1.52381
pt=0.05,256,0.12,20,0.47366,0.00143716,118.1,1,1,0.55,61.35,nan,nan,nan,0.735512,1.41301
pt=0.05,256,0.14,20,0.414606,0.00122385,104.9,1,1,0.85,53.9,nan,nan,nan,0.763463,1.29201
pt=0.05,256,0.16,20,0.36295,0.00157744,93.1,1,1,0.85,48.35,nan,nan,nan,0.779355,1.02262
pt=0.05,256,0.18,20,0.316138,0.00118084,80.25,1,1,0.7,41.15,nan,nan,nan,0.794268,0.79947
pt=0.05,256,0.2,20,0.275872,0.00118564,72.1,1,1,0.4,37.05,nan,nan,nan,0.803593,0.59363
pt=0.05,256,0.25,20,0.192653,0.000938364,49.75,1,1,0.85,26.1,nan,nan,nan,0.816154,0.462715
pt=0.05,256,0.3,20,0.136801,0.000792511,38.05,1,1,0.35,18.75,nan,nan,nan,0.81839,0.457095
pt=0.05,256,0.4,20,0.0750732,0.000458762,19.1,0,1,0.55,11.55,nan,nan,nan,0.813923,0.46289
pt=0.05,256,0.5,20,0.0438072,0.000336475,10.75,0,0.25,0.2,5.25,nan,nan,nan,0.807685,0.487645
pt=0.05,512,0.05,6,0.730836,0.000731547,377.5,1,1,0,188.833,nan,nan,nan,0.528313,6.42107
pt=0.05,512,0.1,6,0.539314,0.00120274,274.667,1,1,0.666667,137.333,nan,nan,nan,0.698136,52.7311
pt=0.05,512,0.16,6,0.362989,0.000799166,185.667,1,1,0.833333,95.8333,nan,nan,nan,0.779828,51.2171
pt=0.05,512,0.2,6,0.274913,0.000702597,142.333,1,1,1.16667,72.3333,nan,nan,nan,0.804216,3.29478
pt=0.05,512,0.3,6,0.137425,0.00115041,69.3333,1,1,1.16667,36.6667,nan,nan,nan,0.818602,2.35262
pt=0.05,512,0.5,6,0.0444686,0.000228478,28.3333,0,0.833333,0,15.3333,nan,nan,nan,0.807232,2.63265
pt=0.2,16,0.02,100,0.936914,0.00309495,15.18,1,1,0.01,7.68,nan,nan,nan,0.160881,0.000281
pt=0.2,16,0.05,100,0.847969,0.00456411,13.66,1,1,0.02,7.17,nan,nan,nan,0.263127,0.000334
pt=0.2,16,0.08,100,0.774727,0.00467039,12.54,1,1,0.05,6.59,nan,nan,nan,0.35651,0.000411
pt=0.2,16,0.1,100,0.706367,0.00496411,11.4,1,1,0.04,6.16,nan,nan,nan,0.398514,0.000378
pt=0.2,16,0.12,100,0.672188,0.00596423,11.11,1,1,0.09,6.02,nan,nan,nan,0.443748,0.000343
pt=0.2,16,0.14,100,0.631836,0.0053437,9.89,1,1,0.11,5.28,nan,nan,nan,0.482649,0.000317
pt=0.2,16,0.16,100,0.588672,0.00627817,9.63,1,1,0.11,5.3,nan,nan,nan,0.511643,0.000311
pt=0.2,16,0.18,100,0.541836,0.00573892,8.78,1,1,0.1,4.8,nan,nan,nan,0.553563,0.000468
pt=0.2,16,0.2,100,0.510352,0.00574351,8.16,1,1,0.06,4.38,nan,nan,nan,0.567195,0.000406
pt=0.2,16,0.25,100,0.427461,0.00598682,6.82,1,1,0.1,3.91,nan,nan,nan,0.617825,0.000469
pt=0.2,16,0.3,100,0.33457,0.00621076,5.16,0.99,1,0.19,2.82,nan,nan,nan,0.652067,0.000366
pt=0.2,16,0.4,100,0.23207,0.00512513,3.83,0.92,1,0.1,2.14,nan,nan,nan,0.702678,0.000338
pt=0.2,16,0.5,100,0.147305,0.00390044,2.38,0.74,0.96,0.08,1.29,nan,nan,nan,0.730451,0.000408
pt=0.2,32,0.02,100,0.941318,0.00161275,30.18,1,1,0,15.13,nan,nan,nan,0.12551,0.002226
pt=0.2,32,0.05,100,0.85165,0.00230955,27.06,1,1,0.03,13.91,nan,nan,nan,0.240031,0.002576
pt=0.2,32,0.08,100,0.770967,0.00267916,24.27,1,1,0.05,12.31,nan,nan,nan,0.328874,0.002946
pt=0.2,32,0.1,100,0.722451,0.00335096,23.12,1,1,0.06,11.88,nan,nan,nan,0.383008,0.002634
pt=0.2,32,0.12,100,0.671045,0.00271406,21.83,1,1,0.08,11.22,nan,nan,nan,0.427892,0.002894
pt=0.2,32,0.14,100,0.631533,0.00317727,20.15,1,1,0.1,10.42,nan,nan,nan,0.463631,0.003047
pt=0.2,32,0.16,100,0.586123,0.00344115,18.64,1,1,0.16,9.72,nan,nan,nan,0.501067,0.002198
pt=0.2,32,0.18,100,0.542275,0.00335734,17.29,1,1,0.14,8.86,nan,nan,nan,0.535208,0.002259
pt=0.2,32,0.2,100,0.497207,0.00316232,16.26,1,1,0.11,8.34,nan,nan,nan,0.563017,0.001961
pt=0.2,32,0.25,100,0.414189,0.00279206,13.46,1,1,0.15,6.98,nan,nan,nan,0.617268,0.001726
pt=0.2,32,0.3,100,0.335459,0.00300239,10.65,1,1,0.17,5.78,nan,nan,nan,0.654503,0.00189
pt=0.2,32,0.4,100,0.228086,0.00239495,7.55,0.94,0.99,0.13,4.13,nan,nan,nan,0.703361,0.001781
pt=0.2,32,0.5,100,0.148184,0.00165987,4.9,0.75,0.95,0.15,2.55,nan,nan,nan,0.732771,0.001806
pt=0.2,64,0.02,60,0.939535,0.000893846,59.7667,1,1,0,29.8667,nan,nan,nan,0.109724,0.01525
pt=0.2,64,0.05,60,0.851839,0.00137744,53.8167,1,1,0,27.0833,nan,nan,nan,0.226537,0.0188583
pt=0.2,64,0.08,60,0.770203,0.00172385,49.9,1,1,0.0333333,25.1167,nan,nan,nan,0.319329,0.018855
pt=0.2,64,0.1,60,0.71932,0.00192214,45.8167,1,1,0.0666667,22.9333,nan,nan,nan,0.372275,0.0203117
pt=0.2,64,0.12,60,0.676571,0.00179594,43.1833,1,1,0.116667,21.5167,nan,nan,nan,0.417656,0.0207433
pt=0.2,64,0.14,60,0.626803,0.00206952,40.1667,1,1,0.116667,20.25,nan,nan,nan,0.459965,0.0200517
pt=0.2,64,0.16,60,0.582967,0.00193305,37.95,1,1,0.116667,19.55,nan,nan,nan,0.498286,0.0166233
pt=0.2,64,0.18,60,0.541565,0.0022424,34.9333,1,1,0.166667,18.0333,nan,nan,nan,0.527529,0.0154283
pt=0.2,64,0.2,60,0.501139,0.00208853,32.75,1,1,0.1,16.8333,nan,nan,nan,0.556158,0.0139117
pt=0.2,64,0.25,60,0.413806,0.00215911,27.2,1,1,0.15,14.1333,nan,nan,nan,0.612127,0.00984833
pt=0.2,64,0.3,60,0.341101,0.00200515,22.2,1,1,0.2,11.3833,nan,nan,nan,0.649627,0.00929167
pt=0.2,64,0.4,60,0.223494,0.00160471,14.2667,1,1,0.15,7.1,nan,nan,nan,0.704698,0.00978667
pt=0.2,64,0.5,60,0.151436,0.00147537,9.65,0.833333,1,0.133333,5.08333,nan,nan,nan,0.731036,0.0102733
pt=0.2,128,0.02,40,0.937288,0.000716394,120.05,1,1,0.025,60.5,nan,nan,nan,0.102914,0.131805
pt=0.2,128,0.05,40,0.852934,0.000904722,108.7,1,1,0,54.55,nan,nan,nan,0.217987,0.150015
pt=0.2,128,0.08,40,0.770184,0.000863351,98.6,1,1,0,49.925,nan,nan,nan,0.312867,0.158298
pt=0.2,128,0.1,40,0.720802,0.00102734,93.375,1,1,0.05,46.9,nan,nan,nan,0.366779,0.157328
pt=0.2,128,0.12,40,0.672145,0.00132869,85.475,1,1,0.125,43.4,nan,nan,nan,0.414478,0.145245
pt=0.2,128,0.14,40,0.628487,0.00141826,81.7,1,1,0.075,40.925,nan,nan,nan,0.456342,0.136057
pt=0.2,128,0.16,40,0.581126,0.00143222,73.5,1,1,0.225,37.2,nan,nan,nan,0.492856,0.120555
pt=0.2,128,0.18,40,0.539647,0.00132723,68.8,1,1,0.125,34.325,nan,nan,nan,0.52582,0.10365
pt=0.2,128,0.2,40,0.500127,0.00134842,64.5,1,1,0.075,32.775,nan,nan,nan,0.553944,0.0886375
pt=0.2,128,0.25,40,0.415405,0.00115267,52.125,1,1,0.275,27.5,nan,nan,nan,0.610854,0.0641525
pt=0.2,128,0.3,40,0.337848,0.00121539,42.55,1,1,0.175,21.725,nan,nan,nan,0.651115,0.0630675
pt=0.2,128,0.4,40,0.22599,0.000828621,28.5,1,1,0.175,14.55,nan,nan,nan,0.703001,0.06051
pt=0.2,128,0.5,40,0.150844,0.000722604,18.325,0.95,1,0.15,9.475,nan,nan,nan,0.731699,0.0642575
pt=0.2,256,0.02,20,0.939704,0.000320093,240.35,1,1,0,120.6,nan,nan,nan,0.097328,1.27286
pt=0.2,256,0.05,20,0.851021,0.00082132,218.4,1,1,0,109.5,nan,nan,nan,0.215258,1.57161
pt=0.2,256,0.08,20,0.771331,0.000662422,197.45,1,1,0.05,99.8,nan,nan,nan,0.310689,2.20661
pt=0.2,256,0.1,20,0.720303,0.000830081,183.2,1,1,0.1,92.55,nan,nan,nan,0.365336,2.32509
pt=0.2,256,0.12,20,0.670912,0.000960313,175.2,1,1,0.15,87.6,nan,nan,nan,0.412973,2.26983
pt=0.2,256,0.14,20,0.625517,0.000720603,160.15,1,1,0.05,79.8,nan,nan,nan,0.45427,2.01223
pt=0.2,256,0.16,20,0.582663,0.000839603,147.35,1,1,0.25,72.35,nan,nan,nan,0.490929,1.28504
pt=0.2,256,0.18,20,0.54083,0.000931246,139.5,1,1,0,71.2,nan,nan,nan,0.524243,0.98218
pt=0.2,256,0.2,20,0.501352,0.00072171,125.9,1,1,0.3,62.75,nan,nan,nan,0.552573,0.731585
pt=0.2,256,0.25,20,0.411797,0.00123373,104.7,1,1,0.15,53.35,nan,nan,nan,0.609894,0.429565
pt=0.2,256,0.3,20,0.338503,0.00115945,88.85,1,1,0.25,44.5,nan,nan,nan,0.650612,0.424565
pt=0.2,256,0.4,20,0.22442,0.000508343,57.65,1,1,0.2,28.3,nan,nan,nan,0.701704,0.418745
pt=0.2,256,0.5,20,0.14969,0.000539302,37.65,1,1,0.05,19.2,nan,nan,nan,0.73189,0.520825
pt=0.2,512,0.05,6,0.851225,0.000493959,436.833,1,1,0,217.167,nan,nan,nan,0.212731,44.4528
pt=0.2,512,0.1,6,0.720888,0.0011014,375.333,1,1,0.166667,189.167,nan,nan,nan,0.364221,45.3232
pt=0.2,512,0.16,6,0.582837,0.000618926,297,1,1,0,148,nan,nan,nan,0.491018,7.24502
pt=0.2,512,0.2,6,0.502676,0.00150716,252.5,1,1,0.166667,130.333,nan,nan,nan,0.551512,5.31295
pt=0.2,512,0.3,6,0.338805,0.000499753,169.333,1,1,0.333333,86.8333,nan,nan,nan,0.650435,53.3611
pt=0.2,512,0.5,6,0.149324,0.000289506,77.3333,1,1,0.166667,38.1667,nan,nan,nan,0.731361,28.719
pt=1/n,16,0.05,200,0.751582,0.00443052,12.1,1,1,0.205,6.75,-19.745,19.58,0.174073,0.567559,0.000443
pt=1/n,16,0.08,200,0.633848,0.00499258,10,1,1,0.345,5.775,-16.53,16.44,0.190333,0.659359,0.000309
pt=1/n,16,0.1,200,0.570391,0.00540904,9.235,1,1,0.415,5.545,-15.425,15.385,0.24795,0.704629,0.000449
pt=1/n,16,0.12,200,0.497969,0.0056861,8.075,1,1,0.495,5.065,-13.83,13.675,0.255503,0.733547,0.000347
pt=1/n,16,0.13,200,0.478359,0.00503809,7.6,1,1,0.495,4.805,-13.215,13.115,0.259191,0.743806,0.0003865
pt=1/n,16,0.14,200,0.442695,0.00559291,6.995,1,1,0.49,4.55,-12.345,12.175,0.221983,0.76018,0.0003835
pt=1/n,16,0.15,200,0.421875,0.0060554,6.42,1,1,0.485,4.31,-11.35,11.245,0.266067,0.752581,0.0003585
pt=1/n,16,0.16,200,0.394648,0.00621308,6.38,1,1,0.485,4.21,-11.28,11.175,0.253137,0.767176,0.000336
pt=1/n,16,0.17,200,0.376504,0.00578607,6.15,0.995,1,0.48,3.995,-10.865,10.81,0.234325,0.777613,0.0004125
pt=1/n,16,0.18,200,0.347754,0.00535637,5.565,0.98,1,0.56,3.675,-9.545,9.495,0.259474,0.778883,0.0003975
pt=1/n,16,0.2,200,0.314434,0.00527498,5.065,0.975,0.995,0.555,3.49,-9.06,8.97,0.251991,0.790583,0.0003535
pt=1/n,16,0.22,200,0.280215,0.00484021,4.345,0.965,0.99,0.52,3.035,-7.89,7.805,0.231099,0.790489,0.0004345
pt=1/n,16,0.25,200,0.225938,0.0046096,3.87,0.925,0.995,0.51,2.76,-6.915,6.89,0.227702,0.802057,0.0003855
pt=1/n,16,0.3,200,0.166836,0.00402045,2.775,0.815,0.955,0.415,1.99,-4.97,4.95,0.192825,0.801665,0.0004845
pt=1/n,16,0.4,200,0.0938086,0.00279559,1.45,0.425,0.795,0.3,1.155,-2.535,2.535,0.153988,0.809404,0.000362
pt=1/n,32,0.05,200,0.688052,0.00309784,22.15,1,1,0.57,12.275,-35.42,35.32,0.287107,0.705413,0.001972
pt=1/n,32,0.08,200,0.554658,0.00312356,18.05,1,1,0.825,10.415,-29.58,29.485,0.308046,0.782257,0.002268
pt=1/n,32,0.1,200,0.484004,0.00338875,15.73,1,1,0.905,9.45,-25.86,25.73,0.317104,0.80829,0.0021395
pt=1/n,32,0.12,200,0.412651,0.00351075,13.025,1,1,1,8.045,-21.93,21.815,0.332835,0.820794,0.0021195
pt=1/n,32,0.13,200,0.379365,0.00334269,11.915,1,1,1.01,7.75,-20.24,20.075,0.314174,0.835623,0.002111
pt=1/n,32,0.14,200,0.354185,0.00321756,11.57,0.995,1,1,7.19,-19.59,19.52,0.346786,0.832921,0.0022595
pt=1/n,32,0.15,200,0.322139,0.00337741,10.21,0.995,1,1.005,6.755,-17.56,17.49,0.355265,0.841407,0.002566
pt=1/n,32,0.16,200,0.30104,0.00324839,9.55,0.995,1,1.04,6.295,-16.345,16.275,0.320693,0.847499,0.0022765
pt=1/n,32,0.17,200,0.282451,0.00310532,8.985,0.995,1,0.975,6.05,-15.225,15.14,0.332377,0.845387,0.0020185
pt=1/n,32,0.18,200,0.255747,0.00292893,8.1,0.98,0.995,0.905,5.395,-13.975,13.93,0.325965,0.851141,0.002044
pt=1/n,32,0.2,200,0.215439,0.00288726,7.12,0.975,1,0.9,4.785,-12.265,12.215,0.280566,0.85001,0.0017515
pt=1/n,32,0.22,200,0.183599,0.00270318,5.975,0.915,0.995,0.88,4.195,-10.155,10.135,0.277199,0.850327,0.0017425
pt=1/n,32,0.25,200,0.139878,0.00229937,4.405,0.695,0.93,0.775,3.165,-7.445,7.45,0.246758,0.847927,0.002262
pt=1/n,32,0.3,200,0.0976953,0.00190539,3.09,0.355,0.825,0.615,2.315,-5.275,5.265,0.225613,0.841433,0.001623
pt=1/n,32,0.4,200,0.0476611,0.000973262,1.695,0.085,0.535,0.43,1.325,-2.85,2.85,0.175904,0.822723,0.001642
pt=1/n,64,0.05,150,0.625488,0.00201282,40.8067,1,1,1.16,22.48,-64.6133,64.5067,0.492066,0.812847,0.0156167
pt=1/n,64,0.08,150,0.480646,0.00207354,30.4867,1,1,1.56,17.5667,-48.4733,48.38,0.487214,0.866114,0.0144933
pt=1/n,64,0.1,150,0.407764,0.0021306,25.8067,1,1,1.6,15.4,-41.7133,41.6267,0.514865,0.882512,0.0153093
pt=1/n,64,0.12,150,0.337445,0.00231032,21.1067,1,1,1.55333,12.7267,-34.24,34.16,0.508512,0.888329,0.0159307
pt=1/n,64,0.13,150,0.303483,0.00210962,19.3933,1,1,1.52667,11.54,-31.36,31.3,0.473294,0.890635,0.0139587
pt=1/n,64,0.14,150,0.27791,0.00227866,17.8067,1,1,1.51333,11.1467,-29.08,29.0867,0.457453,0.892397,0.0140307
pt=1/n,64,0.15,150,0.24284,0.00227724,15.7533,1,1,1.58667,9.95333,-25.6733,25.58,0.485079,0.893411,0.013874
pt=1/n,64,0.16,150,0.221922,0.00206057,14.4533,1,1,1.38667,9.18,-23.84,23.8,0.434948,0.892771,0.0127347
pt=1/n,64,0.17,150,0.19918,0.00206401,12.8067,0.98,1,1.56667,8.58,-21.3933,21.3333,0.459929,0.891396,0.0128427
pt=1/n,64,0.18,150,0.178257,0.00184891,11.1533,0.98,1,1.52,7.66667,-18.68,18.64,0.387075,0.889655,0.0124533
pt=1/n,64,0.2,150,0.140399,0.00167806,8.90667,0.82,0.973333,1.32,6.07333,-14.5467,14.54,0.391131,0.884737,0.0116187
pt=1/n,64,0.22,150,0.113507,0.0015849,6.89333,0.553333,0.873333,1.37333,4.96,-11.4333,11.4133,0.424888,0.882741,0.010684
pt=1/n,64,0.25,150,0.0849333,0.0012096,5.42,0.273333,0.766667,0.946667,3.76,-9.06,9.05333,0.339921,0.877035,0.00915933
pt=1/n,64,0.3,150,0.0525309,0.00095238,3.36,0.0666667,0.406667,0.726667,2.48,-5.64667,5.64667,0.279843,0.865475,0.009284
pt=1/n,64,0.4,150,0.0265169,0.000535128,1.64,0,0.08,0.453333,1.29333,-2.52,2.52,0.177912,0.843743,0.00892333
pt=1/n,128,0.05,100,0.568751,0.0011726,72.66,1,1,1.95,39.02,-112.81,112.78,0.832993,0.88846,0.101313
pt=1/n,128,0.08,100,0.424927,0.00137856,54.3,1,1,2.24,29.85,-84.69,84.57,0.741101,0.916418,0.103215
pt=1/n,128,0.1,100,0.347814,0.00143098,44.34,1,1,2.32,25.3,-69.82,69.72,0.737506,0.922124,0.100116
pt=1/n,128,0.12,100,0.274064,0.00155833,34.99,1,1,2.14,20.94,-55.88,55.81,0.822448,0.924025,0.093114
pt=1/n,128,0.13,100,0.241076,0.001572,31.61,1,1,2.29,18.97,-50.75,50.69,0.771772,0.92382,0.092003
pt=1/n,128,0.14,100,0.211093,0.00134927,26.64,1,1,2.24,16.21,-43.07,43.04,0.772279,0.921254,0.089456
pt=1/n,128,0.15,100,0.185206,0.00143315,23.44,1,1,2.29,14.46,-37.2,37.15,0.692529,0.91949,0.082799
pt=1/n,128,0.16,100,0.159679,0.00149418,20.78,1,1,1.92,12.94,-33.6,33.59,0.623772,0.919383,0.078085
pt=1/n,128,0.17,100,0.137162,0.00146702,17.12,0.88,1,2.09,11.13,-27.41,27.4,0.695308,0.914884,0.073407
pt=1/n,128,0.18,100,0.119988,0.00128197,14.77,0.7,1,1.65,9.51,-23.92,23.92,0.654384,0.914048,0.070308
pt=1/n,128,0.2,100,0.0890955,0.00107111,11.14,0.31,0.91,1.78,7.57,-17.8,17.78,0.60703,0.904075,0.060368
pt=1/n,128,0.22,100,0.066264,0.000835358,8.83,0.09,0.81,1.4,6.09,-14.36,14.36,0.521366,0.899097,0.057789
pt=1/n,128,0.25,100,0.0470959,0.000692516,5.51,0.01,0.28,1.22,4.23,-8.79,8.79,0.432586,0.885282,0.053669
pt=1/n,128,0.3,100,0.0266907,0.000408226,3.29,0,0.07,0.76,2.47,-5.22,5.22,0.302708,0.871388,0.051489
pt=1/n,128,0.4,100,0.0127917,0.00020172,1.74,0,0,0.62,1.51,-2.6,2.6,0.212251,0.841085,0.053429
pt=1/n,256,0.05,60,0.530443,0.000921919,135.917,1,1,2.58333,71.3333,-207.883,207.733,1.27206,0.934337,0.867795
pt=1/n,256,0.08,60,0.37914,0.00103746,97.45,1,1,2.86667,53.2333,-149.417,149.367,1.42858,0.945589,4.57214
pt=1/n,256,0.1,60,0.297218,0.00122555,76.4667,1,1,3.35,42.4833,-117.8,117.7,1.43283,0.944138,4.46123
pt=1/n,256,0.12,60,0.225654,0.000893712,57.7333,1,1,3.18333,33.6167,-90.1333,90.0667,1.19709,0.94299,0.599878
pt=1/n,256,0.13,60,0.193259,0.000910894,49.7333,1,1,3.06667,28.5667,-77.6667,77.65,1.12588,0.940437,0.570522
pt=1/n,256,0.14,60,0.163356,0.000937009,42.0333,1,1,2.76667,24.5167,-65.4,65.3667,1.16231,0.937909,0.539098
pt=1/n,256,0.15,60,0.137206,0.00112362,34.4833,0.966667,1,2.93333,20.85,-54.2,54.1833,1.12792,0.934767,0.50116
pt=1/n,256,0.16,60,0.113774,0.000986064,29.7833,0.833333,0.983333,2.91667,18.1667,-47.1833,47.1833,1.30243,0.932022,0.452782
pt=1/n,256,0.17,60,0.0922892,0.000881984,23.65,0.266667,1,2.8,14.75,-36.75,36.7333,0.979053,0.928842,0.442898
pt=1/n,256,0.18,60,0.0765109,0.00085915,18.75,0.0166667,0.933333,2.41667,12.45,-28.75,28.75,0.926272,0.92328,0.436922
pt=1/n,256,0.2,60,0.0520098,0.000583733,12.6167,0,0.5,1.95,8.31667,-19.7667,19.7667,0.841161,0.914232,0.426448
pt=1/n,256,0.22,60,0.0374619,0.000507277,9.9,0,0.233333,1.8,6.88333,-15.8667,15.8667,0.758182,0.907451,0.463895
pt=1/n,256,0.25,60,0.0240351,0.000303362,6.35,0,0.0166667,1.33333,4.31667,-9.53333,9.53333,0.537028,0.894537,0.454137
pt=1/n,256,0.3,60,0.013868,0.000211175,3.68333,0,0,1.01667,3.11667,-5.81667,5.81667,0.474486,0.876648,0.506897
pt=1/n,256,0.4,60,0.00649211,0.000104607,1.91667,0,0,0.383333,1.43333,-3.11667,3.11667,0.352627,0.848214,0.566395
pt=1/n,512,0.05,60,0.497654,0.000530427,252.85,1,1,4.08333,131.767,-384.367,384.367,1.70856,0.961489,55.2764
pt=1/n,512,0.08,32,0.345768,0.000801221,176.844,1,1,4.3125,93.0312,-269.156,269.125,2.55587,0.960718,78.401
pt=1/n,512,0.1,24,0.262134,0.00106259,135.208,1,1,3.58333,71.75,-206.833,206.833,2.38326,0.957826,21.7781
pt=1/n,512,0.13,24,0.158781,0.000840169,81.875,1,1,4.20833,46.4167,-126.833,126.833,2.52428,0.951073,13.5198
pt=1/n,512,0.15,24,0.103181,0.000832122,54.5833,0.708333,1,3.70833,31.8333,-85.25,85.25,2.2899,0.943301,15.3992
pt=1/n,512,0.16,24,0.0806279,0.000818098,40.25,0.0416667,1,3.54167,24.0833,-62.2917,62.2917,1.63352,0.937123,2.62583
pt=1/n,512,0.17,24,0.0633821,0.000740108,33.5833,0,0.916667,3.16667,19.0833,-51.4167,51.4167,1.94854,0.936843,2.23499
pt=1/n,512,0.18,24,0.0474542,0.000561964,25.4583,0,0.583333,2.79167,15.625,-39.2083,39.2083,1.33783,0.93065,2.06754
pt=1/n,512,0.2,24,0.0291664,0.00049981,15.3333,0,0,2.625,11.0833,-24.0417,24.0417,1.53873,0.920409,2.15482
pt=1/n,512,0.25,24,0.0122123,0.000216781,5.79167,0,0,1.54167,4.66667,-9.125,9.125,0.933112,0.898773,2.16199
pt=1/n,1024,0.14,8,0.103686,0.000825187,107.25,0.875,1,4.5,61.75,nan,nan,nan,0.94952,36.0834
pt=1/n,1024,0.15,8,0.0787673,0.000553293,80.625,0,1,5.5,45.25,nan,nan,nan,0.949302,32.7267
pt=1/n,1024,0.16,8,0.055595,0.000626451,57.75,0,0.875,3.75,32.25,nan,nan,nan,0.941337,28.722
pt=1/n,1024,0.17,8,0.0402454,0.000448886,39.25,0,0,3.625,25.375,nan,nan,nan,0.937521,24.0698
pt=1/n,1024,0.18,8,0.0284852,0.000414045,30,0,0,2.375,18.25,nan,nan,nan,0.933913,22.3985
pt=2/n,32,0.14,100,0.447393,0.00433415,14.38,1,1,0.57,8.26,nan,nan,nan,0.738484,0.002346
pt=2/n,32,0.16,100,0.391562,0.00430753,12.47,1,1,0.7,7.16,nan,nan,nan,0.755934,0.001858
pt=2/n,32,0.18,100,0.351631,0.00458696,10.98,1,1,0.54,6.33,nan,nan,nan,0.772656,0.001942
pt=2/n,32,0.2,100,0.303203,0.00427173,9.62,0.98,1,0.57,5.87,nan,nan,nan,0.784153,0.001737
pt=2/n,32,0.22,100,0.264873,0.00367677,9.1,0.99,1,0.53,5.46,nan,nan,nan,0.789537,0.001756
pt=2/n,32,0.25,100,0.220449,0.00378202,7.02,0.92,1,0.52,4.19,nan,nan,nan,0.797218,0.001909
pt=2/n,32,0.3,100,0.159404,0.00296781,5.25,0.78,1,0.52,3.52,nan,nan,nan,0.804023,0.00197
pt=2/n,64,0.14,100,0.348184,0.00263033,22.55,1,1,0.97,13.17,nan,nan,nan,0.83069,0.013233
pt=2/n,64,0.16,100,0.296548,0.00235415,19.25,1,1,1.14,11.2,nan,nan,nan,0.839614,0.011702
pt=2/n,64,0.18,100,0.253823,0.00222826,16.59,1,1,1.05,9.6,nan,nan,nan,0.844803,0.011244
pt=2/n,64,0.2,100,0.213835,0.00219106,14.05,1,1,0.95,7.95,nan,nan,nan,0.850344,0.009747
pt=2/n,64,0.22,100,0.178704,0.00175778,11.46,0.96,1,0.89,7.12,nan,nan,nan,0.848603,0.008871
pt=2/n,64,0.25,100,0.140076,0.00183833,8.59,0.82,0.96,0.94,5.45,nan,nan,nan,0.847569,0.009458
pt=2/n,64,0.3,100,0.0934839,0.0014618,6.04,0.38,0.86,0.53,3.69,nan,nan,nan,0.84177,0.007894
pt=2/n,128,0.14,80,0.269814,0.00124937,34.9375,1,1,1.6125,19.75,nan,nan,nan,0.890729,0.0905638
pt=2/n,128,0.16,80,0.220809,0.00119979,28.5375,1,1,1.3625,16.1,nan,nan,nan,0.890731,0.0772875
pt=2/n,128,0.18,80,0.174353,0.00153859,22.825,1,1,1.525,13.4375,nan,nan,nan,0.889819,0.0699425
pt=2/n,128,0.2,80,0.140144,0.0013238,18.4625,0.925,1,1.2625,10.95,nan,nan,nan,0.885507,0.05971
pt=2/n,128,0.22,80,0.11213,0.00112552,14.6375,0.75,0.9875,1.25,9.1125,nan,nan,nan,0.882841,0.054355
pt=2/n,128,0.25,80,0.0816643,0.000893038,10.75,0.3,0.9125,1.075,6.9625,nan,nan,nan,0.87611,0.052545
pt=2/n,128,0.3,80,0.0519341,0.000677408,6.55,0.0125,0.4875,0.875,4.2625,nan,nan,nan,0.86229,0.0513662
pt=2/n,256,0.14,50,0.210579,0.00099792,54.38,1,1,2.44,30.26,nan,nan,nan,0.920728,0.779642
pt=2/n,256,0.16,50,0.159677,0.00109093,40.74,1,1,2.16,23.12,nan,nan,nan,0.918867,0.675656
pt=2/n,256,0.18,50,0.120372,0.000909683,29.32,0.7,1,1.78,16.62,nan,nan,nan,0.910656,0.515838
pt=2/n,256,0.2,50,0.0875595,0.000781229,22.02,0.14,0.98,1.82,12.82,nan,nan,nan,0.906813,0.365884
pt=2/n,256,0.22,50,0.0661761,0.000652784,16.98,0.02,0.82,1.84,11.2,nan,nan,nan,0.898754,0.32894
pt=2/n,256,0.25,50,0.0456442,0.00050493,12.88,0,0.52,1.16,7.7,nan,nan,nan,0.888088,0.317694
pt=2/n,256,0.3,50,0.0273779,0.000278244,6.7,0,0.02,0.96,4.4,nan,nan,nan,0.871637,0.3481
pt=2/n,512,0.14,20,0.165112,0.000820235,82.5,1,1,2.85,44.55,nan,nan,nan,0.939476,4.5007
pt=2/n,512,0.16,20,0.114549,0.00101526,57.3,0.85,1,2.9,31.25,nan,nan,nan,0.931455,12.331
pt=2/n,512,0.18,20,0.0762362,0.000625388,38.9,0,1,2.05,22.2,nan,nan,nan,0.925281,11.2748
pt=2/n,512,0.2,20,0.0518469,0.000679662,25.3,0,0.45,2.1,15.25,nan,nan,nan,0.913498,1.97113
pt=2/n,512,0.22,20,0.0365614,0.000440693,18.55,0,0.05,2.05,11.15,nan,nan,nan,0.907211,1.94829
pt=2/n,512,0.25,20,0.0234829,0.000303437,13,0,0,1.3,7.95,nan,nan,nan,0.894239,16.1378
pt=2/n,512,0.3,20,0.0140295,0.000211576,8,0,0,0.8,4.5,nan,nan,nan,0.877986,16.1336
pt=2/n,1024,0.14,8,0.129764,0.000810829,137.625,1,1,3.125,69.5,nan,nan,nan,0.946748,74.1197
pt=2/n,1024,0.16,8,0.0796977,0.000393516,79.375,0,1,3.25,43,nan,nan,nan,0.937794,46.1532
pt=2/n,1024,0.18,8,0.0473511,0.00027894,47.625,0,0,3.5,27.5,nan,nan,nan,0.929907,39.8495
pt=2/n,1024,0.2,8,0.0294571,0.000484274,30,0,0,2.75,19.625,nan,nan,nan,0.920191,126.764
pt=2/n,1024,0.22,8,0.0194383,0.000213001,19.25,0,0,1.125,10.625,nan,nan,nan,0.909162,96.8193
pt=2/n,1024,0.25,8,0.0125322,0.000140937,12.25,0,0,1.375,7.25,nan,nan,nan,0.898744,128.126
pt=2/n,1024,0.3,8,0.00724304,0.000161622,7.5,0,0,1.125,4.875,nan,nan,nan,0.880553,95.3258
