gate,rotations,d,f,live,live_max,nullity,m2
-1,0,0,0,0,0,0.000000,-0.000000
0,1,1,1,1,1,1.000000,0.036949
1,2,1,1,1,1,1.000000,0.037062
2,3,2,1,2,1,2.000000,0.279423
3,4,2,1,2,1,2.000000,0.289557
4,5,3,1,3,1,3.000000,0.290736
5,6,3,1,3,1,3.000000,0.366596
6,7,4,1,4,1,4.000000,0.767775
7,8,4,1,4,1,4.000000,0.788263
8,9,5,1,5,1,5.000000,0.811513
9,10,5,1,5,1,5.000000,0.811608
10,11,6,1,6,1,6.000000,0.932874
11,12,6,1,6,1,6.000000,1.104668
12,13,7,1,7,1,7.000000,1.307113
13,14,7,1,7,1,7.000000,1.312698
14,15,8,1,8,1,8.000000,1.470772
15,16,8,1,8,1,8.000000,1.805949
16,17,9,1,9,1,9.000000,2.198813
17,18,9,1,9,1,9.000000,2.270690
18,19,10,1,10,1,10.000000,2.682057
19,20,10,1,10,1,10.000000,2.708703
20,21,11,1,11,1,11.000000,3.103374
21,22,11,1,11,1,11.000000,3.105931
22,23,12,1,12,1,12.000000,3.248340
23,24,12,1,12,1,12.000000,3.251839
24,24,12,1,12,1,12.000000,3.251839
25,24,12,1,12,1,12.000000,3.251839
26,24,12,1,12,1,12.000000,3.251839
27,24,12,1,12,1,12.000000,3.251839
28,24,12,1,12,1,12.000000,3.251839
29,24,12,1,12,1,12.000000,3.251839
30,24,12,1,12,1,12.000000,3.251839
31,24,12,1,12,1,12.000000,3.251839
32,24,12,1,12,1,12.000000,3.251839
33,24,12,1,12,1,12.000000,3.251839
34,24,12,1,12,1,12.000000,3.251839
35,25,12,2,12,2,12.000000,3.655142
36,26,12,3,12,3,12.000000,3.862766
37,27,12,4,12,4,12.000000,3.873030
38,28,12,5,12,5,12.000000,4.057333
39,29,12,6,12,6,12.000000,4.420190
40,30,12,7,12,7,12.000000,4.795314
41,31,12,8,12,8,12.000000,4.756147
42,32,12,9,12,9,12.000000,4.769551
43,33,12,10,12,10,12.000000,4.851216
44,34,12,11,12,11,12.000000,4.861632
45,35,12,12,12,12,12.000000,5.002682
46,36,12,12,12,12,12.000000,5.382127
