kind,gate,rotations,t_count,d,f,e_stab
ck,98,24,3,1,1,0
ck,197,234,6,2,1,0
ck,296,402,12,4,1,0
ck,395,585,15,5,1,0
ck,494,807,21,7,1,0
ck,593,993,27,9,1,0
ck,692,1191,33,11,1,0
ck,791,1404,36,12,1,0
ck,890,1638,42,14,1,0
ck,989,1872,48,16,1,0
ck,1088,2106,54,18,1,0
ck,1187,2361,63,21,1,0
ck,1286,2631,69,23,1,0
ck,1385,2913,75,25,1,0
ck,1484,3201,84,28,1,0
ck,1583,3489,93,31,1,0
ck,1682,3777,102,34,1,0
ck,1781,4065,111,37,1,0
ck,1880,4350,123,41,1,0
ck,1979,4635,135,45,1,0
ck,2078,4914,153,51,1,0
ck,2177,5163,195,65,5,3
ck,2276,5427,228,76,27,14
ck,2375,5709,243,81,37,19
ck,2474,5991,258,86,47,24
ck,2573,6279,267,89,53,27
ck,2672,6564,279,93,61,31
ck,2771,6852,288,96,67,34
ck,2870,7143,294,98,71,36
ck,2969,7431,303,101,77,39
ck,3068,7713,309,103,81,41
ck,3167,7965,318,106,87,44
ck,3266,8217,324,108,91,46
ck,3365,8457,330,110,95,48
ck,3464,8685,336,112,99,50
ck,3563,8901,342,114,103,52
ck,3662,9126,348,116,106,54
ck,3761,9351,351,117,109,55
ck,3860,9537,357,119,113,57
ck,3959,9711,363,121,116,59
ck,4058,9942,366,122,119,60
ck,4157,10098,372,124,123,62
ck,4256,10308,384,126,126,64
ck,4355,10572,417,126,126,64
ck,4454,10854,432,126,126,64
ck,4553,11136,447,126,126,64
ck,4652,11424,456,126,126,64
ck,4751,11709,468,126,126,64
ck,4850,11997,477,126,126,64
ck,4949,12288,483,126,126,64
ck,5048,12576,492,126,126,64
ck,5147,12858,498,126,126,64
ck,5246,13110,507,126,126,64
ck,5345,13362,513,126,126,64
ck,5444,13602,519,126,126,64
ck,5543,13830,525,126,126,64
ck,5642,14046,531,126,126,64
ck,5741,14274,537,126,126,64
ck,5840,14496,540,126,126,64
ck,5939,14682,546,126,126,64
ck,6038,14859,552,126,126,64
ck,6137,15087,555,126,126,64
ck,6236,15243,561,126,126,64
ck,6329,15444,567,126,126,64
rot,91,1,,0,0,
rot,93,9,,1,1,
rot,96,17,,1,1,
rot,99,25,,1,0,
rot,101,33,,1,1,
rot,104,41,,1,1,
rot,107,49,,1,0,
rot,109,57,,1,1,
rot,112,65,,1,1,
rot,115,73,,1,0,
rot,117,81,,1,1,
rot,120,89,,1,1,
rot,123,97,,1,0,
rot,125,105,,1,1,
rot,128,113,,1,1,
rot,156,121,,2,0,
rot,158,129,,2,1,
rot,161,137,,2,1,
rot,164,145,,2,0,
rot,166,153,,2,1,
rot,169,161,,2,1,
rot,172,169,,2,0,
rot,174,177,,2,1,
rot,177,185,,2,1,
rot,180,193,,2,0,
rot,182,201,,2,1,
rot,185,209,,2,1,
rot,188,217,,2,0,
rot,190,225,,2,1,
rot,193,233,,2,1,
rot,220,241,,3,0,
rot,222,249,,3,1,
rot,225,257,,3,1,
rot,228,265,,3,0,
rot,230,273,,3,1,
rot,233,281,,3,1,
rot,236,289,,3,0,
rot,238,297,,3,1,
rot,241,305,,3,1,
rot,244,313,,3,0,
rot,246,321,,3,1,
rot,249,329,,3,1,
rot,252,337,,3,0,
rot,254,345,,3,1,
rot,280,353,,4,1,
rot,283,361,,4,0,
rot,285,369,,4,1,
rot,288,377,,4,1,
rot,291,385,,4,0,
rot,293,393,,4,1,
rot,296,401,,4,1,
rot,299,409,,4,0,
rot,301,417,,4,1,
rot,304,425,,4,1,
rot,307,433,,4,0,
rot,309,441,,4,1,
rot,312,449,,4,1,
rot,315,457,,4,0,
rot,317,465,,4,1,
rot,342,473,,5,1,
rot,345,481,,5,0,
rot,347,489,,5,1,
rot,350,497,,5,1,
rot,353,505,,5,0,
rot,355,513,,5,1,
rot,358,521,,5,1,
rot,361,529,,5,0,
rot,363,537,,5,1,
rot,366,545,,5,1,
rot,369,553,,5,0,
rot,371,561,,5,1,
rot,374,569,,5,1,
rot,377,577,,5,0,
rot,379,585,,5,1,
rot,403,593,,6,1,
rot,406,601,,6,0,
rot,408,609,,6,1,
rot,411,617,,6,1,
rot,414,625,,6,0,
rot,416,633,,6,1,
rot,419,641,,6,1,
rot,422,649,,6,0,
rot,424,657,,6,1,
rot,427,665,,6,1,
rot,430,673,,6,0,
rot,432,681,,6,1,
rot,435,689,,6,1,
rot,438,697,,6,0,
rot,460,705,,7,1,
rot,463,713,,7,1,
rot,466,721,,7,0,
rot,468,729,,7,1,
rot,471,737,,7,1,
rot,474,745,,7,0,
rot,476,753,,7,1,
rot,479,761,,7,1,
rot,482,769,,7,0,
rot,484,777,,7,1,
rot,487,785,,7,1,
rot,490,793,,7,0,
rot,492,801,,7,1,
rot,495,809,,7,1,
rot,498,817,,7,0,
rot,519,825,,8,1,
rot,522,833,,8,1,
rot,525,841,,8,0,
rot,527,849,,8,1,
rot,530,857,,8,1,
rot,533,865,,8,0,
rot,535,873,,8,1,
rot,538,881,,8,1,
rot,541,889,,8,0,
rot,543,897,,8,1,
rot,546,905,,8,1,
rot,549,913,,8,0,
rot,551,921,,8,1,
rot,554,929,,8,1,
rot,575,937,,8,0,
rot,577,945,,9,1,
rot,580,953,,9,1,
rot,583,961,,9,0,
rot,585,969,,9,1,
rot,588,977,,9,1,
rot,591,985,,9,0,
rot,593,993,,9,1,
rot,596,1001,,9,1,
rot,599,1009,,9,0,
rot,601,1017,,9,1,
rot,604,1025,,9,1,
rot,607,1033,,9,0,
rot,609,1041,,9,1,
rot,612,1049,,9,1,
rot,632,1057,,10,0,
rot,634,1065,,10,1,
rot,637,1073,,10,1,
rot,640,1081,,10,0,
rot,642,1089,,10,1,
rot,645,1097,,10,1,
rot,648,1105,,10,0,
rot,650,1113,,10,1,
rot,653,1121,,10,1,
rot,656,1129,,10,0,
rot,658,1137,,10,1,
rot,661,1145,,10,1,
rot,664,1153,,10,0,
rot,666,1161,,10,1,
rot,669,1169,,10,1,
rot,688,1177,,11,0,
rot,690,1185,,11,1,
rot,693,1193,,11,1,
rot,696,1201,,11,0,
rot,698,1209,,11,1,
rot,701,1217,,11,1,
rot,704,1225,,11,0,
rot,706,1233,,11,1,
rot,709,1241,,11,1,
rot,712,1249,,11,0,
rot,714,1257,,11,1,
rot,717,1265,,11,1,
rot,720,1273,,11,0,
rot,722,1281,,11,1,
rot,740,1289,,12,1,
rot,743,1297,,12,0,
rot,745,1305,,12,1,
rot,748,1313,,12,1,
rot,751,1321,,12,0,
rot,753,1329,,12,1,
rot,756,1337,,12,1,
rot,759,1345,,12,0,
rot,761,1353,,12,1,
rot,764,1361,,12,1,
rot,767,1369,,12,0,
rot,769,1377,,12,1,
rot,772,1385,,12,1,
rot,775,1393,,12,0,
rot,777,1401,,12,1,
rot,794,1409,,13,1,
rot,797,1417,,13,0,
rot,799,1425,,13,1,
rot,802,1433,,13,1,
rot,805,1441,,13,0,
rot,807,1449,,13,1,
rot,810,1457,,13,1,
rot,813,1465,,13,0,
rot,815,1473,,13,1,
rot,818,1481,,13,1,
rot,821,1489,,13,0,
rot,823,1497,,13,1,
rot,826,1505,,13,1,
rot,829,1513,,13,0,
rot,831,1521,,13,1,
rot,847,1529,,14,1,
rot,850,1537,,14,0,
rot,852,1545,,14,1,
rot,855,1553,,14,1,
rot,858,1561,,14,0,
rot,860,1569,,14,1,
rot,863,1577,,14,1,
rot,866,1585,,14,0,
rot,868,1593,,14,1,
rot,871,1601,,14,1,
rot,874,1609,,14,0,
rot,876,1617,,14,1,
rot,879,1625,,14,1,
rot,882,1633,,14,0,
rot,896,1641,,15,1,
rot,899,1649,,15,1,
rot,902,1657,,15,0,
rot,904,1665,,15,1,
rot,907,1673,,15,1,
rot,910,1681,,15,0,
rot,912,1689,,15,1,
rot,915,1697,,15,1,
rot,918,1705,,15,0,
rot,920,1713,,15,1,
rot,923,1721,,15,1,
rot,926,1729,,15,0,
rot,928,1737,,15,1,
rot,931,1745,,15,1,
rot,934,1753,,15,0,
rot,947,1761,,16,1,
rot,950,1769,,16,1,
rot,953,1777,,16,0,
rot,955,1785,,16,1,
rot,958,1793,,16,1,
rot,961,1801,,16,0,
rot,963,1809,,16,1,
rot,966,1817,,16,1,
rot,969,1825,,16,0,
rot,971,1833,,16,1,
rot,974,1841,,16,1,
rot,977,1849,,16,0,
rot,979,1857,,16,1,
rot,982,1865,,16,1,
rot,995,1873,,16,0,
rot,997,1881,,17,1,
rot,1000,1889,,17,1,
rot,1003,1897,,17,0,
rot,1005,1905,,17,1,
rot,1008,1913,,17,1,
rot,1011,1921,,17,0,
rot,1013,1929,,17,1,
rot,1016,1937,,17,1,
rot,1019,1945,,17,0,
rot,1021,1953,,17,1,
rot,1024,1961,,17,1,
rot,1027,1969,,17,0,
rot,1029,1977,,17,1,
rot,1032,1985,,17,1,
rot,1044,1993,,18,0,
rot,1046,2001,,18,1,
rot,1049,2009,,18,1,
rot,1052,2017,,18,0,
rot,1054,2025,,18,1,
rot,1057,2033,,18,1,
rot,1060,2041,,18,0,
rot,1062,2049,,18,1,
rot,1065,2057,,18,1,
rot,1068,2065,,18,0,
rot,1070,2073,,18,1,
rot,1073,2081,,18,1,
rot,1076,2089,,18,0,
rot,1078,2097,,18,1,
rot,1081,2105,,18,1,
rot,1092,2113,,19,0,
rot,1094,2121,,19,1,
rot,1097,2129,,19,1,
rot,1100,2137,,19,0,
rot,1102,2145,,19,1,
rot,1105,2153,,19,1,
rot,1108,2161,,19,0,
rot,1110,2169,,19,1,
rot,1113,2177,,19,1,
rot,1116,2185,,19,0,
rot,1118,2193,,19,1,
rot,1121,2201,,19,1,
rot,1124,2209,,19,0,
rot,1126,2217,,19,1,
rot,1136,2225,,20,1,
rot,1139,2233,,20,0,
rot,1141,2241,,20,1,
rot,1144,2249,,20,1,
rot,1147,2257,,20,0,
rot,1149,2265,,20,1,
rot,1152,2273,,20,1,
rot,1155,2281,,20,0,
rot,1157,2289,,20,1,
rot,1160,2297,,20,1,
rot,1163,2305,,20,0,
rot,1165,2313,,20,1,
rot,1168,2321,,20,1,
rot,1171,2329,,20,0,
rot,1173,2337,,20,1,
rot,1182,2345,,21,1,
rot,1185,2353,,21,0,
rot,1187,2361,,21,1,
rot,1190,2369,,21,1,
rot,1193,2377,,21,0,
rot,1195,2385,,21,1,
rot,1198,2393,,21,1,
rot,1201,2401,,21,0,
rot,1203,2409,,21,1,
rot,1206,2417,,21,1,
rot,1209,2425,,21,0,
rot,1211,2433,,21,1,
rot,1214,2441,,21,1,
rot,1217,2449,,21,0,
rot,1219,2457,,21,1,
rot,1227,2465,,22,1,
rot,1230,2473,,22,0,
rot,1232,2481,,22,1,
rot,1235,2489,,22,1,
rot,1238,2497,,22,0,
rot,1240,2505,,22,1,
rot,1243,2513,,22,1,
rot,1246,2521,,22,0,
rot,1248,2529,,22,1,
rot,1251,2537,,22,1,
rot,1254,2545,,22,0,
rot,1256,2553,,22,1,
rot,1259,2561,,22,1,
rot,1262,2569,,22,0,
rot,1268,2577,,23,1,
rot,1271,2585,,23,1,
rot,1274,2593,,23,0,
rot,1276,2601,,23,1,
rot,1279,2609,,23,1,
rot,1282,2617,,23,0,
rot,1284,2625,,23,1,
rot,1287,2633,,23,1,
rot,1290,2641,,23,0,
rot,1292,2649,,23,1,
rot,1295,2657,,23,1,
rot,1298,2665,,23,0,
rot,1300,2673,,23,1,
rot,1303,2681,,23,1,
rot,1306,2689,,23,0,
rot,1311,2697,,24,1,
rot,1314,2705,,24,1,
rot,1317,2713,,24,0,
rot,1319,2721,,24,1,
rot,1322,2729,,24,1,
rot,1325,2737,,24,0,
rot,1327,2745,,24,1,
rot,1330,2753,,24,1,
rot,1333,2761,,24,0,
rot,1335,2769,,24,1,
rot,1338,2777,,24,1,
rot,1341,2785,,24,0,
rot,1343,2793,,24,1,
rot,1346,2801,,24,1,
rot,1351,2809,,24,0,
rot,1353,2817,,25,1,
rot,1356,2825,,25,1,
rot,1359,2833,,25,0,
rot,1361,2841,,25,1,
rot,1364,2849,,25,1,
rot,1367,2857,,25,0,
rot,1369,2865,,25,1,
rot,1372,2873,,25,1,
rot,1375,2881,,25,0,
rot,1377,2889,,25,1,
rot,1380,2897,,25,1,
rot,1383,2905,,25,0,
rot,1385,2913,,25,1,
rot,1388,2921,,25,1,
rot,1392,2929,,26,0,
rot,1394,2937,,26,1,
rot,1397,2945,,26,1,
rot,1400,2953,,26,0,
rot,1402,2961,,26,1,
rot,1405,2969,,26,1,
rot,1408,2977,,26,0,
rot,1410,2985,,26,1,
rot,1413,2993,,26,1,
rot,1416,3001,,26,0,
rot,1418,3009,,26,1,
rot,1421,3017,,26,1,
rot,1424,3025,,26,0,
rot,1426,3033,,26,1,
rot,1430,3041,,27,1,
rot,1433,3049,,27,0,
rot,1435,3057,,27,1,
rot,1438,3065,,27,1,
rot,1441,3073,,27,0,
rot,1443,3081,,27,1,
rot,1446,3089,,27,1,
rot,1449,3097,,27,0,
rot,1451,3105,,27,1,
rot,1454,3113,,27,1,
rot,1457,3121,,27,0,
rot,1459,3129,,27,1,
rot,1462,3137,,27,1,
rot,1465,3145,,27,0,
rot,1468,3153,,28,1,
rot,1471,3161,,28,1,
rot,1474,3169,,28,0,
rot,1476,3177,,28,1,
rot,1479,3185,,28,1,
rot,1482,3193,,28,0,
rot,1484,3201,,28,1,
rot,1487,3209,,28,1,
rot,1490,3217,,28,0,
rot,1492,3225,,28,1,
rot,1495,3233,,28,1,
rot,1498,3241,,28,0,
rot,1500,3249,,28,1,
rot,1503,3257,,28,1,
rot,1507,3265,,29,0,
rot,1509,3273,,29,1,
rot,1512,3281,,29,1,
rot,1515,3289,,29,0,
rot,1517,3297,,29,1,
rot,1520,3305,,29,1,
rot,1523,3313,,29,0,
rot,1525,3321,,29,1,
rot,1528,3329,,29,1,
rot,1531,3337,,29,0,
rot,1533,3345,,29,1,
rot,1536,3353,,29,1,
rot,1539,3361,,29,0,
rot,1542,3369,,30,1,
rot,1545,3377,,30,1,
rot,1548,3385,,30,0,
rot,1550,3393,,30,1,
rot,1553,3401,,30,1,
rot,1556,3409,,30,0,
rot,1558,3417,,30,1,
rot,1561,3425,,30,1,
rot,1564,3433,,30,0,
rot,1566,3441,,30,1,
rot,1569,3449,,30,1,
rot,1572,3457,,30,0,
rot,1574,3465,,30,1,
rot,1578,3473,,31,1,
rot,1581,3481,,31,0,
rot,1583,3489,,31,1,
rot,1586,3497,,31,1,
rot,1589,3505,,31,0,
rot,1591,3513,,31,1,
rot,1594,3521,,31,1,
rot,1597,3529,,31,0,
rot,1599,3537,,31,1,
rot,1602,3545,,31,1,
rot,1605,3553,,31,0,
rot,1607,3561,,31,1,
rot,1611,3569,,32,1,
rot,1614,3577,,32,0,
rot,1616,3585,,32,1,
rot,1619,3593,,32,1,
rot,1622,3601,,32,0,
rot,1624,3609,,32,1,
rot,1627,3617,,32,1,
rot,1630,3625,,32,0,
rot,1632,3633,,32,1,
rot,1635,3641,,32,1,
rot,1638,3649,,32,0,
rot,1640,3657,,32,1,
rot,1644,3665,,33,1,
rot,1647,3673,,33,0,
rot,1649,3681,,33,1,
rot,1652,3689,,33,1,
rot,1655,3697,,33,0,
rot,1657,3705,,33,1,
rot,1660,3713,,33,1,
rot,1663,3721,,33,0,
rot,1665,3729,,33,1,
rot,1668,3737,,33,1,
rot,1671,3745,,33,0,
rot,1673,3753,,33,1,
rot,1677,3761,,34,1,
rot,1680,3769,,34,0,
rot,1682,3777,,34,1,
rot,1685,3785,,34,1,
rot,1688,3793,,34,0,
rot,1690,3801,,34,1,
rot,1693,3809,,34,1,
rot,1696,3817,,34,0,
rot,1698,3825,,34,1,
rot,1701,3833,,34,1,
rot,1704,3841,,34,0,
rot,1707,3849,,35,1,
rot,1710,3857,,35,1,
rot,1713,3865,,35,0,
rot,1715,3873,,35,1,
rot,1718,3881,,35,1,
rot,1721,3889,,35,0,
rot,1723,3897,,35,1,
rot,1726,3905,,35,1,
rot,1729,3913,,35,0,
rot,1731,3921,,35,1,
rot,1734,3929,,35,1,
rot,1738,3937,,36,0,
rot,1740,3945,,36,1,
rot,1743,3953,,36,1,
rot,1746,3961,,36,0,
rot,1748,3969,,36,1,
rot,1751,3977,,36,1,
rot,1754,3985,,36,0,
rot,1756,3993,,36,1,
rot,1759,4001,,36,1,
rot,1762,4009,,36,0,
rot,1765,4017,,37,1,
rot,1768,4025,,37,1,
rot,1771,4033,,37,0,
rot,1773,4041,,37,1,
rot,1776,4049,,37,1,
rot,1779,4057,,37,0,
rot,1781,4065,,37,1,
rot,1784,4073,,37,1,
rot,1787,4081,,37,0,
rot,1789,4089,,37,1,
rot,1793,4097,,38,1,
rot,1796,4105,,38,0,
rot,1798,4113,,38,1,
rot,1801,4121,,38,1,
rot,1804,4129,,38,0,
rot,1806,4137,,38,1,
rot,1809,4145,,38,1,
rot,1812,4153,,38,0,
rot,1814,4161,,38,1,
rot,1817,4169,,38,1,
rot,1821,4177,,39,0,
rot,1823,4185,,39,1,
rot,1826,4193,,39,1,
rot,1829,4201,,39,0,
rot,1831,4209,,39,1,
rot,1834,4217,,39,1,
rot,1837,4225,,39,0,
rot,1839,4233,,39,1,
rot,1842,4241,,39,1,
rot,1846,4249,,39,0,
rot,1848,4257,,40,1,
rot,1851,4265,,40,1,
rot,1854,4273,,40,0,
rot,1856,4281,,40,1,
rot,1859,4289,,40,1,
rot,1862,4297,,40,0,
rot,1864,4305,,40,1,
rot,1867,4313,,40,1,
rot,1871,4321,,40,0,
rot,1873,4329,,41,1,
rot,1876,4337,,41,1,
rot,1879,4345,,41,0,
rot,1881,4353,,41,1,
rot,1884,4361,,41,1,
rot,1887,4369,,41,0,
rot,1889,4377,,41,1,
rot,1892,4385,,41,1,
rot,1896,4393,,42,0,
rot,1898,4401,,42,1,
rot,1901,4409,,42,1,
rot,1904,4417,,42,0,
rot,1906,4425,,42,1,
rot,1909,4433,,42,1,
rot,1912,4441,,42,0,
rot,1914,4449,,42,1,
rot,1918,4457,,43,1,
rot,1921,4465,,43,0,
rot,1923,4473,,43,1,
rot,1926,4481,,43,1,
rot,1929,4489,,43,0,
rot,1931,4497,,43,1,
rot,1934,4505,,43,1,
rot,1937,4513,,43,0,
rot,1940,4521,,44,1,
rot,1943,4529,,44,1,
rot,1946,4537,,44,0,
rot,1948,4545,,44,1,
rot,1951,4553,,44,1,
rot,1954,4561,,44,0,
rot,1956,4569,,44,1,
rot,1959,4577,,44,1,
rot,1963,4585,,45,0,
rot,1965,4593,,45,1,
rot,1968,4601,,45,1,
rot,1971,4609,,45,0,
rot,1973,4617,,45,1,
rot,1976,4625,,45,1,
rot,1979,4633,,45,0,
rot,1982,4641,,46,1,
rot,1985,4649,,46,1,
rot,1988,4657,,46,0,
rot,1990,4665,,46,1,
rot,1993,4673,,46,1,
rot,1996,4681,,46,0,
rot,1998,4689,,46,1,
rot,2002,4697,,47,1,
rot,2005,4705,,47,0,
rot,2007,4713,,47,1,
rot,2010,4721,,47,1,
rot,2013,4729,,47,0,
rot,2015,4737,,47,1,
rot,2019,4745,,48,1,
rot,2022,4753,,48,0,
rot,2024,4761,,48,1,
rot,2027,4769,,48,1,
rot,2030,4777,,48,0,
rot,2032,4785,,48,1,
rot,2036,4793,,49,1,
rot,2039,4801,,49,0,
rot,2041,4809,,49,1,
rot,2044,4817,,49,1,
rot,2047,4825,,49,0,
rot,2049,4833,,49,1,
rot,2053,4841,,50,1,
rot,2056,4849,,50,0,
rot,2058,4857,,50,1,
rot,2061,4865,,50,1,
rot,2064,4873,,50,0,
rot,2067,4881,,51,1,
rot,2070,4889,,51,1,
rot,2073,4897,,51,0,
rot,2075,4905,,51,1,
rot,2078,4913,,51,1,
rot,2082,4921,,52,0,
rot,2084,4929,,52,1,
rot,2087,4937,,52,1,
rot,2090,4945,,52,0,
rot,2093,4953,,53,1,
rot,2096,4961,,53,1,
rot,2099,4969,,53,0,
rot,2101,4977,,53,1,
rot,2105,4985,,54,1,
rot,2108,4993,,54,0,
rot,2110,5001,,54,1,
rot,2113,5009,,54,1,
rot,2117,5017,,55,0,
rot,2119,5025,,55,1,
rot,2122,5033,,55,1,
rot,2126,5041,,55,0,
rot,2128,5049,,56,1,
rot,2131,5057,,56,1,
rot,2135,5065,,56,0,
rot,2137,5073,,57,1,
rot,2140,5081,,57,1,
rot,2144,5089,,58,0,
rot,2146,5097,,58,1,
rot,2150,5105,,59,1,
rot,2153,5113,,59,0,
rot,2156,5121,,60,1,
rot,2159,5129,,60,1,
rot,2163,5137,,61,0,
rot,2166,5145,,62,1,
rot,2173,5153,,64,1,
rot,2177,5161,,65,5,
rot,2180,5169,,66,7,
rot,2183,5177,,67,7,
rot,2187,5185,,67,9,
rot,2189,5193,,68,10,
rot,2193,5201,,68,11,
rot,2196,5209,,69,1,
rot,2199,5217,,69,13,
rot,2202,5225,,69,13,
rot,2206,5233,,70,14,
rot,2208,5241,,70,15,
rot,2211,5249,,70,15,
rot,2215,5257,,71,16,
rot,2217,5265,,71,17,
rot,2220,5273,,71,17,
rot,2223,5281,,72,1,
rot,2226,5289,,72,19,
rot,2229,5297,,72,19,
rot,2232,5305,,72,19,
rot,2234,5313,,73,20,
rot,2238,5321,,73,21,
rot,2241,5329,,73,21,
rot,2243,5337,,73,21,
rot,2246,5345,,74,21,
rot,2250,5353,,74,23,
rot,2252,5361,,74,23,
rot,2255,5369,,74,23,
rot,2258,5377,,74,23,
rot,2261,5385,,75,25,
rot,2264,5393,,75,25,
rot,2267,5401,,75,25,
rot,2269,5409,,75,25,
rot,2272,5417,,75,25,
rot,2276,5425,,76,27,
rot,2278,5433,,76,27,
rot,2281,5441,,76,27,
rot,2284,5449,,76,27,
rot,2286,5457,,76,27,
rot,2290,5465,,77,1,
rot,2293,5473,,77,29,
rot,2295,5481,,77,29,
rot,2298,5489,,77,29,
rot,2301,5497,,77,29,
rot,2303,5505,,77,29,
rot,2307,5513,,78,31,
rot,2310,5521,,78,31,
rot,2312,5529,,78,31,
rot,2315,5537,,78,31,
rot,2318,5545,,78,31,
rot,2320,5553,,78,31,
rot,2324,5561,,79,33,
rot,2327,5569,,79,33,
rot,2329,5577,,79,33,
rot,2332,5585,,79,33,
rot,2335,5593,,79,33,
rot,2337,5601,,79,33,
rot,2341,5609,,80,1,
rot,2344,5617,,80,35,
rot,2346,5625,,80,35,
rot,2349,5633,,80,35,
rot,2352,5641,,80,35,
rot,2354,5649,,80,35,
rot,2357,5657,,80,35,
rot,2361,5665,,81,37,
rot,2363,5673,,81,37,
rot,2366,5681,,81,37,
rot,2369,5689,,81,37,
rot,2371,5697,,81,37,
rot,2374,5705,,81,37,
rot,2377,5713,,81,37,
rot,2380,5721,,82,39,
rot,2383,5729,,82,39,
rot,2386,5737,,82,39,
rot,2388,5745,,82,39,
rot,2391,5753,,82,39,
rot,2394,5761,,82,39,
rot,2396,5769,,82,39,
rot,2399,5777,,83,39,
rot,2403,5785,,83,41,
rot,2405,5793,,83,41,
rot,2408,5801,,83,41,
rot,2411,5809,,83,41,
rot,2413,5817,,83,41,
rot,2416,5825,,83,41,
rot,2419,5833,,83,41,
rot,2421,5841,,84,42,
rot,2425,5849,,84,43,
rot,2428,5857,,84,43,
rot,2430,5865,,84,43,
rot,2433,5873,,84,43,
rot,2436,5881,,84,43,
rot,2438,5889,,84,43,
rot,2441,5897,,84,43,
rot,2444,5905,,85,1,
rot,2447,5913,,85,45,
rot,2450,5921,,85,45,
rot,2453,5929,,85,45,
rot,2455,5937,,85,45,
rot,2458,5945,,85,45,
rot,2461,5953,,85,45,
rot,2463,5961,,85,45,
rot,2466,5969,,85,45,
rot,2470,5977,,86,46,
rot,2472,5985,,86,47,
rot,2475,5993,,86,47,
rot,2478,6001,,86,47,
rot,2480,6009,,86,47,
rot,2483,6017,,86,47,
rot,2486,6025,,86,47,
rot,2488,6033,,86,47,
rot,2491,6041,,86,47,
rot,2495,6049,,87,48,
rot,2497,6057,,87,49,
rot,2500,6065,,87,49,
rot,2503,6073,,87,49,
rot,2505,6081,,87,49,
rot,2508,6089,,87,49,
rot,2511,6097,,87,49,
rot,2513,6105,,87,49,
rot,2516,6113,,87,49,
rot,2519,6121,,88,1,
rot,2522,6129,,88,51,
rot,2525,6137,,88,51,
rot,2528,6145,,88,51,
rot,2530,6153,,88,51,
rot,2533,6161,,88,51,
rot,2536,6169,,88,51,
rot,2538,6177,,88,51,
rot,2541,6185,,88,51,
rot,2544,6193,,88,51,
rot,2546,6201,,89,52,
rot,2550,6209,,89,53,
rot,2553,6217,,89,53,
rot,2555,6225,,89,53,
rot,2558,6233,,89,53,
rot,2561,6241,,89,53,
rot,2563,6249,,89,53,
rot,2566,6257,,89,53,
rot,2569,6265,,89,53,
rot,2571,6273,,89,53,
rot,2574,6281,,90,53,
rot,2578,6289,,90,55,
rot,2580,6297,,90,55,
rot,2583,6305,,90,55,
rot,2586,6313,,90,55,
rot,2588,6321,,90,55,
rot,2591,6329,,90,55,
rot,2594,6337,,90,55,
rot,2596,6345,,90,55,
rot,2599,6353,,90,55,
rot,2602,6361,,90,55,
rot,2605,6369,,91,57,
rot,2608,6377,,91,57,
rot,2611,6385,,91,57,
rot,2613,6393,,91,57,
rot,2616,6401,,91,57,
rot,2619,6409,,91,57,
rot,2621,6417,,91,57,
rot,2624,6425,,91,57,
rot,2627,6433,,91,57,
rot,2629,6441,,91,57,
rot,2632,6449,,91,57,
rot,2636,6457,,92,59,
rot,2638,6465,,92,59,
rot,2641,6473,,92,59,
rot,2644,6481,,92,59,
rot,2646,6489,,92,59,
rot,2649,6497,,92,59,
rot,2652,6505,,92,59,
rot,2654,6513,,92,59,
rot,2657,6521,,92,59,
rot,2660,6529,,92,59,
rot,2662,6537,,92,59,
rot,2666,6545,,93,1,
rot,2669,6553,,93,61,
rot,2671,6561,,93,61,
rot,2674,6569,,93,61,
rot,2677,6577,,93,61,
rot,2679,6585,,93,61,
rot,2682,6593,,93,61,
rot,2685,6601,,93,61,
rot,2687,6609,,93,61,
rot,2690,6617,,93,61,
rot,2693,6625,,93,61,
rot,2695,6633,,93,61,
rot,2699,6641,,94,63,
rot,2702,6649,,94,63,
rot,2704,6657,,94,63,
rot,2707,6665,,94,63,
rot,2710,6673,,94,63,
rot,2712,6681,,94,63,
rot,2715,6689,,94,63,
rot,2718,6697,,94,63,
rot,2720,6705,,94,63,
rot,2723,6713,,94,63,
rot,2726,6721,,94,63,
rot,2728,6729,,94,63,
rot,2732,6737,,95,65,
rot,2735,6745,,95,65,
rot,2737,6753,,95,65,
rot,2740,6761,,95,65,
rot,2743,6769,,95,65,
rot,2745,6777,,95,65,
rot,2748,6785,,95,65,
rot,2751,6793,,95,65,
rot,2753,6801,,95,65,
rot,2756,6809,,95,65,
rot,2759,6817,,95,65,
rot,2761,6825,,95,65,
rot,2765,6833,,96,1,
rot,2768,6841,,96,67,
rot,2770,6849,,96,67,
rot,2773,6857,,96,67,
rot,2776,6865,,96,67,
rot,2778,6873,,96,67,
rot,2781,6881,,96,67,
rot,2784,6889,,96,67,
rot,2786,6897,,96,67,
rot,2789,6905,,96,67,
rot,2792,6913,,96,67,
rot,2794,6921,,96,67,
rot,2797,6929,,96,67,
rot,2801,6937,,97,69,
rot,2803,6945,,97,69,
rot,2806,6953,,97,69,
rot,2809,6961,,97,69,
rot,2811,6969,,97,69,
rot,2814,6977,,97,69,
rot,2817,6985,,97,69,
rot,2819,6993,,97,69,
rot,2822,7001,,97,69,
rot,2825,7009,,97,69,
rot,2827,7017,,97,69,
rot,2830,7025,,97,69,
rot,2833,7033,,97,69,
rot,2836,7041,,98,71,
rot,2839,7049,,98,71,
rot,2842,7057,,98,71,
rot,2844,7065,,98,71,
rot,2847,7073,,98,71,
rot,2850,7081,,98,71,
rot,2852,7089,,98,71,
rot,2855,7097,,98,71,
rot,2858,7105,,98,71,
rot,2860,7113,,98,71,
rot,2863,7121,,98,71,
rot,2866,7129,,98,71,
rot,2868,7137,,98,71,
rot,2871,7145,,99,71,
rot,2875,7153,,99,73,
rot,2877,7161,,99,73,
rot,2880,7169,,99,73,
rot,2883,7177,,99,73,
rot,2885,7185,,99,73,
rot,2888,7193,,99,73,
rot,2891,7201,,99,73,
rot,2893,7209,,99,73,
rot,2896,7217,,99,73,
rot,2899,7225,,99,73,
rot,2901,7233,,99,73,
rot,2904,7241,,99,73,
rot,2907,7249,,99,73,
rot,2909,7257,,100,74,
rot,2913,7265,,100,75,
rot,2916,7273,,100,75,
rot,2918,7281,,100,75,
rot,2921,7289,,100,75,
rot,2924,7297,,100,75,
rot,2926,7305,,100,75,
rot,2929,7313,,100,75,
rot,2932,7321,,100,75,
rot,2934,7329,,100,75,
rot,2937,7337,,100,75,
rot,2940,7345,,100,75,
rot,2942,7353,,100,75,
rot,2945,7361,,100,75,
rot,2948,7369,,101,1,
rot,2951,7377,,101,77,
rot,2954,7385,,101,77,
rot,2957,7393,,101,77,
rot,2959,7401,,101,77,
rot,2962,7409,,101,77,
rot,2965,7417,,101,77,
rot,2967,7425,,101,77,
rot,2970,7433,,101,77,
rot,2973,7441,,101,77,
rot,2975,7449,,101,77,
rot,2978,7457,,101,77,
rot,2981,7465,,101,77,
rot,2983,7473,,101,77,
rot,2986,7481,,101,77,
rot,2991,7489,,102,78,
rot,2993,7497,,102,79,
rot,2996,7505,,102,79,
rot,2999,7513,,102,79,
rot,3001,7521,,102,79,
rot,3004,7529,,102,79,
rot,3007,7537,,102,79,
rot,3009,7545,,102,79,
rot,3012,7553,,102,79,
rot,3015,7561,,102,79,
rot,3017,7569,,102,79,
rot,3020,7577,,102,79,
rot,3023,7585,,102,79,
rot,3025,7593,,102,79,
rot,3028,7601,,102,79,
rot,3034,7609,,103,81,
rot,3036,7617,,103,81,
rot,3039,7625,,103,81,
rot,3042,7633,,103,81,
rot,3044,7641,,103,81,
rot,3047,7649,,103,81,
rot,3050,7657,,103,81,
rot,3052,7665,,103,81,
rot,3055,7673,,103,81,
rot,3058,7681,,103,81,
rot,3060,7689,,103,81,
rot,3063,7697,,103,81,
rot,3066,7705,,103,81,
rot,3068,7713,,103,81,
rot,3071,7721,,104,81,
rot,3078,7729,,104,83,
rot,3080,7737,,104,83,
rot,3083,7745,,104,83,
rot,3086,7753,,104,83,
rot,3088,7761,,104,83,
rot,3091,7769,,104,83,
rot,3094,7777,,104,83,
rot,3096,7785,,104,83,
rot,3099,7793,,104,83,
rot,3102,7801,,104,83,
rot,3104,7809,,104,83,
rot,3107,7817,,104,83,
rot,3110,7825,,104,83,
rot,3112,7833,,104,83,
rot,3120,7841,,105,1,
rot,3123,7849,,105,85,
rot,3125,7857,,105,85,
rot,3128,7865,,105,85,
rot,3131,7873,,105,85,
rot,3133,7881,,105,85,
rot,3136,7889,,105,85,
rot,3139,7897,,105,85,
rot,3141,7905,,105,85,
rot,3144,7913,,105,85,
rot,3147,7921,,105,85,
rot,3149,7929,,105,85,
rot,3152,7937,,105,85,
rot,3155,7945,,105,85,
rot,3157,7953,,105,85,
rot,3166,7961,,106,87,
rot,3169,7969,,106,87,
rot,3171,7977,,106,87,
rot,3174,7985,,106,87,
rot,3177,7993,,106,87,
rot,3179,8001,,106,87,
rot,3182,8009,,106,87,
rot,3185,8017,,106,87,
rot,3187,8025,,106,87,
rot,3190,8033,,106,87,
rot,3193,8041,,106,87,
rot,3195,8049,,106,87,
rot,3198,8057,,106,87,
rot,3201,8065,,106,87,
rot,3203,8073,,107,88,
rot,3213,8081,,107,89,
rot,3216,8089,,107,89,
rot,3218,8097,,107,89,
rot,3221,8105,,107,89,
rot,3224,8113,,107,89,
rot,3226,8121,,107,89,
rot,3229,8129,,107,89,
rot,3232,8137,,107,89,
rot,3234,8145,,107,89,
rot,3237,8153,,107,89,
rot,3240,8161,,107,89,
rot,3242,8169,,107,89,
rot,3245,8177,,107,89,
rot,3248,8185,,107,89,
rot,3258,8193,,108,91,
rot,3261,8201,,108,91,
rot,3264,8209,,108,91,
rot,3266,8217,,108,91,
rot,3269,8225,,108,91,
rot,3272,8233,,108,91,
rot,3274,8241,,108,91,
rot,3277,8249,,108,91,
rot,3280,8257,,108,91,
rot,3282,8265,,108,91,
rot,3285,8273,,108,91,
rot,3288,8281,,108,91,
rot,3290,8289,,108,91,
rot,3293,8297,,108,91,
rot,3296,8305,,109,1,
rot,3307,8313,,109,93,
rot,3310,8321,,109,93,
rot,3313,8329,,109,93,
rot,3315,8337,,109,93,
rot,3318,8345,,109,93,
rot,3321,8353,,109,93,
rot,3323,8361,,109,93,
rot,3326,8369,,109,93,
rot,3329,8377,,109,93,
rot,3331,8385,,109,93,
rot,3334,8393,,109,93,
rot,3337,8401,,109,93,
rot,3339,8409,,109,93,
rot,3342,8417,,109,93,
rot,3355,8425,,110,94,
rot,3357,8433,,110,95,
rot,3360,8441,,110,95,
rot,3363,8449,,110,95,
rot,3365,8457,,110,95,
rot,3368,8465,,110,95,
rot,3371,8473,,110,95,
rot,3373,8481,,110,95,
rot,3376,8489,,110,95,
rot,3379,8497,,110,95,
rot,3381,8505,,110,95,
rot,3384,8513,,110,95,
rot,3387,8521,,110,95,
rot,3389,8529,,110,95,
rot,3392,8537,,110,95,
rot,3406,8545,,111,97,
rot,3408,8553,,111,97,
rot,3411,8561,,111,97,
rot,3414,8569,,111,97,
rot,3416,8577,,111,97,
rot,3419,8585,,111,97,
rot,3422,8593,,111,97,
rot,3424,8601,,111,97,
rot,3427,8609,,111,97,
rot,3430,8617,,111,97,
rot,3432,8625,,111,97,
rot,3435,8633,,111,97,
rot,3438,8641,,111,97,
rot,3440,8649,,111,97,
rot,3443,8657,,112,97,
rot,3458,8665,,112,99,
rot,3460,8673,,112,99,
rot,3463,8681,,112,99,
rot,3466,8689,,112,99,
rot,3468,8697,,112,99,
rot,3471,8705,,112,99,
rot,3474,8713,,112,99,
rot,3476,8721,,112,99,
rot,3479,8729,,112,99,
rot,3482,8737,,112,99,
rot,3484,8745,,112,99,
rot,3487,8753,,112,99,
rot,3490,8761,,112,99,
rot,3492,8769,,112,99,
rot,3508,8777,,113,1,
rot,3511,8785,,113,101,
rot,3513,8793,,113,101,
rot,3516,8801,,113,101,
rot,3519,8809,,113,101,
rot,3521,8817,,113,101,
rot,3524,8825,,113,101,
rot,3527,8833,,113,101,
rot,3529,8841,,113,101,
rot,3532,8849,,113,101,
rot,3535,8857,,113,101,
rot,3537,8865,,113,101,
rot,3540,8873,,113,101,
rot,3543,8881,,113,101,
rot,3545,8889,,113,101,
rot,3562,8897,,114,103,
rot,3565,8905,,114,103,
rot,3567,8913,,114,103,
rot,3570,8921,,114,103,
rot,3573,8929,,114,103,
rot,3575,8937,,114,103,
rot,3578,8945,,114,103,
rot,3581,8953,,114,103,
rot,3583,8961,,114,103,
rot,3586,8969,,114,103,
rot,3589,8977,,114,103,
rot,3591,8985,,114,103,
rot,3594,8993,,114,103,
rot,3597,9001,,114,103,
rot,3599,9009,,115,104,
rot,3617,9017,,115,105,
rot,3620,9025,,115,105,
rot,3622,9033,,115,105,
rot,3625,9041,,115,105,
rot,3628,9049,,115,105,
rot,3630,9057,,115,105,
rot,3633,9065,,115,105,
rot,3636,9073,,115,105,
rot,3638,9081,,115,105,
rot,3641,9089,,115,105,
rot,3644,9097,,115,105,
rot,3646,9105,,115,105,
rot,3649,9113,,115,105,
rot,3652,9121,,115,105,
rot,3670,9129,,116,107,
rot,3673,9137,,116,107,
rot,3676,9145,,116,107,
rot,3678,9153,,116,107,
rot,3681,9161,,116,107,
rot,3684,9169,,116,107,
rot,3686,9177,,116,107,
rot,3689,9185,,116,107,
rot,3692,9193,,116,107,
rot,3694,9201,,116,107,
rot,3697,9209,,116,107,
rot,3700,9217,,116,107,
rot,3702,9225,,116,107,
rot,3705,9233,,116,107,
rot,3708,9241,,117,1,
rot,3727,9249,,117,109,
rot,3730,9257,,117,109,
rot,3733,9265,,117,109,
rot,3735,9273,,117,109,
rot,3738,9281,,117,109,
rot,3741,9289,,117,109,
rot,3743,9297,,117,109,
rot,3746,9305,,117,109,
rot,3749,9313,,117,109,
rot,3751,9321,,117,109,
rot,3754,9329,,117,109,
rot,3757,9337,,117,109,
rot,3759,9345,,117,109,
rot,3762,9353,,117,109,
rot,3783,9361,,118,110,
rot,3785,9369,,118,111,
rot,3788,9377,,118,111,
rot,3791,9385,,118,111,
rot,3793,9393,,118,111,
rot,3796,9401,,118,111,
rot,3799,9409,,118,111,
rot,3801,9417,,118,111,
rot,3804,9425,,118,111,
rot,3807,9433,,118,111,
rot,3809,9441,,118,111,
rot,3812,9449,,118,111,
rot,3815,9457,,118,111,
rot,3817,9465,,118,111,
rot,3820,9473,,118,111,
rot,3842,9481,,119,113,
rot,3844,9489,,119,113,
rot,3847,9497,,119,113,
rot,3850,9505,,119,113,
rot,3852,9513,,119,113,
rot,3855,9521,,119,113,
rot,3858,9529,,119,113,
rot,3860,9537,,119,113,
rot,3863,9545,,119,113,
rot,3866,9553,,119,113,
rot,3868,9561,,119,113,
rot,3871,9569,,119,113,
rot,3874,9577,,119,113,
rot,3876,9585,,119,113,
rot,3879,9593,,120,113,
rot,3902,9601,,120,115,
rot,3904,9609,,120,115,
rot,3907,9617,,120,115,
rot,3910,9625,,120,115,
rot,3912,9633,,120,115,
rot,3915,9641,,120,115,
rot,3918,9649,,120,115,
rot,3920,9657,,120,115,
rot,3923,9665,,120,115,
rot,3926,9673,,120,115,
rot,3928,9681,,120,115,
rot,3931,9689,,120,115,
rot,3934,9697,,120,115,
rot,3936,9705,,120,115,
rot,3960,9713,,121,1,
rot,3963,9721,,121,117,
rot,3965,9729,,121,117,
rot,3968,9737,,121,117,
rot,3971,9745,,121,117,
rot,3973,9753,,121,117,
rot,3976,9761,,121,117,
rot,3979,9769,,121,117,
rot,3981,9777,,121,117,
rot,3984,9785,,121,117,
rot,3987,9793,,121,117,
rot,3989,9801,,121,117,
rot,3992,9809,,121,117,
rot,3995,9817,,121,117,
rot,3997,9825,,121,117,
rot,4022,9833,,122,119,
rot,4025,9841,,122,119,
rot,4027,9849,,122,119,
rot,4030,9857,,122,119,
rot,4033,9865,,122,119,
rot,4035,9873,,122,119,
rot,4038,9881,,122,119,
rot,4041,9889,,122,119,
rot,4043,9897,,122,119,
rot,4046,9905,,122,119,
rot,4049,9913,,122,119,
rot,4051,9921,,122,119,
rot,4054,9929,,122,119,
rot,4057,9937,,122,119,
rot,4059,9945,,123,120,
rot,4085,9953,,123,121,
rot,4088,9961,,123,121,
rot,4090,9969,,123,121,
rot,4093,9977,,123,121,
rot,4096,9985,,123,121,
rot,4098,9993,,123,121,
rot,4101,10001,,123,121,
rot,4104,10009,,123,121,
rot,4106,10017,,123,121,
rot,4109,10025,,123,121,
rot,4112,10033,,123,121,
rot,4114,10041,,123,121,
rot,4117,10049,,123,121,
rot,4120,10057,,123,121,
rot,4146,10065,,124,123,
rot,4149,10073,,124,123,
rot,4152,10081,,124,123,
rot,4154,10089,,124,123,
rot,4157,10097,,124,123,
rot,4160,10105,,124,123,
rot,4162,10113,,124,123,
rot,4165,10121,,124,123,
rot,4168,10129,,124,123,
rot,4170,10137,,124,123,
rot,4173,10145,,124,123,
rot,4176,10153,,124,123,
rot,4178,10161,,124,123,
rot,4181,10169,,124,123,
rot,4184,10177,,125,1,
rot,4211,10185,,125,125,
rot,4214,10193,,125,125,
rot,4217,10201,,125,125,
rot,4219,10209,,125,125,
rot,4222,10217,,125,125,
rot,4225,10225,,125,125,
rot,4227,10233,,125,125,
rot,4230,10241,,125,125,
rot,4233,10249,,125,125,
rot,4235,10257,,125,125,
rot,4238,10265,,125,125,
rot,4241,10273,,125,125,
rot,4243,10281,,125,125,
rot,4246,10289,,125,125,
rot,4251,10297,,126,126,
rot,4254,10305,,126,126,
rot,4258,10313,,126,126,
rot,4262,10321,,126,126,
rot,4265,10329,,126,126,
rot,4268,10337,,126,126,
rot,4272,10345,,126,126,
rot,4274,10353,,126,126,
rot,4278,10361,,126,126,
rot,4281,10369,,126,126,
rot,4283,10377,,126,126,
rot,4287,10385,,126,126,
rot,4290,10393,,126,126,
rot,4292,10401,,126,126,
rot,4296,10409,,126,126,
rot,4299,10417,,126,126,
rot,4301,10425,,126,126,
rot,4305,10433,,126,126,
rot,4308,10441,,126,126,
rot,4310,10449,,126,126,
rot,4313,10457,,126,126,
rot,4317,10465,,126,126,
rot,4319,10473,,126,126,
rot,4322,10481,,126,126,
rot,4325,10489,,126,126,
rot,4328,10497,,126,126,
rot,4331,10505,,126,126,
rot,4334,10513,,126,126,
rot,4336,10521,,126,126,
rot,4339,10529,,126,126,
rot,4343,10537,,126,126,
rot,4345,10545,,126,126,
rot,4348,10553,,126,126,
rot,4351,10561,,126,126,
rot,4353,10569,,126,126,
rot,4357,10577,,126,126,
rot,4360,10585,,126,126,
rot,4362,10593,,126,126,
rot,4365,10601,,126,126,
rot,4368,10609,,126,126,
rot,4371,10617,,126,126,
rot,4374,10625,,126,126,
rot,4377,10633,,126,126,
rot,4379,10641,,126,126,
rot,4382,10649,,126,126,
rot,4386,10657,,126,126,
rot,4388,10665,,126,126,
rot,4391,10673,,126,126,
rot,4394,10681,,126,126,
rot,4396,10689,,126,126,
rot,4399,10697,,126,126,
rot,4403,10705,,126,126,
rot,4405,10713,,126,126,
rot,4408,10721,,126,126,
rot,4411,10729,,126,126,
rot,4413,10737,,126,126,
rot,4416,10745,,126,126,
rot,4419,10753,,126,126,
rot,4422,10761,,126,126,
rot,4425,10769,,126,126,
rot,4428,10777,,126,126,
rot,4430,10785,,126,126,
rot,4433,10793,,126,126,
rot,4436,10801,,126,126,
rot,4438,10809,,126,126,
rot,4442,10817,,126,126,
rot,4445,10825,,126,126,
rot,4447,10833,,126,126,
rot,4450,10841,,126,126,
rot,4453,10849,,126,126,
rot,4455,10857,,126,126,
rot,4458,10865,,126,126,
rot,4462,10873,,126,126,
rot,4464,10881,,126,126,
rot,4467,10889,,126,126,
rot,4470,10897,,126,126,
rot,4472,10905,,126,126,
rot,4475,10913,,126,126,
rot,4478,10921,,126,126,
rot,4481,10929,,126,126,
rot,4484,10937,,126,126,
rot,4487,10945,,126,126,
rot,4489,10953,,126,126,
rot,4492,10961,,126,126,
rot,4495,10969,,126,126,
rot,4497,10977,,126,126,
rot,4500,10985,,126,126,
rot,4504,10993,,126,126,
rot,4506,11001,,126,126,
rot,4509,11009,,126,126,
rot,4512,11017,,126,126,
rot,4514,11025,,126,126,
rot,4517,11033,,126,126,
rot,4520,11041,,126,126,
rot,4522,11049,,126,126,
rot,4526,11057,,126,126,
rot,4529,11065,,126,126,
rot,4531,11073,,126,126,
rot,4534,11081,,126,126,
rot,4537,11089,,126,126,
rot,4539,11097,,126,126,
rot,4542,11105,,126,126,
rot,4545,11113,,126,126,
rot,4547,11121,,126,126,
rot,4551,11129,,126,126,
rot,4554,11137,,126,126,
rot,4556,11145,,126,126,
rot,4559,11153,,126,126,
rot,4562,11161,,126,126,
rot,4564,11169,,126,126,
rot,4567,11177,,126,126,
rot,4570,11185,,126,126,
rot,4572,11193,,126,126,
rot,4576,11201,,126,126,
rot,4579,11209,,126,126,
rot,4581,11217,,126,126,
rot,4584,11225,,126,126,
rot,4587,11233,,126,126,
rot,4589,11241,,126,126,
rot,4592,11249,,126,126,
rot,4595,11257,,126,126,
rot,4597,11265,,126,126,
rot,4601,11273,,126,126,
rot,4604,11281,,126,126,
rot,4606,11289,,126,126,
rot,4609,11297,,126,126,
rot,4612,11305,,126,126,
rot,4614,11313,,126,126,
rot,4617,11321,,126,126,
rot,4620,11329,,126,126,
rot,4622,11337,,126,126,
rot,4625,11345,,126,126,
rot,4629,11353,,126,126,
rot,4631,11361,,126,126,
rot,4634,11369,,126,126,
rot,4637,11377,,126,126,
rot,4639,11385,,126,126,
rot,4642,11393,,126,126,
rot,4645,11401,,126,126,
rot,4647,11409,,126,126,
rot,4650,11417,,126,126,
rot,4653,11425,,126,126,
rot,4656,11433,,126,126,
rot,4659,11441,,126,126,
rot,4662,11449,,126,126,
rot,4664,11457,,126,126,
rot,4667,11465,,126,126,
rot,4670,11473,,126,126,
rot,4672,11481,,126,126,
rot,4675,11489,,126,126,
rot,4678,11497,,126,126,
rot,4680,11505,,126,126,
rot,4683,11513,,126,126,
rot,4687,11521,,126,126,
rot,4689,11529,,126,126,
rot,4692,11537,,126,126,
rot,4695,11545,,126,126,
rot,4697,11553,,126,126,
rot,4700,11561,,126,126,
rot,4703,11569,,126,126,
rot,4705,11577,,126,126,
rot,4708,11585,,126,126,
rot,4711,11593,,126,126,
rot,4713,11601,,126,126,
rot,4717,11609,,126,126,
rot,4720,11617,,126,126,
rot,4722,11625,,126,126,
rot,4725,11633,,126,126,
rot,4728,11641,,126,126,
rot,4730,11649,,126,126,
rot,4733,11657,,126,126,
rot,4736,11665,,126,126,
rot,4738,11673,,126,126,
rot,4741,11681,,126,126,
rot,4744,11689,,126,126,
rot,4747,11697,,126,126,
rot,4750,11705,,126,126,
rot,4753,11713,,126,126,
rot,4755,11721,,126,126,
rot,4758,11729,,126,126,
rot,4761,11737,,126,126,
rot,4763,11745,,126,126,
rot,4766,11753,,126,126,
rot,4769,11761,,126,126,
rot,4771,11769,,126,126,
rot,4774,11777,,126,126,
rot,4778,11785,,126,126,
rot,4780,11793,,126,126,
rot,4783,11801,,126,126,
rot,4786,11809,,126,126,
rot,4788,11817,,126,126,
rot,4791,11825,,126,126,
rot,4794,11833,,126,126,
rot,4796,11841,,126,126,
rot,4799,11849,,126,126,
rot,4802,11857,,126,126,
rot,4804,11865,,126,126,
rot,4807,11873,,126,126,
rot,4811,11881,,126,126,
rot,4813,11889,,126,126,
rot,4816,11897,,126,126,
rot,4819,11905,,126,126,
rot,4821,11913,,126,126,
rot,4824,11921,,126,126,
rot,4827,11929,,126,126,
rot,4829,11937,,126,126,
rot,4832,11945,,126,126,
rot,4835,11953,,126,126,
rot,4837,11961,,126,126,
rot,4840,11969,,126,126,
rot,4843,11977,,126,126,
rot,4846,11985,,126,126,
rot,4849,11993,,126,126,
rot,4852,12001,,126,126,
rot,4854,12009,,126,126,
rot,4857,12017,,126,126,
rot,4860,12025,,126,126,
rot,4862,12033,,126,126,
rot,4865,12041,,126,126,
rot,4868,12049,,126,126,
rot,4870,12057,,126,126,
rot,4873,12065,,126,126,
rot,4876,12073,,126,126,
rot,4878,12081,,126,126,
rot,4882,12089,,126,126,
rot,4885,12097,,126,126,
rot,4887,12105,,126,126,
rot,4890,12113,,126,126,
rot,4893,12121,,126,126,
rot,4895,12129,,126,126,
rot,4898,12137,,126,126,
rot,4901,12145,,126,126,
rot,4903,12153,,126,126,
rot,4906,12161,,126,126,
rot,4909,12169,,126,126,
rot,4911,12177,,126,126,
rot,4914,12185,,126,126,
rot,4918,12193,,126,126,
rot,4920,12201,,126,126,
rot,4923,12209,,126,126,
rot,4926,12217,,126,126,
rot,4928,12225,,126,126,
rot,4931,12233,,126,126,
rot,4934,12241,,126,126,
rot,4936,12249,,126,126,
rot,4939,12257,,126,126,
rot,4942,12265,,126,126,
rot,4944,12273,,126,126,
rot,4947,12281,,126,126,
rot,4950,12289,,126,126,
rot,4953,12297,,126,126,
rot,4956,12305,,126,126,
rot,4959,12313,,126,126,
rot,4961,12321,,126,126,
rot,4964,12329,,126,126,
rot,4967,12337,,126,126,
rot,4969,12345,,126,126,
rot,4972,12353,,126,126,
rot,4975,12361,,126,126,
rot,4977,12369,,126,126,
rot,4980,12377,,126,126,
rot,4983,12385,,126,126,
rot,4985,12393,,126,126,
rot,4988,12401,,126,126,
rot,4992,12409,,126,126,
rot,4994,12417,,126,126,
rot,4997,12425,,126,126,
rot,5000,12433,,126,126,
rot,5002,12441,,126,126,
rot,5005,12449,,126,126,
rot,5008,12457,,126,126,
rot,5010,12465,,126,126,
rot,5013,12473,,126,126,
rot,5016,12481,,126,126,
rot,5018,12489,,126,126,
rot,5021,12497,,126,126,
rot,5024,12505,,126,126,
rot,5026,12513,,126,126,
rot,5030,12521,,126,126,
rot,5033,12529,,126,126,
rot,5035,12537,,126,126,
rot,5038,12545,,126,126,
rot,5041,12553,,126,126,
rot,5043,12561,,126,126,
rot,5046,12569,,126,126,
rot,5049,12577,,126,126,
rot,5051,12585,,126,126,
rot,5054,12593,,126,126,
rot,5057,12601,,126,126,
rot,5059,12609,,126,126,
rot,5062,12617,,126,126,
rot,5065,12625,,126,126,
rot,5067,12633,,126,126,
rot,5072,12641,,126,126,
rot,5075,12649,,126,126,
rot,5077,12657,,126,126,
rot,5080,12665,,126,126,
rot,5083,12673,,126,126,
rot,5085,12681,,126,126,
rot,5088,12689,,126,126,
rot,5091,12697,,126,126,
rot,5093,12705,,126,126,
rot,5096,12713,,126,126,
rot,5099,12721,,126,126,
rot,5101,12729,,126,126,
rot,5104,12737,,126,126,
rot,5107,12745,,126,126,
rot,5109,12753,,126,126,
rot,5115,12761,,126,126,
rot,5118,12769,,126,126,
rot,5120,12777,,126,126,
rot,5123,12785,,126,126,
rot,5126,12793,,126,126,
rot,5128,12801,,126,126,
rot,5131,12809,,126,126,
rot,5134,12817,,126,126,
rot,5136,12825,,126,126,
rot,5139,12833,,126,126,
rot,5142,12841,,126,126,
rot,5144,12849,,126,126,
rot,5147,12857,,126,126,
rot,5150,12865,,126,126,
rot,5156,12873,,126,126,
rot,5159,12881,,126,126,
rot,5162,12889,,126,126,
rot,5164,12897,,126,126,
rot,5167,12905,,126,126,
rot,5170,12913,,126,126,
rot,5172,12921,,126,126,
rot,5175,12929,,126,126,
rot,5178,12937,,126,126,
rot,5180,12945,,126,126,
rot,5183,12953,,126,126,
rot,5186,12961,,126,126,
rot,5188,12969,,126,126,
rot,5191,12977,,126,126,
rot,5194,12985,,126,126,
rot,5201,12993,,126,126,
rot,5204,13001,,126,126,
rot,5207,13009,,126,126,
rot,5209,13017,,126,126,
rot,5212,13025,,126,126,
rot,5215,13033,,126,126,
rot,5217,13041,,126,126,
rot,5220,13049,,126,126,
rot,5223,13057,,126,126,
rot,5225,13065,,126,126,
rot,5228,13073,,126,126,
rot,5231,13081,,126,126,
rot,5233,13089,,126,126,
rot,5236,13097,,126,126,
rot,5245,13105,,126,126,
rot,5247,13113,,126,126,
rot,5250,13121,,126,126,
rot,5253,13129,,126,126,
rot,5255,13137,,126,126,
rot,5258,13145,,126,126,
rot,5261,13153,,126,126,
rot,5263,13161,,126,126,
rot,5266,13169,,126,126,
rot,5269,13177,,126,126,
rot,5271,13185,,126,126,
rot,5274,13193,,126,126,
rot,5277,13201,,126,126,
rot,5279,13209,,126,126,
rot,5282,13217,,126,126,
rot,5292,13225,,126,126,
rot,5294,13233,,126,126,
rot,5297,13241,,126,126,
rot,5300,13249,,126,126,
rot,5302,13257,,126,126,
rot,5305,13265,,126,126,
rot,5308,13273,,126,126,
rot,5310,13281,,126,126,
rot,5313,13289,,126,126,
rot,5316,13297,,126,126,
rot,5318,13305,,126,126,
rot,5321,13313,,126,126,
rot,5324,13321,,126,126,
rot,5326,13329,,126,126,
rot,5329,13337,,126,126,
rot,5340,13345,,126,126,
rot,5342,13353,,126,126,
rot,5345,13361,,126,126,
rot,5348,13369,,126,126,
rot,5350,13377,,126,126,
rot,5353,13385,,126,126,
rot,5356,13393,,126,126,
rot,5358,13401,,126,126,
rot,5361,13409,,126,126,
rot,5364,13417,,126,126,
rot,5366,13425,,126,126,
rot,5369,13433,,126,126,
rot,5372,13441,,126,126,
rot,5374,13449,,126,126,
rot,5386,13457,,126,126,
rot,5389,13465,,126,126,
rot,5391,13473,,126,126,
rot,5394,13481,,126,126,
rot,5397,13489,,126,126,
rot,5399,13497,,126,126,
rot,5402,13505,,126,126,
rot,5405,13513,,126,126,
rot,5407,13521,,126,126,
rot,5410,13529,,126,126,
rot,5413,13537,,126,126,
rot,5415,13545,,126,126,
rot,5418,13553,,126,126,
rot,5421,13561,,126,126,
rot,5423,13569,,126,126,
rot,5436,13577,,126,126,
rot,5439,13585,,126,126,
rot,5441,13593,,126,126,
rot,5444,13601,,126,126,
rot,5447,13609,,126,126,
rot,5449,13617,,126,126,
rot,5452,13625,,126,126,
rot,5455,13633,,126,126,
rot,5457,13641,,126,126,
rot,5460,13649,,126,126,
rot,5463,13657,,126,126,
rot,5465,13665,,126,126,
rot,5468,13673,,126,126,
rot,5471,13681,,126,126,
rot,5473,13689,,126,126,
rot,5487,13697,,126,126,
rot,5490,13705,,126,126,
rot,5492,13713,,126,126,
rot,5495,13721,,126,126,
rot,5498,13729,,126,126,
rot,5500,13737,,126,126,
rot,5503,13745,,126,126,
rot,5506,13753,,126,126,
rot,5508,13761,,126,126,
rot,5511,13769,,126,126,
rot,5514,13777,,126,126,
rot,5516,13785,,126,126,
rot,5519,13793,,126,126,
rot,5522,13801,,126,126,
rot,5536,13809,,126,126,
rot,5539,13817,,126,126,
rot,5542,13825,,126,126,
rot,5544,13833,,126,126,
rot,5547,13841,,126,126,
rot,5550,13849,,126,126,
rot,5552,13857,,126,126,
rot,5555,13865,,126,126,
rot,5558,13873,,126,126,
rot,5560,13881,,126,126,
rot,5563,13889,,126,126,
rot,5566,13897,,126,126,
rot,5568,13905,,126,126,
rot,5571,13913,,126,126,
rot,5574,13921,,126,126,
rot,5589,13929,,126,126,
rot,5592,13937,,126,126,
rot,5595,13945,,126,126,
rot,5597,13953,,126,126,
rot,5600,13961,,126,126,
rot,5603,13969,,126,126,
rot,5605,13977,,126,126,
rot,5608,13985,,126,126,
rot,5611,13993,,126,126,
rot,5613,14001,,126,126,
rot,5616,14009,,126,126,
rot,5619,14017,,126,126,
rot,5621,14025,,126,126,
rot,5624,14033,,126,126,
rot,5641,14041,,126,126,
rot,5643,14049,,126,126,
rot,5646,14057,,126,126,
rot,5649,14065,,126,126,
rot,5651,14073,,126,126,
rot,5654,14081,,126,126,
rot,5657,14089,,126,126,
rot,5659,14097,,126,126,
rot,5662,14105,,126,126,
rot,5665,14113,,126,126,
rot,5667,14121,,126,126,
rot,5670,14129,,126,126,
rot,5673,14137,,126,126,
rot,5675,14145,,126,126,
rot,5678,14153,,126,126,
rot,5696,14161,,126,126,
rot,5698,14169,,126,126,
rot,5701,14177,,126,126,
rot,5704,14185,,126,126,
rot,5706,14193,,126,126,
rot,5709,14201,,126,126,
rot,5712,14209,,126,126,
rot,5714,14217,,126,126,
rot,5717,14225,,126,126,
rot,5720,14233,,126,126,
rot,5722,14241,,126,126,
rot,5725,14249,,126,126,
rot,5728,14257,,126,126,
rot,5730,14265,,126,126,
rot,5733,14273,,126,126,
rot,5752,14281,,126,126,
rot,5754,14289,,126,126,
rot,5757,14297,,126,126,
rot,5760,14305,,126,126,
rot,5762,14313,,126,126,
rot,5765,14321,,126,126,
rot,5768,14329,,126,126,
rot,5770,14337,,126,126,
rot,5773,14345,,126,126,
rot,5776,14353,,126,126,
rot,5778,14361,,126,126,
rot,5781,14369,,126,126,
rot,5784,14377,,126,126,
rot,5786,14385,,126,126,
rot,5806,14393,,126,126,
rot,5809,14401,,126,126,
rot,5811,14409,,126,126,
rot,5814,14417,,126,126,
rot,5817,14425,,126,126,
rot,5819,14433,,126,126,
rot,5822,14441,,126,126,
rot,5825,14449,,126,126,
rot,5827,14457,,126,126,
rot,5830,14465,,126,126,
rot,5833,14473,,126,126,
rot,5835,14481,,126,126,
rot,5838,14489,,126,126,
rot,5841,14497,,126,126,
rot,5843,14505,,126,126,
rot,5864,14513,,126,126,
rot,5867,14521,,126,126,
rot,5869,14529,,126,126,
rot,5872,14537,,126,126,
rot,5875,14545,,126,126,
rot,5877,14553,,126,126,
rot,5880,14561,,126,126,
rot,5883,14569,,126,126,
rot,5885,14577,,126,126,
rot,5888,14585,,126,126,
rot,5891,14593,,126,126,
rot,5893,14601,,126,126,
rot,5896,14609,,126,126,
rot,5899,14617,,126,126,
rot,5901,14625,,126,126,
rot,5923,14633,,126,126,
rot,5926,14641,,126,126,
rot,5928,14649,,126,126,
rot,5931,14657,,126,126,
rot,5934,14665,,126,126,
rot,5936,14673,,126,126,
rot,5939,14681,,126,126,
rot,5942,14689,,126,126,
rot,5944,14697,,126,126,
rot,5947,14705,,126,126,
rot,5950,14713,,126,126,
rot,5952,14721,,126,126,
rot,5955,14729,,126,126,
rot,5958,14737,,126,126,
rot,5980,14745,,126,126,
rot,5983,14753,,126,126,
rot,5986,14761,,126,126,
rot,5988,14769,,126,126,
rot,5991,14777,,126,126,
rot,5994,14785,,126,126,
rot,5996,14793,,126,126,
rot,5999,14801,,126,126,
rot,6002,14809,,126,126,
rot,6004,14817,,126,126,
rot,6007,14825,,126,126,
rot,6010,14833,,126,126,
rot,6012,14841,,126,126,
rot,6015,14849,,126,126,
rot,6018,14857,,126,126,
rot,6041,14865,,126,126,
rot,6044,14873,,126,126,
rot,6047,14881,,126,126,
rot,6049,14889,,126,126,
rot,6052,14897,,126,126,
rot,6055,14905,,126,126,
rot,6057,14913,,126,126,
rot,6060,14921,,126,126,
rot,6063,14929,,126,126,
rot,6065,14937,,126,126,
rot,6068,14945,,126,126,
rot,6071,14953,,126,126,
rot,6073,14961,,126,126,
rot,6076,14969,,126,126,
rot,6101,14977,,126,126,
rot,6103,14985,,126,126,
rot,6106,14993,,126,126,
rot,6109,15001,,126,126,
rot,6111,15009,,126,126,
rot,6114,15017,,126,126,
rot,6117,15025,,126,126,
rot,6119,15033,,126,126,
rot,6122,15041,,126,126,
rot,6125,15049,,126,126,
rot,6127,15057,,126,126,
rot,6130,15065,,126,126,
rot,6133,15073,,126,126,
rot,6135,15081,,126,126,
rot,6138,15089,,126,126,
rot,6164,15097,,126,126,
rot,6166,15105,,126,126,
rot,6169,15113,,126,126,
rot,6172,15121,,126,126,
rot,6174,15129,,126,126,
rot,6177,15137,,126,126,
rot,6180,15145,,126,126,
rot,6182,15153,,126,126,
rot,6185,15161,,126,126,
rot,6188,15169,,126,126,
rot,6190,15177,,126,126,
rot,6193,15185,,126,126,
rot,6196,15193,,126,126,
rot,6198,15201,,126,126,
rot,6201,15209,,126,126,
rot,6228,15217,,126,126,
rot,6230,15225,,126,126,
rot,6233,15233,,126,126,
rot,6236,15241,,126,126,
rot,6238,15249,,126,126,
rot,6241,15257,,126,126,
rot,6244,15265,,126,126,
rot,6246,15273,,126,126,
rot,6249,15281,,126,126,
rot,6252,15289,,126,126,
rot,6254,15297,,126,126,
rot,6257,15305,,126,126,
rot,6260,15313,,126,126,
rot,6262,15321,,126,126,
rot,6290,15329,,126,126,
rot,6293,15337,,126,126,
rot,6295,15345,,126,126,
rot,6298,15353,,126,126,
rot,6301,15361,,126,126,
rot,6303,15369,,126,126,
rot,6306,15377,,126,126,
rot,6309,15385,,126,126,
rot,6311,15393,,126,126,
rot,6314,15401,,126,126,
rot,6317,15409,,126,126,
rot,6319,15417,,126,126,
rot,6322,15425,,126,126,
rot,6325,15433,,126,126,
rot,6327,15441,,126,126,
rot,6328,15444,,126,126,
