3,3,0.003,50000,232,4.640000e-3,4.081185e-3,5.274926e-3,0.03,DetectorErrorModel,circuit,3
3,3,0.003,50000,208,4.160000e-3,3.632666e-3,4.763518e-3,0.04,DetectorErrorModel,phenom,3
5,5,0.003,50000,143,2.860000e-3,2.428570e-3,3.367814e-3,0.17,DetectorErrorModel,circuit,3
5,5,0.003,50000,239,4.780000e-3,4.212316e-3,5.423773e-3,0.17,DetectorErrorModel,phenom,3
7,7,0.003,50000,57,1.140000e-3,8.800835e-4,1.476565e-3,0.50,DetectorErrorModel,circuit,3
7,7,0.003,50000,122,2.440000e-3,2.044113e-3,2.912335e-3,0.54,DetectorErrorModel,phenom,3
3,3,0.005,50000,613,1.226000e-2,1.133222e-2,1.326272e-2,0.04,DetectorErrorModel,circuit,3
3,3,0.005,50000,565,1.130000e-2,1.041034e-2,1.226475e-2,0.07,DetectorErrorModel,phenom,3
5,5,0.005,50000,629,1.258000e-2,1.163986e-2,1.359503e-2,0.23,DetectorErrorModel,circuit,3
5,5,0.005,50000,803,1.606000e-2,1.499475e-2,1.719961e-2,0.22,DetectorErrorModel,phenom,3
7,7,0.005,50000,430,8.600000e-3,7.827551e-3,9.447951e-3,0.72,DetectorErrorModel,circuit,3
7,7,0.005,50000,553,1.106000e-2,1.018013e-2,1.201499e-2,0.54,DetectorErrorModel,phenom,3
3,3,0.005,5000,58,1.160000e-2,8.984523e-3,1.496537e-2,0.25,Tableau,circuit,4
3,3,0.005,5000,54,1.080000e-2,8.287190e-3,1.406393e-2,0.01,DetectorErrorModel,circuit,4
5,5,0.005,2000,21,1.050000e-2,6.877887e-3,1.599890e-2,0.55,Tableau,circuit,4
5,5,0.005,2000,24,1.200000e-2,8.077154e-3,1.779388e-2,0.02,DetectorErrorModel,circuit,4
9,9,0.005,100000,625,6.250000e-3,5.780150e-3,6.757783e-3,4.73,DetectorErrorModel,circuit,4
