3,3,0.002,20000,40,2.000000e-3,1.469176e-3,2.722092e-3,0.02,DetectorErrorModel,circuit,2
5,5,0.002,20000,17,8.500000e-4,5.307885e-4,1.360921e-3,0.13,DetectorErrorModel,circuit,2
7,7,0.002,20000,10,5.000000e-4,2.716211e-4,9.202229e-4,0.19,DetectorErrorModel,circuit,2
9,9,0.002,20000,0,0.000000e0,0.000000e0,1.920361e-4,0.44,DetectorErrorModel,circuit,2
3,3,0.004,20000,166,8.300000e-3,7.133636e-3,9.655212e-3,0.02,DetectorErrorModel,circuit,2
5,5,0.004,20000,132,6.600000e-3,5.568673e-3,7.820828e-3,0.14,DetectorErrorModel,circuit,2
7,7,0.004,20000,76,3.800000e-3,3.037358e-3,4.753218e-3,0.25,DetectorErrorModel,circuit,2
9,9,0.004,20000,39,1.950000e-3,1.426864e-3,2.664423e-3,0.42,DetectorErrorModel,circuit,2
3,3,0.006,20000,337,1.685000e-2,1.515676e-2,1.872881e-2,0.03,DetectorErrorModel,circuit,2
5,5,0.006,20000,366,1.830000e-2,1.653280e-2,2.025221e-2,0.12,DetectorErrorModel,circuit,2
7,7,0.006,20000,376,1.880000e-2,1.700801e-2,2.077680e-2,0.24,DetectorErrorModel,circuit,2
9,9,0.006,20000,313,1.565000e-2,1.402052e-2,1.746551e-2,0.51,DetectorErrorModel,circuit,2
3,3,0.008,20000,567,2.835000e-2,2.613882e-2,3.074233e-2,0.04,DetectorErrorModel,circuit,2
5,5,0.008,20000,818,4.090000e-2,3.824211e-2,4.373422e-2,0.12,DetectorErrorModel,circuit,2
7,7,0.008,20000,918,4.590000e-2,4.308591e-2,4.888849e-2,0.36,DetectorErrorModel,circuit,2
9,9,0.008,20000,1037,5.185000e-2,4.886227e-2,5.500985e-2,0.59,DetectorErrorModel,circuit,2
3,3,0.01,20000,842,4.210000e-2,3.940368e-2,4.497219e-2,0.02,DetectorErrorModel,circuit,2
5,5,0.01,20000,1509,7.545000e-2,7.187058e-2,7.919248e-2,0.11,DetectorErrorModel,circuit,2
7,7,0.01,20000,1945,9.725000e-2,9.322060e-2,1.014341e-1,0.34,DetectorErrorModel,circuit,2
9,9,0.01,20000,2364,1.182000e-1,1.137988e-1,1.227478e-1,0.76,DetectorErrorModel,circuit,2
3,3,0.012,20000,1131,5.655000e-2,5.343316e-2,5.983715e-2,0.02,DetectorErrorModel,circuit,2
5,5,0.012,20000,2153,1.076500e-1,1.034297e-1,1.120210e-1,0.14,DetectorErrorModel,circuit,2
7,7,0.012,20000,3090,1.545000e-1,1.495574e-1,1.595753e-1,0.38,DetectorErrorModel,circuit,2
9,9,0.012,20000,4148,2.074000e-1,2.018374e-1,2.130750e-1,0.84,DetectorErrorModel,circuit,2
3,3,0.015,20000,1539,7.695000e-2,7.333710e-2,8.072538e-2,0.02,DetectorErrorModel,circuit,2
5,5,0.015,20000,3235,1.617500e-1,1.567118e-1,1.669181e-1,0.14,DetectorErrorModel,circuit,2
7,7,0.015,20000,4966,2.483000e-1,2.423612e-1,2.543354e-1,0.63,DetectorErrorModel,circuit,2
9,9,0.015,20000,6590,3.295000e-1,3.230191e-1,3.360464e-1,1.04,DetectorErrorModel,circuit,2
