3,3,0.006,200000,2559,1.279500e-2,1.231172e-2,1.329700e-2,0.19,DetectorErrorModel,weighted:4,21
3,3,0.006,200000,2486,1.243000e-2,1.195371e-2,1.292502e-2,0.17,DetectorErrorModel,weighted:10,21
5,5,0.006,200000,2397,1.198500e-2,1.151738e-2,1.247137e-2,1.00,DetectorErrorModel,weighted:4,21
5,5,0.006,200000,2281,1.140500e-2,1.094893e-2,1.187984e-2,1.08,DetectorErrorModel,weighted:10,21
7,7,0.006,200000,1833,9.165000e-3,8.756687e-3,9.592168e-3,2.72,DetectorErrorModel,weighted:4,21
7,7,0.006,200000,1736,8.680000e-3,8.282794e-3,9.096079e-3,3.03,DetectorErrorModel,weighted:10,21
9,9,0.006,200000,1377,6.885000e-3,6.531954e-3,7.256989e-3,6.14,DetectorErrorModel,weighted:4,21
9,9,0.006,200000,1274,6.370000e-3,6.030685e-3,6.728277e-3,9.91,DetectorErrorModel,weighted:10,21
3,3,0.008,200000,4356,2.178000e-2,2.114942e-2,2.242895e-2,0.23,DetectorErrorModel,weighted:4,21
3,3,0.008,200000,4200,2.100000e-2,2.038074e-2,2.163766e-2,0.33,DetectorErrorModel,weighted:10,21
5,5,0.008,200000,5185,2.592500e-2,2.523760e-2,2.663061e-2,1.16,DetectorErrorModel,weighted:4,21
5,5,0.008,200000,4896,2.448000e-2,2.381182e-2,2.516645e-2,1.22,DetectorErrorModel,weighted:10,21
7,7,0.008,200000,5325,2.662500e-2,2.592851e-2,2.733968e-2,3.29,DetectorErrorModel,weighted:4,21
7,7,0.008,200000,4949,2.474500e-2,2.407325e-2,2.543501e-2,3.67,DetectorErrorModel,weighted:10,21
9,9,0.008,200000,5281,2.640500e-2,2.571135e-2,2.711684e-2,7.24,DetectorErrorModel,weighted:4,21
9,9,0.008,200000,4843,2.421500e-2,2.355040e-2,2.489787e-2,9.39,DetectorErrorModel,weighted:10,21
