engine,spec,seed,n,d,secs,f,live_max,absorbed,element_ops,compile_secs,evolve_secs,recycle_secs,f_rec,family
recycled,"qft:n=16,in=basis",1,16,15,0.00045,1,14,27,480,0.0003,0.0001,0.0,1,qft
recycled,"qft:n=32,in=basis",1,32,31,0.00123,1,30,59,1984,0.0009,0.0003,0.0001,1,qft
recycled,"qft:n=64,in=basis",1,64,63,0.00434,1,62,141,6864,0.0032,0.0011,0.0002,1,qft
recycled,"qft:n=128,in=basis",1,128,127,0.01918,1,126,274,16848,0.0156,0.0036,0.0008,1,qft
recycled,"qft:n=256,in=basis",1,256,255,0.0714,1,254,536,36816,0.0628,0.0086,0.0027,1,qft
recycled,"qft:n=512,in=basis",1,512,511,0.37108,1,510,1085,76752,0.3452,0.0256,0.0092,1,qft
recycled,"qft:n=1024,in=basis",1,1024,1023,1.76134,1,1022,2112,156624,1.7061,0.0543,0.0423,1,qft
recycled,"qft:n=16,in=plus",1,16,15,0.00046,1,0,120,480,0.0003,0.0001,0.0,1,qft
recycled,"qft:n=32,in=plus",1,32,31,0.00153,1,0,496,1984,0.0011,0.0004,0.0002,1,qft
recycled,"qft:n=64,in=plus",1,64,63,0.00567,1,0,1716,6864,0.0044,0.0012,0.0004,1,qft
recycled,"qft:n=128,in=plus",1,128,127,0.02564,1,0,4212,16848,0.0221,0.0035,0.0011,1,qft
recycled,"qft:n=256,in=plus",1,256,255,0.14319,1,0,9204,36816,0.1332,0.01,0.0036,1,qft
recycled,"qft:n=512,in=plus",1,512,511,0.99814,1,0,19188,76752,0.9665,0.0315,0.0114,1,qft
recycled,"qft:n=1024,in=plus",1,1024,1023,7.75083,1,0,39156,156624,7.6652,0.0847,0.0391,1,qft
recycled,"qft:n=16,in=graph",1,16,16,0.11502,16,16,1,20840470,0.0113,0.1036,0.0106,16,qft
,"qft:n=32,in=graph",,,,,,,,,,,,>16,qft
,"qft:n=64,in=graph",,,,,,,,,,,,>16,qft
,"qft:n=128,in=graph",,,,,,,,,,,,>16,qft
,"qft:n=256,in=graph",,,,,,,,,,,,>16,qft
,"qft:n=512,in=graph",,,,,,,,,,,,>16,qft
,"qft:n=1024,in=graph",,,,,,,,,,,,>16,qft
recycled,"qft:n=64,in=basis,cut=1",1,64,63,0.00034,1,0,63,252,0.0002,0.0001,0.0001,1,aqft
recycled,"qft:n=64,in=basis,cut=2",1,64,63,0.00051,1,26,99,500,0.0004,0.0001,0.0001,1,aqft
recycled,"qft:n=64,in=basis,cut=3",1,64,63,0.00063,1,40,121,744,0.0005,0.0002,0.0001,1,aqft
recycled,"qft:n=64,in=basis,cut=4",1,64,63,0.00079,1,50,133,984,0.0005,0.0002,0.0001,1,aqft
recycled,"qft:n=64,in=basis,cut=6",1,64,63,0.00112,1,60,140,1452,0.0008,0.0003,0.0001,1,aqft
recycled,"qft:n=64,in=basis,cut=8",1,64,63,0.00134,1,62,141,1904,0.001,0.0004,0.0001,1,aqft
recycled,"qft:n=64,in=basis,cut=12",1,64,63,0.00263,1,62,141,2760,0.0021,0.0005,0.0001,1,aqft
recycled,"qft:n=64,in=basis,cut=16",1,64,63,0.00225,1,62,141,3552,0.0016,0.0006,0.0001,1,aqft
recycled,"qft:n=256,in=basis,cut=1",1,256,255,0.00184,1,0,255,1020,0.0016,0.0002,0.0007,1,aqft
recycled,"qft:n=256,in=basis,cut=2",1,256,255,0.00283,1,122,387,2036,0.0023,0.0005,0.0008,1,aqft
recycled,"qft:n=256,in=basis,cut=3",1,256,255,0.0038,1,179,462,3048,0.003,0.0007,0.0008,1,aqft
recycled,"qft:n=256,in=basis,cut=4",1,256,255,0.00442,1,216,500,4056,0.0035,0.0009,0.0008,1,aqft
recycled,"qft:n=256,in=basis,cut=6",1,256,255,0.00636,1,244,530,6060,0.0048,0.0015,0.0009,1,aqft
recycled,"qft:n=256,in=basis,cut=8",1,256,255,0.00784,1,253,536,8048,0.0061,0.0017,0.0009,1,aqft
recycled,"qft:n=256,in=basis,cut=12",1,256,255,0.01091,1,254,536,11976,0.0085,0.0024,0.0016,1,aqft
recycled,"qft:n=256,in=basis,cut=16",1,256,255,0.01567,1,254,536,15840,0.0121,0.0035,0.0011,1,aqft
,"qft:n=64,in=graph,cut=1",,,,,,,,,,,,>16,aqft
,"qft:n=64,in=graph,cut=2",,,,,,,,,,,,>16,aqft
,"qft:n=64,in=graph,cut=3",,,,,,,,,,,,>16,aqft
,"qft:n=64,in=graph,cut=4",,,,,,,,,,,,>16,aqft
,"qft:n=64,in=graph,cut=6",,,,,,,,,,,,>16,aqft
,"qft:n=64,in=graph,cut=8",,,,,,,,,,,,>16,aqft
,"qft:n=64,in=graph,cut=12",,,,,,,,,,,,>16,aqft
,"qft:n=64,in=graph,cut=16",,,,,,,,,,,,>16,aqft
,"qft:n=256,in=graph,cut=1",,,,,,,,,,,,>16,aqft
,"qft:n=256,in=graph,cut=2",,,,,,,,,,,,>16,aqft
,"qft:n=256,in=graph,cut=3",,,,,,,,,,,,>16,aqft
,"qft:n=256,in=graph,cut=4",,,,,,,,,,,,>16,aqft
,"qft:n=256,in=graph,cut=6",,,,,,,,,,,,>16,aqft
,"qft:n=256,in=graph,cut=8",,,,,,,,,,,,>16,aqft
,"qft:n=256,in=graph,cut=12",,,,,,,,,,,,>16,aqft
,"qft:n=256,in=graph,cut=16",,,,,,,,,,,,>16,aqft
recycled,"cuccaro:bits=8,in=basis",1,18,16,0.00019,1,0,16,128,0.0002,0.0,0.0,1,cuccaro
recycled,"cuccaro:bits=16,in=basis",1,34,32,0.00032,1,0,32,256,0.0003,0.0001,0.0,1,cuccaro
recycled,"cuccaro:bits=32,in=basis",1,66,64,0.00077,1,0,64,512,0.0006,0.0001,0.0,1,cuccaro
recycled,"cuccaro:bits=64,in=basis",1,130,128,0.0018,1,0,128,1024,0.0015,0.0003,0.0001,1,cuccaro
recycled,"cuccaro:bits=128,in=basis",1,258,256,0.00413,1,0,256,2048,0.0036,0.0005,0.0002,1,cuccaro
recycled,"cuccaro:bits=256,in=basis",1,514,512,0.01241,1,0,512,4096,0.011,0.0013,0.0006,1,cuccaro
recycled,"cuccaro:bits=8,in=plusa",1,18,17,0.02431,16,16,1,4019538,0.0011,0.0231,0.0009,16,cuccaro
,"cuccaro:bits=16,in=plusa",,,,,,,,,,,,>16,cuccaro
,"cuccaro:bits=32,in=plusa",,,,,,,,,,,,>16,cuccaro
,"cuccaro:bits=64,in=plusa",,,,,,,,,,,,>16,cuccaro
,"cuccaro:bits=128,in=plusa",,,,,,,,,,,,>16,cuccaro
,"cuccaro:bits=256,in=plusa",,,,,,,,,,,,>16,cuccaro
,"cuccaro:bits=8,in=plusab",,,,,,,,,,,,>16,cuccaro
,"cuccaro:bits=16,in=plusab",,,,,,,,,,,,>16,cuccaro
,"cuccaro:bits=32,in=plusab",,,,,,,,,,,,>16,cuccaro
,"cuccaro:bits=64,in=plusab",,,,,,,,,,,,>16,cuccaro
,"cuccaro:bits=128,in=plusab",,,,,,,,,,,,>16,cuccaro
,"cuccaro:bits=256,in=plusab",,,,,,,,,,,,>16,cuccaro
recycled,"gidney:bits=8,in=basis",1,23,14,0.00019,1,1,28,112,0.0001,0.0,0.0,1,gidney
recycled,"gidney:bits=16,in=basis",1,47,30,0.00051,1,1,60,240,0.0004,0.0001,0.0001,1,gidney
recycled,"gidney:bits=32,in=basis",1,95,62,0.00089,1,1,124,496,0.0008,0.0001,0.0002,1,gidney
recycled,"gidney:bits=64,in=basis",1,191,126,0.00276,1,1,252,1008,0.0023,0.0005,0.0006,1,gidney
recycled,"gidney:bits=128,in=basis",1,383,254,0.00734,1,1,508,2032,0.0059,0.0014,0.0018,1,gidney
recycled,"gidney:bits=256,in=basis",1,767,510,0.02856,1,1,1020,4080,0.0198,0.0087,0.0063,1,gidney
,"gidney:bits=8,in=plusa",,,,,,,,,,,,>16,gidney
,"gidney:bits=16,in=plusa",,,,,,,,,,,,>16,gidney
,"gidney:bits=32,in=plusa",,,,,,,,,,,,>16,gidney
,"gidney:bits=64,in=plusa",,,,,,,,,,,,>16,gidney
,"gidney:bits=128,in=plusa",,,,,,,,,,,,>16,gidney
,"gidney:bits=256,in=plusa",,,,,,,,,,,,>16,gidney
,"gidney:bits=8,in=plusab",,,,,,,,,,,,>16,gidney
,"gidney:bits=16,in=plusab",,,,,,,,,,,,>16,gidney
,"gidney:bits=32,in=plusab",,,,,,,,,,,,>16,gidney
,"gidney:bits=64,in=plusab",,,,,,,,,,,,>16,gidney
,"gidney:bits=128,in=plusab",,,,,,,,,,,,>16,gidney
,"gidney:bits=256,in=plusab",,,,,,,,,,,,>16,gidney
recycled,"draper:bits=8,in=basis",1,16,7,0.00026,1,6,32,336,0.0002,0.0001,0.0,1,draper
recycled,"draper:bits=16,in=basis",1,32,15,0.0013,1,14,84,1440,0.0009,0.0004,0.0001,1,draper
recycled,"draper:bits=32,in=basis",1,64,31,0.00387,1,30,147,5952,0.0028,0.001,0.0003,1,draper
recycled,"draper:bits=64,in=basis",1,128,63,0.02098,1,62,311,20592,0.0151,0.0058,0.0009,1,draper
recycled,"draper:bits=128,in=basis",1,256,127,0.06101,1,126,609,50544,0.049,0.012,0.0028,1,draper
recycled,"draper:bits=256,in=basis",1,512,255,0.2815,1,254,1329,110448,0.2497,0.0317,0.0082,1,draper
recycled,"draper:bits=8,in=plusa",1,16,14,0.01178,14,14,10,1611232,0.001,0.0107,0.0008,14,draper
,"draper:bits=16,in=plusa",,,,,,,,,,,,>16,draper
,"draper:bits=32,in=plusa",,,,,,,,,,,,>16,draper
,"draper:bits=64,in=plusa",,,,,,,,,,,,>16,draper
,"draper:bits=128,in=plusa",,,,,,,,,,,,>16,draper
,"draper:bits=256,in=plusa",,,,,,,,,,,,>16,draper
recycled,"draper:bits=8,in=plusab",1,16,14,0.00027,1,0,84,336,0.0002,0.0001,0.0,1,draper
recycled,"draper:bits=16,in=plusab",1,32,30,0.00107,1,0,360,1440,0.0008,0.0003,0.0001,1,draper
recycled,"draper:bits=32,in=plusab",1,64,62,0.00881,1,0,1488,5952,0.0076,0.0012,0.0029,1,draper
recycled,"draper:bits=64,in=plusab",1,128,126,0.0294,1,0,5148,20592,0.0242,0.0051,0.0015,1,draper
recycled,"draper:bits=128,in=plusab",1,256,254,0.27487,1,0,12636,50544,0.2468,0.028,0.0105,1,draper
recycled,"draper:bits=256,in=plusab",1,512,510,1.81867,1,0,27612,110448,1.7613,0.0572,0.0167,1,draper
,"draper:bits=64,in=basis,cut=2",,,,,,,,,,,,>16,draper
recycled,"draper:bits=64,in=plusab,cut=2",1,128,126,0.00222,1,0,375,1500,0.0017,0.0006,0.0002,1,draper
,"draper:bits=64,in=basis,cut=3",,,,,,,,,,,,>16,draper
recycled,"draper:bits=64,in=plusab,cut=3",1,128,126,0.00211,1,0,558,2232,0.0016,0.0005,0.0001,1,draper
,"draper:bits=64,in=basis,cut=4",,,,,,,,,,,,>16,draper
recycled,"draper:bits=64,in=plusab,cut=4",1,128,126,0.00264,1,0,738,2952,0.002,0.0006,0.0002,1,draper
,"draper:bits=64,in=basis,cut=8",,,,,,,,,,,,>16,draper
recycled,"draper:bits=64,in=plusab,cut=8",1,128,126,0.00597,1,0,1428,5712,0.0045,0.0014,0.0004,1,draper
recycled,"shorwin:nbits=4,w=1,in=one",1,21,21,0.00439,2,0,356,7490,0.0028,0.0015,0.0004,2,shorwin
,"shorwin:nbits=4,w=1,in=half",,,,,,,,,,,,>16,shorwin
recycled,"shorwin:nbits=4,w=2,in=one",1,22,22,0.00304,2,0,260,5586,0.0019,0.0011,0.0003,2,shorwin
,"shorwin:nbits=4,w=2,in=half",,,,,,,,,,,,>16,shorwin
recycled,"shorwin:nbits=4,w=4,in=one",1,24,24,0.00523,2,0,532,9946,0.0033,0.0019,0.0004,2,shorwin
,"shorwin:nbits=4,w=4,in=half",,,,,,,,,,,,>16,shorwin
recycled,"shorwin:nbits=8,w=1,in=one",1,37,37,0.02221,2,0,1352,20920,0.0144,0.0077,0.0014,2,shorwin
,"shorwin:nbits=8,w=1,in=half",,,,,,,,,,,,>16,shorwin
recycled,"shorwin:nbits=8,w=2,in=one",1,38,38,0.01611,2,0,840,14220,0.0105,0.0056,0.0011,2,shorwin
,"shorwin:nbits=8,w=2,in=half",,,,,,,,,,,,>16,shorwin
recycled,"shorwin:nbits=8,w=4,in=one",1,40,40,0.01763,2,0,1288,21212,0.01,0.0076,0.0009,2,shorwin
,"shorwin:nbits=8,w=4,in=half",,,,,,,,,,,,>16,shorwin
recycled,"shorwin:nbits=12,w=1,in=one",1,53,53,0.04917,2,0,2988,38418,0.0358,0.0134,0.002,2,shorwin
,"shorwin:nbits=12,w=1,in=half",,,,,,,,,,,,>16,shorwin
recycled,"shorwin:nbits=12,w=2,in=one",1,54,54,0.02646,2,0,1740,25040,0.0172,0.0093,0.0014,2,shorwin
,"shorwin:nbits=12,w=2,in=half",,,,,,,,,,,,>16,shorwin
recycled,"shorwin:nbits=12,w=4,in=one",1,56,56,0.02747,2,0,2172,32960,0.0183,0.0091,0.0013,2,shorwin
,"shorwin:nbits=12,w=4,in=half",,,,,,,,,,,,>16,shorwin
recycled,"shorwin:nbits=16,w=1,in=one",1,69,69,0.10935,2,0,5264,62750,0.0825,0.0268,0.0036,2,shorwin
,"shorwin:nbits=16,w=1,in=half",,,,,,,,,,,,>16,shorwin
recycled,"shorwin:nbits=16,w=2,in=one",1,70,70,0.06671,2,0,2960,38818,0.0426,0.0241,0.003,2,shorwin
,"shorwin:nbits=16,w=2,in=half",,,,,,,,,,,,>16,shorwin
recycled,"shorwin:nbits=16,w=4,in=one",1,72,72,0.07404,2,0,3216,45676,0.0505,0.0235,0.0026,2,shorwin
,"shorwin:nbits=16,w=4,in=half",,,,,,,,,,,,>16,shorwin
recycled,"shorwin:nbits=24,w=1,in=one",1,101,101,0.39406,2,0,11736,124338,0.3225,0.0715,0.0082,2,shorwin
,"shorwin:nbits=24,w=1,in=half",,,,,,,,,,,,>16,shorwin
recycled,"shorwin:nbits=24,w=2,in=one",1,102,102,0.17472,2,0,6360,73990,0.1272,0.0475,0.0054,2,shorwin
,"shorwin:nbits=24,w=2,in=half",,,,,,,,,,,,>16,shorwin
recycled,"shorwin:nbits=24,w=4,in=one",1,104,104,0.13251,2,0,5784,75800,0.0936,0.0388,0.0043,2,shorwin
,"shorwin:nbits=24,w=4,in=half",,,,,,,,,,,,>16,shorwin
recycled,"shorwin:nbits=32,w=1,in=one",1,133,133,1.34536,2,0,20768,205724,1.1204,0.2249,0.0205,2,shorwin
,"shorwin:nbits=32,w=1,in=half",,,,,,,,,,,,>16,shorwin
recycled,"shorwin:nbits=32,w=2,in=one",1,134,134,0.40567,2,0,11040,118536,0.3,0.1056,0.008,2,shorwin
,"shorwin:nbits=32,w=2,in=half",,,,,,,,,,,,>16,shorwin
recycled,"shorwin:nbits=32,w=4,in=one",1,136,136,0.2811,2,0,8992,110340,0.202,0.0791,0.007,2,shorwin
,"shorwin:nbits=32,w=4,in=half",,,,,,,,,,,,>16,shorwin
,"shor:nbits=4,w=2",,,,,,,,,,,,>16,shor
,"shor:nbits=5,w=2",,,,,,,,,,,,>16,shor
,"shor:nbits=6,w=2",,,,,,,,,,,,>16,shor
,"shor:nbits=7,w=2",,,,,,,,,,,,>16,shor
,"shor:nbits=8,w=2",,,,,,,,,,,,>16,shor
,"shor:nbits=10,w=2",,,,,,,,,,,,>16,shor
recycled,"grover:n=8,it=1",1,14,14,0.01126,14,14,0,2140826,0.0005,0.0107,0.0003,14,grover
recycled,"grover:n=8,it=2",1,14,14,0.02557,14,14,0,4893338,0.0013,0.0242,0.0007,14,grover
recycled,"grover:n=8,it=4",1,14,14,0.06626,14,14,0,10398362,0.0028,0.0634,0.0016,14,grover
recycled,"grover:n=8,it=8",1,14,14,0.14049,14,14,0,21408410,0.0054,0.135,0.0032,14,grover
,"grover:n=16,it=1",,,,,,,,,,,,>16,grover
,"grover:n=16,it=2",,,,,,,,,,,,>16,grover
,"grover:n=16,it=4",,,,,,,,,,,,>16,grover
,"grover:n=16,it=8",,,,,,,,,,,,>16,grover
,"grover:n=32,it=1",,,,,,,,,,,,>16,grover
,"grover:n=32,it=2",,,,,,,,,,,,>16,grover
,"grover:n=32,it=4",,,,,,,,,,,,>16,grover
,"grover:n=32,it=8",,,,,,,,,,,,>16,grover
,"grover:n=64,it=1",,,,,,,,,,,,>16,grover
,"grover:n=64,it=2",,,,,,,,,,,,>16,grover
,"grover:n=64,it=4",,,,,,,,,,,,>16,grover
,"grover:n=64,it=8",,,,,,,,,,,,>16,grover
,"grover:n=128,it=1",,,,,,,,,,,,>16,grover
,"grover:n=128,it=2",,,,,,,,,,,,>16,grover
,"grover:n=128,it=4",,,,,,,,,,,,>16,grover
,"grover:n=128,it=8",,,,,,,,,,,,>16,grover
recycled,"ising:n=16,steps=1,dt=0.1",1,16,16,8e-05,1,16,0,32,0.0001,0.0,0.0,1,ising
recycled,"heis:n=16,steps=1,dt=0.1",1,16,15,0.01,15,15,0,131110,0.0003,0.0096,0.0001,15,heis
recycled,"ising:n=16,steps=2,dt=0.1",1,16,16,0.0093,16,16,0,1310744,0.0024,0.0068,0.0023,16,ising
recycled,"heis:n=16,steps=2,dt=0.1",1,16,15,0.02238,15,15,0,1605670,0.003,0.0193,0.0025,15,heis
recycled,"ising:n=16,steps=4,dt=0.1",1,16,16,0.03463,16,16,0,5373976,0.0092,0.0253,0.0088,16,ising
recycled,"heis:n=16,steps=4,dt=0.1",1,16,15,0.03627,15,15,0,4554790,0.0068,0.0294,0.0059,15,heis
recycled,"ising:n=16,steps=8,dt=0.1",1,16,16,0.14333,16,16,0,13500440,0.0281,0.1151,0.0271,16,ising
recycled,"heis:n=16,steps=8,dt=0.1",1,16,15,0.08103,15,15,0,10453030,0.0184,0.0625,0.0166,15,heis
recycled,"ising:n=16,steps=16,dt=0.1",1,16,16,0.19385,16,16,0,29753368,0.0532,0.1405,0.0516,16,ising
recycled,"heis:n=16,steps=16,dt=0.1",1,16,15,0.24625,15,15,0,22249510,0.0378,0.2084,0.0343,15,heis
recycled,"ising:n=32,steps=1,dt=0.1",1,32,32,0.00013,1,32,0,64,0.0001,0.0,0.0,1,ising
,"heis:n=32,steps=1,dt=0.1",,,,,,,,,,,,>16,heis
,"ising:n=32,steps=2,dt=0.1",,,,,,,,,,,,>16,ising
,"heis:n=32,steps=2,dt=0.1",,,,,,,,,,,,>16,heis
,"ising:n=32,steps=4,dt=0.1",,,,,,,,,,,,>16,ising
,"heis:n=32,steps=4,dt=0.1",,,,,,,,,,,,>16,heis
,"ising:n=32,steps=8,dt=0.1",,,,,,,,,,,,>16,ising
,"heis:n=32,steps=8,dt=0.1",,,,,,,,,,,,>16,heis
,"ising:n=32,steps=16,dt=0.1",,,,,,,,,,,,>16,ising
,"heis:n=32,steps=16,dt=0.1",,,,,,,,,,,,>16,heis
recycled,"ising:n=64,steps=1,dt=0.1",1,64,64,0.00031,1,64,0,128,0.0003,0.0,0.0,1,ising
,"heis:n=64,steps=1,dt=0.1",,,,,,,,,,,,>16,heis
,"ising:n=64,steps=2,dt=0.1",,,,,,,,,,,,>16,ising
,"heis:n=64,steps=2,dt=0.1",,,,,,,,,,,,>16,heis
,"ising:n=64,steps=4,dt=0.1",,,,,,,,,,,,>16,ising
,"heis:n=64,steps=4,dt=0.1",,,,,,,,,,,,>16,heis
,"ising:n=64,steps=8,dt=0.1",,,,,,,,,,,,>16,ising
,"heis:n=64,steps=8,dt=0.1",,,,,,,,,,,,>16,heis
,"ising:n=64,steps=16,dt=0.1",,,,,,,,,,,,>16,ising
,"heis:n=64,steps=16,dt=0.1",,,,,,,,,,,,>16,heis
recycled,"ising:n=128,steps=1,dt=0.1",1,128,128,0.00041,1,128,0,256,0.0004,0.0,0.0,1,ising
,"heis:n=128,steps=1,dt=0.1",,,,,,,,,,,,>16,heis
,"ising:n=128,steps=2,dt=0.1",,,,,,,,,,,,>16,ising
,"heis:n=128,steps=2,dt=0.1",,,,,,,,,,,,>16,heis
,"ising:n=128,steps=4,dt=0.1",,,,,,,,,,,,>16,ising
,"heis:n=128,steps=4,dt=0.1",,,,,,,,,,,,>16,heis
,"ising:n=128,steps=8,dt=0.1",,,,,,,,,,,,>16,ising
,"heis:n=128,steps=8,dt=0.1",,,,,,,,,,,,>16,heis
,"ising:n=128,steps=16,dt=0.1",,,,,,,,,,,,>16,ising
,"heis:n=128,steps=16,dt=0.1",,,,,,,,,,,,>16,heis
recycled,"ising:n=256,steps=1,dt=0.1",1,256,256,0.00092,1,256,0,512,0.0008,0.0001,0.0,1,ising
,"heis:n=256,steps=1,dt=0.1",,,,,,,,,,,,>16,heis
,"ising:n=256,steps=2,dt=0.1",,,,,,,,,,,,>16,ising
,"heis:n=256,steps=2,dt=0.1",,,,,,,,,,,,>16,heis
,"ising:n=256,steps=4,dt=0.1",,,,,,,,,,,,>16,ising
,"heis:n=256,steps=4,dt=0.1",,,,,,,,,,,,>16,heis
,"ising:n=256,steps=8,dt=0.1",,,,,,,,,,,,>16,ising
,"heis:n=256,steps=8,dt=0.1",,,,,,,,,,,,>16,heis
,"ising:n=256,steps=16,dt=0.1",,,,,,,,,,,,>16,ising
,"heis:n=256,steps=16,dt=0.1",,,,,,,,,,,,>16,heis
,"ising:n=64,steps=4,dt=0.098174770424681",,,,,,,,,,,,>16,ising-dt
,"ising:n=64,steps=4,dt=0.196349540849362",,,,,,,,,,,,>16,ising-dt
,"ising:n=64,steps=4,dt=0.294524311274043",,,,,,,,,,,,>16,ising-dt
,"ising:n=64,steps=4,dt=0.392699081698724",,,,,,,,,,,,>16,ising-dt
,"ising:n=64,steps=4,dt=0.490873852123405",,,,,,,,,,,,>16,ising-dt
,"ising:n=64,steps=4,dt=0.589048622548086",,,,,,,,,,,,>16,ising-dt
,"ising:n=64,steps=4,dt=0.687223392972767",,,,,,,,,,,,>16,ising-dt
recycled,"ising:n=64,steps=4,dt=0.785398163397448",1,64,0,0.00056,0,0,0,0,0.0006,0.0,0.0,0,ising-dt
,"ising:n=64,steps=4,dt=0.883572933822129",,,,,,,,,,,,>16,ising-dt
,"ising:n=64,steps=4,dt=0.981747704246810",,,,,,,,,,,,>16,ising-dt
,"ising:n=64,steps=4,dt=1.079922474671491",,,,,,,,,,,,>16,ising-dt
,"ising:n=64,steps=4,dt=1.178097245096172",,,,,,,,,,,,>16,ising-dt
,"ising:n=64,steps=4,dt=1.276272015520854",,,,,,,,,,,,>16,ising-dt
,"ising:n=64,steps=4,dt=1.374446785945534",,,,,,,,,,,,>16,ising-dt
,"ising:n=64,steps=4,dt=1.472621556370215",,,,,,,,,,,,>16,ising-dt
recycled,"ising:n=64,steps=4,dt=1.570796326794897",1,64,0,0.00076,0,0,0,0,0.0008,0.0,0.0,0,ising-dt
,"ising:n=64,steps=4,dt=1,J=0.785398163397448,h=0.1",,,,,,,,,,,,>16,ising-du
,"ising:n=64,steps=4,dt=1,J=0.1,h=0.785398163397448",,,,,,,,,,,,>16,ising-du
,"ising:n=64,steps=4,dt=1,J=0.785398163397448,h=0.3",,,,,,,,,,,,>16,ising-du
,"ising:n=64,steps=4,dt=1,J=0.3,h=0.785398163397448",,,,,,,,,,,,>16,ising-du
,"ising:n=64,steps=4,dt=1,J=0.785398163397448,h=0.5",,,,,,,,,,,,>16,ising-du
,"ising:n=64,steps=4,dt=1,J=0.5,h=0.785398163397448",,,,,,,,,,,,>16,ising-du
recycled,"qaoa:n=16,p=1,graph=ring",1,16,15,0.00347,15,15,0,622618,0.0011,0.0023,0.001,15,qaoa
recycled,"qaoa:n=16,p=1,graph=reg3",1,16,15,0.00592,15,15,0,851994,0.0017,0.0042,0.0016,15,qaoa
recycled,"qaoa:n=16,p=2,graph=ring",1,16,15,0.00908,15,15,0,1671194,0.0027,0.0063,0.0026,15,qaoa
recycled,"qaoa:n=16,p=2,graph=reg3",1,16,15,0.01564,15,15,0,2129946,0.0033,0.0123,0.0031,15,qaoa
recycled,"qaoa:n=16,p=3,graph=ring",1,16,15,0.014,15,15,0,2719770,0.0043,0.0096,0.0041,15,qaoa
recycled,"qaoa:n=16,p=3,graph=reg3",1,16,15,0.04386,15,15,0,3407898,0.0076,0.0362,0.0071,15,qaoa
recycled,"hea:n=16,layers=1",1,16,16,0.00243,16,16,0,327736,0.0005,0.0019,0.0004,16,hea
recycled,"hea:n=16,layers=2",1,16,16,0.01725,16,16,0,1572916,0.0044,0.0127,0.0042,16,hea
recycled,"hea:n=16,layers=4",1,16,16,0.0381,16,16,0,5767220,0.0102,0.0278,0.0098,16,hea
,"qaoa:n=32,p=1,graph=ring",,,,,,,,,,,,>16,qaoa
,"qaoa:n=32,p=1,graph=reg3",,,,,,,,,,,,>16,qaoa
,"qaoa:n=32,p=2,graph=ring",,,,,,,,,,,,>16,qaoa
,"qaoa:n=32,p=2,graph=reg3",,,,,,,,,,,,>16,qaoa
,"qaoa:n=32,p=3,graph=ring",,,,,,,,,,,,>16,qaoa
,"qaoa:n=32,p=3,graph=reg3",,,,,,,,,,,,>16,qaoa
,"hea:n=32,layers=1",,,,,,,,,,,,>16,hea
,"hea:n=32,layers=2",,,,,,,,,,,,>16,hea
,"hea:n=32,layers=4",,,,,,,,,,,,>16,hea
,"qaoa:n=64,p=1,graph=ring",,,,,,,,,,,,>16,qaoa
,"qaoa:n=64,p=1,graph=reg3",,,,,,,,,,,,>16,qaoa
,"qaoa:n=64,p=2,graph=ring",,,,,,,,,,,,>16,qaoa
,"qaoa:n=64,p=2,graph=reg3",,,,,,,,,,,,>16,qaoa
,"qaoa:n=64,p=3,graph=ring",,,,,,,,,,,,>16,qaoa
,"qaoa:n=64,p=3,graph=reg3",,,,,,,,,,,,>16,qaoa
,"hea:n=64,layers=1",,,,,,,,,,,,>16,hea
,"hea:n=64,layers=2",,,,,,,,,,,,>16,hea
,"hea:n=64,layers=4",,,,,,,,,,,,>16,hea
,"qaoa:n=128,p=1,graph=ring",,,,,,,,,,,,>16,qaoa
,"qaoa:n=128,p=1,graph=reg3",,,,,,,,,,,,>16,qaoa
,"qaoa:n=128,p=2,graph=ring",,,,,,,,,,,,>16,qaoa
,"qaoa:n=128,p=2,graph=reg3",,,,,,,,,,,,>16,qaoa
,"qaoa:n=128,p=3,graph=ring",,,,,,,,,,,,>16,qaoa
,"qaoa:n=128,p=3,graph=reg3",,,,,,,,,,,,>16,qaoa
,"hea:n=128,layers=1",,,,,,,,,,,,>16,hea
,"hea:n=128,layers=2",,,,,,,,,,,,>16,hea
,"hea:n=128,layers=4",,,,,,,,,,,,>16,hea
,"qaoa:n=256,p=1,graph=ring",,,,,,,,,,,,>16,qaoa
,"qaoa:n=256,p=1,graph=reg3",,,,,,,,,,,,>16,qaoa
,"qaoa:n=256,p=2,graph=ring",,,,,,,,,,,,>16,qaoa
,"qaoa:n=256,p=2,graph=reg3",,,,,,,,,,,,>16,qaoa
,"qaoa:n=256,p=3,graph=ring",,,,,,,,,,,,>16,qaoa
,"qaoa:n=256,p=3,graph=reg3",,,,,,,,,,,,>16,qaoa
,"hea:n=256,layers=1",,,,,,,,,,,,>16,hea
,"hea:n=256,layers=2",,,,,,,,,,,,>16,hea
,"hea:n=256,layers=4",,,,,,,,,,,,>16,hea
recycled,"qpe:t=4,s=16,kind=stab",1,20,4,0.00041,4,4,0,324,0.0004,0.0,0.0,4,qpe
recycled,"qpe:t=4,s=64,kind=stab",1,68,4,0.00133,4,4,0,708,0.0013,0.0001,0.0001,4,qpe
recycled,"qpe:t=4,s=256,kind=stab",1,260,4,0.00694,4,4,0,2244,0.0066,0.0003,0.0004,4,qpe
recycled,"qpe:t=8,s=16,kind=stab",1,24,8,0.00073,8,8,0,9244,0.0006,0.0001,0.0001,8,qpe
recycled,"qpe:t=8,s=64,kind=stab",1,72,8,0.00296,8,8,0,10012,0.0028,0.0001,0.0002,8,qpe
recycled,"qpe:t=8,s=256,kind=stab",1,264,8,0.01446,8,8,0,13084,0.0138,0.0006,0.0009,8,qpe
recycled,"qpe:t=12,s=16,kind=stab",1,28,12,0.00245,12,12,0,242084,0.0014,0.001,0.0003,12,qpe
recycled,"qpe:t=12,s=64,kind=stab",1,76,12,0.00474,12,12,0,243236,0.0039,0.0008,0.0004,12,qpe
recycled,"qpe:t=12,s=256,kind=stab",1,268,12,0.01815,12,12,0,247844,0.0168,0.0013,0.0014,12,qpe
recycled,"qpe:t=16,s=16,kind=stab",1,32,16,0.07684,16,16,0,5440044,0.0048,0.0719,0.0032,16,qpe
recycled,"qpe:t=16,s=64,kind=stab",1,80,16,0.09979,16,16,0,5441580,0.0095,0.0902,0.0045,16,qpe
recycled,"qpe:t=16,s=256,kind=stab",1,272,16,0.11274,16,16,0,5447724,0.0276,0.085,0.0048,16,qpe
,"qpe:t=20,s=16,kind=stab",,,,,,,,,,,,>16,qpe
,"qpe:t=20,s=64,kind=stab",,,,,,,,,,,,>16,qpe
,"qpe:t=20,s=256,kind=stab",,,,,,,,,,,,>16,qpe
,"qpe:t=23,s=16,kind=stab",,,,,,,,,,,,>16,qpe
,"qpe:t=23,s=64,kind=stab",,,,,,,,,,,,>16,qpe
,"qpe:t=23,s=256,kind=stab",,,,,,,,,,,,>16,qpe
recycled,"qpe:t=2,s=8,kind=trotter",1,10,10,0.00041,10,10,0,67094,0.0002,0.0002,0.0001,10,qpe-trotter
,"qpe:t=2,s=16,kind=trotter",,,,,,,,,,,,>16,qpe-trotter
,"qpe:t=2,s=32,kind=trotter",,,,,,,,,,,,>16,qpe-trotter
recycled,"qpe:t=3,s=8,kind=trotter",1,11,11,0.00155,11,11,0,329238,0.0008,0.0007,0.0005,11,qpe-trotter
,"qpe:t=3,s=16,kind=trotter",,,,,,,,,,,,>16,qpe-trotter
,"qpe:t=3,s=32,kind=trotter",,,,,,,,,,,,>16,qpe-trotter
recycled,"qpe:t=4,s=8,kind=trotter",1,12,12,0.00565,12,12,0,1369622,0.0028,0.0028,0.0022,12,qpe-trotter
,"qpe:t=4,s=16,kind=trotter",,,,,,,,,,,,>16,qpe-trotter
,"qpe:t=4,s=32,kind=trotter",,,,,,,,,,,,>16,qpe-trotter
recycled,"qpe:t=5,s=8,kind=trotter",1,13,13,0.02,13,13,0,5477910,0.0093,0.0106,0.0081,13,qpe-trotter
,"qpe:t=5,s=16,kind=trotter",,,,,,,,,,,,>16,qpe-trotter
,"qpe:t=5,s=32,kind=trotter",,,,,,,,,,,,>16,qpe-trotter
recycled,"walk:m=4,steps=1",1,8,6,0.00019,2,0,18,350,0.0001,0.0001,0.0,2,walk
recycled,"walk:m=4,steps=2",1,8,6,0.00037,6,6,19,6082,0.0002,0.0001,0.0,6,walk
recycled,"walk:m=4,steps=4",1,8,6,0.00071,6,6,19,20930,0.0004,0.0003,0.0001,6,walk
recycled,"walk:m=4,steps=8",1,8,6,0.00127,6,6,19,50626,0.0008,0.0005,0.0001,6,walk
recycled,"walk:m=8,steps=1",1,16,14,0.00081,2,0,98,1758,0.0006,0.0002,0.0001,2,walk
recycled,"walk:m=8,steps=2",1,16,14,0.05884,14,14,99,6342578,0.0028,0.056,0.0013,14,walk
recycled,"walk:m=8,steps=4",1,16,14,0.23964,14,14,99,27969458,0.0082,0.2313,0.0046,14,walk
recycled,"walk:m=8,steps=8",1,16,14,0.54054,14,14,99,71223218,0.0169,0.5236,0.0094,14,walk
recycled,"walk:m=16,steps=1",1,32,30,0.00523,2,0,450,7838,0.0038,0.0015,0.0007,2,walk
,"walk:m=16,steps=2",,,,,,,,,,,,>16,walk
,"walk:m=16,steps=4",,,,,,,,,,,,>16,walk
,"walk:m=16,steps=8",,,,,,,,,,,,>16,walk
recycled,"walk:m=32,steps=1",1,64,62,0.02059,2,0,1922,33054,0.0151,0.0055,0.0032,2,walk
,"walk:m=32,steps=2",,,,,,,,,,,,>16,walk
,"walk:m=32,steps=4",,,,,,,,,,,,>16,walk
,"walk:m=32,steps=8",,,,,,,,,,,,>16,walk
recycled,"hhl:t=3,m=2",1,6,5,0.0001,5,5,0,1088,0.0001,0.0,0.0,5,hhl
recycled,"hhl:t=4,m=2",1,7,6,0.00016,6,6,0,4052,0.0001,0.0,0.0,6,hhl
recycled,"hhl:t=4,m=3",1,8,7,0.0004,7,7,0,8486,0.0003,0.0,0.0,7,hhl
recycled,"hhl:t=5,m=2",1,8,7,0.00027,7,7,0,13400,0.0002,0.0001,0.0,7,hhl
recycled,"hhl:t=5,m=4",1,10,9,0.00041,9,9,0,58380,0.0003,0.0001,0.0001,9,hhl
recycled,"hhl:t=6,m=2",1,9,8,0.00042,8,8,0,42588,0.0003,0.0001,0.0001,8,hhl
recycled,"hhl:t=6,m=5",1,12,11,0.0015,11,11,0,379026,0.0006,0.0009,0.0003,11,hhl
recycled,"hhl:t=7,m=2",1,10,9,0.00099,9,9,0,135392,0.0006,0.0004,0.0002,9,hhl
recycled,"hhl:t=7,m=6",1,14,13,0.00693,13,13,0,2420248,0.0022,0.0047,0.0017,13,hhl
recycled,"hhl:t=8,m=2",1,11,10,0.00197,10,10,0,441316,0.001,0.001,0.0004,10,hhl
recycled,"hhl:t=8,m=7",1,16,15,0.10546,15,15,0,15635998,0.0156,0.0898,0.0139,15,hhl
recycled,"rct:n=32,L=16,t=8",1,32,8,0.00036,3,8,0,42,0.0003,0.0,0.0,3,rct
recycled,"rct:n=32,L=16,t=16",1,32,14,0.00044,12,14,0,16216,0.0003,0.0001,0.0,12,rct
,"rct:n=32,L=16,t=32",,,,,,,,,,,,>16,rct
,"rct:n=32,L=16,t=64",,,,,,,,,,,,>16,rct
recycled,"rct:n=64,L=32,t=16",1,64,16,0.00586,15,16,0,106230,0.0023,0.0036,0.0003,15,rct
,"rct:n=64,L=32,t=32",,,,,,,,,,,,>16,rct
,"rct:n=64,L=32,t=64",,,,,,,,,,,,>16,rct
,"rct:n=64,L=32,t=128",,,,,,,,,,,,>16,rct
,"rct:n=128,L=64,t=32",,,,,,,,,,,,>16,rct
,"rct:n=128,L=64,t=64",,,,,,,,,,,,>16,rct
,"rct:n=128,L=64,t=128",,,,,,,,,,,,>16,rct
,"rct:n=128,L=64,t=256",,,,,,,,,,,,>16,rct
,"rct:n=256,L=128,t=64",,,,,,,,,,,,>16,rct
,"rct:n=256,L=128,t=128",,,,,,,,,,,,>16,rct
,"rct:n=256,L=128,t=256",,,,,,,,,,,,>16,rct
,"rct:n=256,L=128,t=512",,,,,,,,,,,,>16,rct
