N	bits	a	r	nu2(r)	seed	rounds	rounds_eq	rounds_lt	max_deficit	final_S	W_measured	W_predicted	ratio
143	8	8	20	2	0	16	14	2	0.600	20	391744	413320	0.947798
143	8	8	20	2	1	16	16	0	0.000	20	413320	413320	1.000000
143	8	92	5	0	0	16	14	2	0.600	5	366384	387960	0.944386
143	8	92	5	0	1	16	16	0	0.000	5	387960	387960	1.000000
143	8	9	15	0	0	16	16	0	0.000	15	1036268	1036268	1.000000
143	8	9	15	0	1	16	16	0	0.000	15	1036268	1036268	1.000000
143	8	8	20	2	0	16	14	2	0.600	20	391744	413320	0.947798
143	8	8	20	2	1	16	16	0	0.000	20	413320	413320	1.000000
143	8	4	30	1	0	16	16	0	0.000	30	1035124	1035124	1.000000
143	8	4	30	1	1	16	16	0	0.000	30	1035124	1035124	1.000000
143	8	64	10	1	0	16	14	2	0.600	10	366264	387792	0.944486
143	8	64	10	1	1	16	16	0	0.000	10	387792	387792	1.000000
403	9	79	30	1	0	18	18	0	0.000	30	1594934	1594934	1.000000
403	9	79	30	1	1	18	18	0	0.000	30	1594934	1594934	1.000000
319	9	161	70	1	0	18	18	0	0.000	70	3423266	3423266	1.000000
319	9	161	70	1	1	18	18	0	0.000	70	3423266	3423266	1.000000
377	9	305	84	2	0	18	18	0	0.000	84	2292118	2292118	1.000000
377	9	305	84	2	1	18	18	0	0.000	84	2292118	2292118	1.000000
403	9	393	30	1	0	18	18	0	0.000	30	1594122	1594122	1.000000
403	9	393	30	1	1	18	18	0	0.000	30	1594122	1594122	1.000000
299	9	160	6	1	0	18	17	1	0.333	6	350972	357990	0.980396
299	9	160	6	1	1	18	18	0	0.000	6	357990	357990	1.000000
403	9	256	15	0	0	18	18	0	0.000	15	1580894	1580894	1.000000
403	9	256	15	0	1	18	18	0	0.000	15	1580894	1580894	1.000000
899	10	17	60	2	0	20	20	0	0.000	60	2108696	2108696	1.000000
899	10	17	60	2	1	20	20	0	0.000	60	2108696	2108696	1.000000
667	10	417	308	2	0	20	20	0	0.000	308	9248640	9248640	1.000000
667	10	417	308	2	1	20	20	0	0.000	308	9248640	9248640	1.000000
527	10	261	240	4	0	20	20	0	0.000	240	3237180	3237180	1.000000
527	10	261	240	4	1	20	20	0	0.000	240	3237180	3237180	1.000000
899	10	869	2	1	0	20	20	0	0.000	2	141848	141848	1.000000
899	10	869	2	1	1	20	20	0	0.000	2	141848	141848	1.000000
713	10	149	66	1	0	20	20	0	0.000	66	4049824	4049824	1.000000
713	10	149	66	1	1	20	20	0	0.000	66	4049824	4049824	1.000000
527	10	352	240	4	0	20	20	0	0.000	240	3183300	3183300	1.000000
527	10	352	240	4	1	20	20	0	0.000	240	3183300	3183300	1.000000
1643	11	1117	26	1	0	22	22	0	0.000	26	2198426	2198426	1.000000
1643	11	1117	26	1	1	22	22	0	0.000	26	2198426	2198426	1.000000
1357	11	485	638	1	0	22	22	0	0.000	638	40445544	40445544	1.000000
1357	11	485	638	1	1	22	22	0	0.000	638	40445544	40445544	1.000000
1891	11	288	60	2	0	22	22	0	0.000	60	2673428	2673428	1.000000
1891	11	288	60	2	1	22	22	0	0.000	60	2673428	2673428	1.000000
1643	11	433	26	1	0	22	22	0	0.000	26	2198710	2198710	1.000000
1643	11	433	26	1	1	22	22	0	0.000	26	2198710	2198710	1.000000
1189	11	1093	56	3	0	22	21	1	0.143	56	1439646	1448264	0.994049
1189	11	1093	56	3	1	22	22	0	0.000	56	1448264	1448264	1.000000
1219	11	863	143	0	0	22	22	0	0.000	143	19469750	19469750	1.000000
1219	11	863	143	0	1	22	22	0	0.000	143	19469750	19469750	1.000000
3127	12	1609	1508	2	0	24	24	0	0.000	1508	68195472	68195472	1.000000
3127	12	1609	1508	2	1	24	24	0	0.000	1508	68195472	68195472	1.000000
2773	12	306	1334	1	0	24	24	0	0.000	1334	107721804	107721804	1.000000
2773	12	306	1334	1	1	24	24	0	0.000	1334	107721804	107721804	1.000000
2537	12	671	1218	1	0	24	24	0	0.000	1218	98881816	98881816	1.000000
2537	12	671	1218	1	1	24	24	0	0.000	1218	98881816	98881816	1.000000
2867	12	1075	460	2	0	24	24	0	0.000	460	22824044	22824044	1.000000
2867	12	1075	460	2	1	24	24	0	0.000	460	22824044	22824044	1.000000
3233	12	82	156	2	0	24	24	0	0.000	156	8300852	8300852	1.000000
3233	12	82	156	2	1	24	24	0	0.000	156	8300852	8300852	1.000000
2173	12	1717	260	2	0	24	24	0	0.000	260	13288436	13288436	1.000000
2173	12	1717	260	2	1	24	24	0	0.000	260	13288436	13288436	1.000000
4171	13	965	672	5	0	26	26	0	0.000	672	12664700	12664700	1.000000
4171	13	965	672	5	1	26	26	0	0.000	672	12664700	12664700	1.000000
4331	13	2691	420	2	0	26	26	0	0.000	420	28236554	28236554	1.000000
4331	13	2691	420	2	1	26	26	0	0.000	420	28236554	28236554	1.000000
4897	13	4404	2378	1	0	26	26	0	0.000	2378	249016800	249016800	1.000000
4897	13	4404	2378	1	1	26	26	0	0.000	2378	249016800	249016800	1.000000
4453	13	3145	180	2	0	26	26	0	0.000	180	12705896	12705896	1.000000
4453	13	3145	180	2	1	26	26	0	0.000	180	12705896	12705896	1.000000
4687	13	2498	378	1	0	26	26	0	0.000	378	46304134	46304134	1.000000
4687	13	2498	378	1	1	26	26	0	0.000	378	46304134	46304134	1.000000
4429	13	489	714	1	0	26	26	0	0.000	714	83009080	83009080	1.000000
4429	13	489	714	1	1	26	26	0	0.000	714	83009080	83009080	1.000000
9991	14	664	96	5	0	28	27	1	0.333	96	2140044	2153664	0.993676
9991	14	664	96	5	1	28	28	0	0.000	96	2153664	2153664	1.000000
10961	14	8358	84	2	0	28	28	0	0.000	84	7273188	7273188	1.000000
10961	14	8358	84	2	1	28	28	0	0.000	84	7273188	7273188	1.000000
8549	14	6988	4182	1	0	28	28	0	0.000	4182	507286188	507286188	1.000000
8549	14	6988	4182	1	1	28	28	0	0.000	4182	507286188	507286188	1.000000
10807	14	8369	265	0	0	28	28	0	0.000	265	75770944	75770944	1.000000
10807	14	8369	265	0	1	28	28	0	0.000	265	75770944	75770944	1.000000
9271	14	7703	252	2	0	28	28	0	0.000	252	20544408	20544408	1.000000
9271	14	7703	252	2	1	28	28	0	0.000	252	20544408	20544408	1.000000
9991	14	5486	408	3	0	28	28	0	0.000	408	18852436	18852436	1.000000
9991	14	5486	408	3	1	28	28	0	0.000	408	18852436	18852436	1.000000
21971	15	20206	2709	0	0	30	30	0	0.000	2709	787203690	787203690	1.000000
21971	15	20206	2709	0	1	30	30	0	0.000	2709	787203690	787203690	1.000000
18323	15	7634	9000	3	0	30	30	0	0.000	9000	414494148	414494148	1.000000
18323	15	7634	9000	3	1	30	30	0	0.000	9000	414494148	414494148	1.000000
24139	15	15965	11900	2	0	30	30	0	0.000	11900	909135944	909135944	1.000000
24139	15	15965	11900	2	1	30	30	0	0.000	11900	909135944	909135944	1.000000
17533	15	5469	2156	2	0	30	30	0	0.000	2156	181810900	181810900	1.000000
17533	15	5469	2156	2	1	30	30	0	0.000	2156	181810900	181810900	1.000000
19039	15	3705	780	2	0	30	30	0	0.000	780	70450452	70450452	1.000000
19039	15	3705	780	2	1	30	30	0	0.000	780	70450452	70450452	1.000000
16817	15	7086	8250	1	0	30	30	0	0.000	8250	1150601228	1150601228	1.000000
16817	15	7086	8250	1	1	30	30	0	0.000	8250	1150601228	1150601228	1.000000
33043	16	16037	430	1	0	32	32	0	0.000	430	89410748	89410748	1.000000
33043	16	16037	430	1	1	32	32	0	0.000	430	89410748	89410748	1.000000
39617	16	32783	9804	2	0	32	32	0	0.000	9804	927490272	927490272	1.000000
39617	16	32783	9804	2	1	32	32	0	0.000	9804	927490272	927490272	1.000000
33389	16	17140	8256	6	0	32	32	0	0.000	8256	178194268	178194268	1.000000
33389	16	17140	8256	6	1	32	32	0	0.000	8256	178194268	178194268	1.000000
55973	16	47978	9250	1	0	32	32	0	0.000	9250	1613914952	1613914952	1.000000
55973	16	47978	9250	1	1	32	32	0	0.000	9250	1613914952	1613914952	1.000000
34579	16	30939	1140	2	0	32	32	0	0.000	1140	122226636	122226636	1.000000
34579	16	30939	1140	2	1	32	32	0	0.000	1140	122226636	122226636	1.000000
39407	16	17303	1950	1	0	32	32	0	0.000	1950	380090140	380090140	1.000000
39407	16	17303	1950	1	1	32	32	0	0.000	1950	380090140	380090140	1.000000
78581	17	17848	12994	1	0	34	34	0	0.000	12994	2878081296	2878081296	1.000000
78581	17	17848	12994	1	1	34	34	0	0.000	12994	2878081296	2878081296	1.000000
83767	17	18333	4620	2	0	34	34	0	0.000	4620	592437050	592437050	1.000000
83767	17	18333	4620	2	1	34	34	0	0.000	4620	592437050	592437050	1.000000
80851	17	67702	20068	2	0	34	34	0	0.000	20068	2376752958	2376752958	1.000000
80851	17	67702	20068	2	1	34	34	0	0.000	20068	2376752958	2376752958	1.000000
84671	17	76249	14012	2	0	34	34	0	0.000	14012	1693780448	1693780448	1.000000
84671	17	76249	14012	2	1	34	34	0	0.000	14012	1693780448	1693780448	1.000000
73919	17	38343	3056	4	0	34	34	0	0.000	3056	145604664	145604664	1.000000
73919	17	38343	3056	4	1	34	34	0	0.000	3056	145604664	145604664	1.000000
66767	17	49022	33108	2	0	34	34	0	0.000	33108	3763097796	3763097796	1.000000
66767	17	49022	33108	2	1	34	34	0	0.000	33108	3763097796	3763097796	1.000000
189029	18	119825	6720	6	0	36	36	0	0.000	6720	192814580	192814580	1.000000
189029	18	119825	6720	6	1	36	36	0	0.000	6720	192814580	192814580	1.000000
149137	18	48663	37084	2	0	36	36	0	0.000	37084	4761290304	4761290304	1.000000
149137	18	48663	37084	2	1	36	36	0	0.000	37084	4761290304	4761290304	1.000000
141203	18	89558	8778	1	0	36	36	0	0.000	8778	2284085920	2284085920	1.000000
141203	18	89558	8778	1	1	36	36	0	0.000	8778	2284085920	2284085920	1.000000
173633	18	66930	10800	4	0	36	36	0	0.000	10800	540899728	540899728	1.000000
173633	18	66930	10800	4	1	36	36	0	0.000	10800	540899728	540899728	1.000000
209683	18	50164	104384	6	0	36	36	0	0.000	104384	2864354520	2864354520	1.000000
209683	18	50164	104384	6	1	36	36	0	0.000	104384	2864354520	2864354520	1.000000
197111	18	89555	56	3	0	36	35	1	0.143	56	5579812	5600924	0.996231
197111	18	89555	56	3	1	36	36	0	0.000	56	5600924	5600924	1.000000
399797	19	310354	996	2	0	38	38	0	0.000	996	180247728	180247728	1.000000
399797	19	310354	996	2	1	38	38	0	0.000	996	180247728	180247728	1.000000
308687	19	100848	153780	2	0	38	38	0	0.000	153780	21515129640	21515129640	1.000000
308687	19	100848	153780	2	1	38	38	0	0.000	153780	21515129640	21515129640	1.000000
304639	19	78565	151712	5	0	38	38	0	0.000	151712	5661185804	5661185804	1.000000
304639	19	78565	151712	5	1	38	38	0	0.000	151712	5661185804	5661185804	1.000000
268711	19	124400	44604	2	0	38	38	0	0.000	44604	6606498944	6606498944	1.000000
268711	19	124400	44604	2	1	38	38	0	0.000	44604	6606498944	6606498944	1.000000
304891	19	89362	75946	1	0	38	38	0	0.000	75946	20368989330	20368989330	1.000000
304891	19	89362	75946	1	1	38	38	0	0.000	75946	20368989330	20368989330	1.000000
319859	19	45592	39840	5	0	38	38	0	0.000	39840	1529879872	1529879872	1.000000
319859	19	45592	39840	5	1	38	38	0	0.000	39840	1529879872	1529879872	1.000000
659641	20	213415	6580	2	0	40	40	0	0.000	6580	1259537296	1259537296	1.000000
659641	20	213415	6580	2	1	40	40	0	0.000	6580	1259537296	1259537296	1.000000
770893	20	570695	192280	3	0	40	40	0	0.000	192280	18148947432	18148947432	1.000000
770893	20	570695	192280	3	1	40	40	0	0.000	192280	18148947432	18148947432	1.000000
546577	20	101934	90846	1	0	40	40	0	0.000	90846	28305859820	28305859820	1.000000
546577	20	101934	90846	1	1	40	40	0	0.000	90846	28305859820	28305859820	1.000000
761933	20	286339	126698	1	0	40	40	0	0.000	126698	39125234988	39125234988	1.000000
761933	20	286339	126698	1	1	40	40	0	0.000	126698	39125234988	39125234988	1.000000
739589	20	638564	184464	4	0	40	40	0	0.000	184464	10883143836	10883143836	1.000000
739589	20	638564	184464	4	1	40	40	0	0.000	184464	10883143836	10883143836	1.000000
874369	20	234158	498	1	0	40	40	0	0.000	498	204316908	204316908	1.000000
874369	20	234158	498	1	1	40	40	0	0.000	498	204316908	204316908	1.000000
