framework,workload,file,n,prec,threads,config,round,rep,seconds,timer_kind,load1_before,load1_after,others_cores,others_idle,extra
qsim,qft,qft_24.txt,24,c64,8,f=2,0,0,3.981537,qsim_fuse+simu,14.92,23.92,12.19,11.67,"{""call"":4.030493708327413,""init"":1.34856e-06,""fuse"":0.00031686,""simu"":3.98122,""module"":""qsimcirq.qsim_avx512""}"
qsim,qft,qft_24.txt,24,c64,8,f=2,0,1,4.015764,qsim_fuse+simu,14.92,23.92,12.19,11.67,"{""call"":4.047794716432691,""init"":1.30385e-06,""fuse"":0.000254365,""simu"":4.01551,""module"":""qsimcirq.qsim_avx512""}"
qsim,qft,qft_24.txt,24,c64,8,f=2,0,2,4.050594,qsim_fuse+simu,14.92,23.92,12.19,11.67,"{""call"":4.084685545414686,""init"":1.51619e-06,""fuse"":0.000213698,""simu"":4.05038,""module"":""qsimcirq.qsim_avx512""}"
qsim,qft,qft_24.txt,24,c64,8,f=3,0,0,1.973406,qsim_fuse+simu,14.92,23.92,12.19,11.67,"{""call"":2.0201627872884274,""init"":1.3262e-06,""fuse"":0.000556104,""simu"":1.97285,""module"":""qsimcirq.qsim_avx512""}"
qsim,qft,qft_24.txt,24,c64,8,f=3,0,1,2.082044,qsim_fuse+simu,14.92,23.92,12.19,11.67,"{""call"":2.120501918718219,""init"":1.41375e-06,""fuse"":0.00047414,""simu"":2.08157,""module"":""qsimcirq.qsim_avx512""}"
qsim,qft,qft_24.txt,24,c64,8,f=3,0,2,2.659677,qsim_fuse+simu,14.92,23.92,12.19,11.67,"{""call"":2.6953155901283026,""init"":1.31689e-06,""fuse"":0.000406994,""simu"":2.65927,""module"":""qsimcirq.qsim_avx512""}"
qsim,qft,qft_24.txt,24,c64,8,f=4,0,0,2.119369,qsim_fuse+simu,14.92,23.92,12.19,11.67,"{""call"":2.1781493555754423,""init"":1.29081e-06,""fuse"":0.00124912,""simu"":2.11812,""module"":""qsimcirq.qsim_avx512""}"
qsim,qft,qft_24.txt,24,c64,8,f=4,0,1,2.033637,qsim_fuse+simu,14.92,23.92,12.19,11.67,"{""call"":2.074934611096978,""init"":1.36718e-06,""fuse"":0.00100695,""simu"":2.03263,""module"":""qsimcirq.qsim_avx512""}"
qsim,qft,qft_24.txt,24,c64,8,f=4,0,2,2.114939,qsim_fuse+simu,14.92,23.92,12.19,11.67,"{""call"":2.160906434059143,""init"":1.51992e-06,""fuse"":0.00100892,""simu"":2.11393,""module"":""qsimcirq.qsim_avx512""}"
qsim,qft,qft_24.txt,24,c64,8,f=5,0,0,1.931916,qsim_fuse+simu,14.92,23.92,12.19,11.67,"{""call"":1.9644210450351238,""init"":1.49198e-06,""fuse"":0.00245645,""simu"":1.92946,""module"":""qsimcirq.qsim_avx512""}"
qsim,qft,qft_24.txt,24,c64,8,f=5,0,1,2.428472,qsim_fuse+simu,14.92,23.92,12.19,11.67,"{""call"":2.4668748136609793,""init"":1.43051e-06,""fuse"":0.00274158,""simu"":2.42573,""module"":""qsimcirq.qsim_avx512""}"
qsim,qft,qft_24.txt,24,c64,8,f=5,0,2,2.782388,qsim_fuse+simu,14.92,23.92,12.19,11.67,"{""call"":2.8274384792894125,""init"":1.27964e-06,""fuse"":0.00708758,""simu"":2.7753,""module"":""qsimcirq.qsim_avx512""}"
aer,qft,qft_24.txt,24,c64,8,fusion=0,0,0,6.325055,time_taken,14.92,23.92,12.19,11.67,"{""run_wall"":6.348755015060306,""success"":true,""fusion"":"""",""parallel_state_update"":8,""sim_qubits"":24,""status"":""DONE""}"
aer,qft,qft_24.txt,24,c64,8,fusion=0,0,1,7.005446,time_taken,14.92,23.92,12.19,11.67,"{""run_wall"":7.034653916954994,""success"":true,""fusion"":"""",""parallel_state_update"":8,""sim_qubits"":24,""status"":""DONE""}"
aer,qft,qft_24.txt,24,c64,8,fusion=0,0,2,5.782218,time_taken,14.92,23.92,12.19,11.67,"{""run_wall"":5.803619638085365,""success"":true,""fusion"":"""",""parallel_state_update"":8,""sim_qubits"":24,""status"":""DONE""}"
aer,qft,qft_24.txt,24,c64,8,"fmax=3,fusion=1",0,0,7.124216,time_taken,14.92,23.92,12.19,11.67,"{""run_wall"":7.150172311812639,""success"":true,""fusion"":""True"",""parallel_state_update"":8,""sim_qubits"":24,""status"":""DONE""}"
aer,qft,qft_24.txt,24,c64,8,"fmax=3,fusion=1",0,1,6.647823,time_taken,14.92,23.92,12.19,11.67,"{""run_wall"":6.669040495529771,""success"":true,""fusion"":""True"",""parallel_state_update"":8,""sim_qubits"":24,""status"":""DONE""}"
aer,qft,qft_24.txt,24,c64,8,"fmax=3,fusion=1",0,2,7.553336,time_taken,14.92,23.92,12.19,11.67,"{""run_wall"":7.574491526931524,""success"":true,""fusion"":""True"",""parallel_state_update"":8,""sim_qubits"":24,""status"":""DONE""}"
aer,qft,qft_24.txt,24,c64,8,"fmax=4,fusion=1",0,0,5.455368,time_taken,14.92,23.92,12.19,11.67,"{""run_wall"":5.483102448284626,""success"":true,""fusion"":""True"",""parallel_state_update"":8,""sim_qubits"":24,""status"":""DONE""}"
aer,qft,qft_24.txt,24,c64,8,"fmax=4,fusion=1",0,1,6.181539,time_taken,14.92,23.92,12.19,11.67,"{""run_wall"":6.203359900042415,""success"":true,""fusion"":""True"",""parallel_state_update"":8,""sim_qubits"":24,""status"":""DONE""}"
aer,qft,qft_24.txt,24,c64,8,"fmax=4,fusion=1",0,2,6.009413,time_taken,14.92,23.92,12.19,11.67,"{""run_wall"":6.034761466085911,""success"":true,""fusion"":""True"",""parallel_state_update"":8,""sim_qubits"":24,""status"":""DONE""}"
aer,qft,qft_24.txt,24,c64,8,"fmax=5,fusion=1",0,0,6.410963,time_taken,14.92,23.92,12.19,11.67,"{""run_wall"":6.4373250510543585,""success"":true,""fusion"":""True"",""parallel_state_update"":8,""sim_qubits"":24,""status"":""DONE""}"
aer,qft,qft_24.txt,24,c64,8,"fmax=5,fusion=1",0,1,6.622872,time_taken,14.92,23.92,12.19,11.67,"{""run_wall"":6.645199600607157,""success"":true,""fusion"":""True"",""parallel_state_update"":8,""sim_qubits"":24,""status"":""DONE""}"
aer,qft,qft_24.txt,24,c64,8,"fmax=5,fusion=1",0,2,4.941826,time_taken,14.92,23.92,12.19,11.67,"{""run_wall"":4.963760470971465,""success"":true,""fusion"":""True"",""parallel_state_update"":8,""sim_qubits"":24,""status"":""DONE""}"
lightning,qft,qft_24.txt,24,c64,8,default,0,0,4.189675,apply,14.92,23.92,12.19,11.67,"{""kernels"":""AVX512/LM""}"
lightning,qft,qft_24.txt,24,c64,8,default,0,1,4.022423,apply,14.92,23.92,12.19,11.67,"{""kernels"":""AVX512/LM""}"
lightning,qft,qft_24.txt,24,c64,8,default,0,2,5.048777,apply,14.92,23.92,12.19,11.67,"{""kernels"":""AVX512/LM""}"
qsimlab,qft,qft_24.txt,24,c64,8,default,0,0,0.299400,apply,14.92,23.92,12.19,11.67,"{""binary"":""sv_file_bench-main"",""norm"":""norm 0.999999""}"
qsimlab,qft,qft_24.txt,24,c64,8,default,0,1,0.224100,apply,14.92,23.92,12.19,11.67,"{""binary"":""sv_file_bench-main"",""norm"":""norm 0.999999""}"
qsimlab,qft,qft_24.txt,24,c64,8,default,0,2,0.201400,apply,14.92,23.92,12.19,11.67,"{""binary"":""sv_file_bench-main"",""norm"":""norm 0.999999""}"
aer,qft,qft_24.txt,24,c128,8,fusion=0,0,0,9.101895,time_taken,23.92,20.40,11.07,15.99,"{""run_wall"":9.138179767876863,""success"":true,""fusion"":"""",""parallel_state_update"":8,""sim_qubits"":24,""status"":""DONE""}"
aer,qft,qft_24.txt,24,c128,8,fusion=0,0,1,6.191887,time_taken,23.92,20.40,11.07,15.99,"{""run_wall"":6.216013113036752,""success"":true,""fusion"":"""",""parallel_state_update"":8,""sim_qubits"":24,""status"":""DONE""}"
aer,qft,qft_24.txt,24,c128,8,fusion=0,0,2,5.698495,time_taken,23.92,20.40,11.07,15.99,"{""run_wall"":5.723796971142292,""success"":true,""fusion"":"""",""parallel_state_update"":8,""sim_qubits"":24,""status"":""DONE""}"
aer,qft,qft_24.txt,24,c128,8,"fmax=3,fusion=1",0,0,7.924876,time_taken,23.92,20.40,11.07,15.99,"{""run_wall"":7.95453985221684,""success"":true,""fusion"":""True"",""parallel_state_update"":8,""sim_qubits"":24,""status"":""DONE""}"
aer,qft,qft_24.txt,24,c128,8,"fmax=3,fusion=1",0,1,7.664639,time_taken,23.92,20.40,11.07,15.99,"{""run_wall"":7.687444960698485,""success"":true,""fusion"":""True"",""parallel_state_update"":8,""sim_qubits"":24,""status"":""DONE""}"
aer,qft,qft_24.txt,24,c128,8,"fmax=3,fusion=1",0,2,8.211183,time_taken,23.92,20.40,11.07,15.99,"{""run_wall"":8.232097573578358,""success"":true,""fusion"":""True"",""parallel_state_update"":8,""sim_qubits"":24,""status"":""DONE""}"
aer,qft,qft_24.txt,24,c128,8,"fmax=4,fusion=1",0,0,6.658637,time_taken,23.92,20.40,11.07,15.99,"{""run_wall"":6.679574105888605,""success"":true,""fusion"":""True"",""parallel_state_update"":8,""sim_qubits"":24,""status"":""DONE""}"
aer,qft,qft_24.txt,24,c128,8,"fmax=4,fusion=1",0,1,5.033572,time_taken,23.92,20.40,11.07,15.99,"{""run_wall"":5.0539675001055,""success"":true,""fusion"":""True"",""parallel_state_update"":8,""sim_qubits"":24,""status"":""DONE""}"
aer,qft,qft_24.txt,24,c128,8,"fmax=4,fusion=1",0,2,5.316273,time_taken,23.92,20.40,11.07,15.99,"{""run_wall"":5.3371090944856405,""success"":true,""fusion"":""True"",""parallel_state_update"":8,""sim_qubits"":24,""status"":""DONE""}"
aer,qft,qft_24.txt,24,c128,8,"fmax=5,fusion=1",0,0,4.773723,time_taken,23.92,20.40,11.07,15.99,"{""run_wall"":4.799751177430153,""success"":true,""fusion"":""True"",""parallel_state_update"":8,""sim_qubits"":24,""status"":""DONE""}"
aer,qft,qft_24.txt,24,c128,8,"fmax=5,fusion=1",0,1,5.069548,time_taken,23.92,20.40,11.07,15.99,"{""run_wall"":5.094623597338796,""success"":true,""fusion"":""True"",""parallel_state_update"":8,""sim_qubits"":24,""status"":""DONE""}"
aer,qft,qft_24.txt,24,c128,8,"fmax=5,fusion=1",0,2,5.350215,time_taken,23.92,20.40,11.07,15.99,"{""run_wall"":5.371504997834563,""success"":true,""fusion"":""True"",""parallel_state_update"":8,""sim_qubits"":24,""status"":""DONE""}"
qulacs_src,qft,qft_24.txt,24,c128,8,opt=none,0,0,5.697983,update,23.92,20.40,11.07,15.99,"{""optimizer_seconds"":9.890645742416382e-07,""gates"":324,""module"":""/dev/shm/qsim/ext/qulacs-site/qulacs""}"
qulacs_src,qft,qft_24.txt,24,c128,8,opt=none,0,1,5.561715,update,23.92,20.40,11.07,15.99,"{""optimizer_seconds"":9.890645742416382e-07,""gates"":324,""module"":""/dev/shm/qsim/ext/qulacs-site/qulacs""}"
qulacs_src,qft,qft_24.txt,24,c128,8,opt=none,0,2,5.764183,update,23.92,20.40,11.07,15.99,"{""optimizer_seconds"":9.890645742416382e-07,""gates"":324,""module"":""/dev/shm/qsim/ext/qulacs-site/qulacs""}"
qulacs_src,qft,qft_24.txt,24,c128,8,opt=light,0,0,5.248998,update,23.92,20.40,11.07,15.99,"{""optimizer_seconds"":0.0001427438110113144,""gates"":301,""module"":""/dev/shm/qsim/ext/qulacs-site/qulacs""}"
qulacs_src,qft,qft_24.txt,24,c128,8,opt=light,0,1,5.186202,update,23.92,20.40,11.07,15.99,"{""optimizer_seconds"":0.0001427438110113144,""gates"":301,""module"":""/dev/shm/qsim/ext/qulacs-site/qulacs""}"
qulacs_src,qft,qft_24.txt,24,c128,8,opt=light,0,2,5.432040,update,23.92,20.40,11.07,15.99,"{""optimizer_seconds"":0.0001427438110113144,""gates"":301,""module"":""/dev/shm/qsim/ext/qulacs-site/qulacs""}"
qulacs_src,qft,qft_24.txt,24,c128,8,opt=block2,0,0,5.044562,update,23.92,20.40,11.07,15.99,"{""optimizer_seconds"":0.038114456459879875,""gates"":293,""module"":""/dev/shm/qsim/ext/qulacs-site/qulacs""}"
qulacs_src,qft,qft_24.txt,24,c128,8,opt=block2,0,1,5.125823,update,23.92,20.40,11.07,15.99,"{""optimizer_seconds"":0.038114456459879875,""gates"":293,""module"":""/dev/shm/qsim/ext/qulacs-site/qulacs""}"
qulacs_src,qft,qft_24.txt,24,c128,8,opt=block2,0,2,5.143122,update,23.92,20.40,11.07,15.99,"{""optimizer_seconds"":0.038114456459879875,""gates"":293,""module"":""/dev/shm/qsim/ext/qulacs-site/qulacs""}"
qulacs_src,qft,qft_24.txt,24,c128,8,opt=block3,0,0,13.935107,update,23.92,20.40,11.07,15.99,"{""optimizer_seconds"":0.013233359903097153,""gates"":149,""module"":""/dev/shm/qsim/ext/qulacs-site/qulacs""}"
qulacs_src,qft,qft_24.txt,24,c128,8,opt=block3,0,1,12.657330,update,23.92,20.40,11.07,15.99,"{""optimizer_seconds"":0.013233359903097153,""gates"":149,""module"":""/dev/shm/qsim/ext/qulacs-site/qulacs""}"
qulacs_src,qft,qft_24.txt,24,c128,8,opt=block3,0,2,13.570742,update,23.92,20.40,11.07,15.99,"{""optimizer_seconds"":0.013233359903097153,""gates"":149,""module"":""/dev/shm/qsim/ext/qulacs-site/qulacs""}"
qulacs,qft,qft_24.txt,24,c128,8,opt=none,0,0,5.970957,update,23.92,20.40,11.07,15.99,"{""optimizer_seconds"":1.5720725059509277e-06,""gates"":324,""module"":""/dev/shm/qsim/venv/lib/python3.10/site-packages/qulacs""}"
qulacs,qft,qft_24.txt,24,c128,8,opt=none,0,1,5.303545,update,23.92,20.40,11.07,15.99,"{""optimizer_seconds"":1.5720725059509277e-06,""gates"":324,""module"":""/dev/shm/qsim/venv/lib/python3.10/site-packages/qulacs""}"
qulacs,qft,qft_24.txt,24,c128,8,opt=none,0,2,6.037116,update,23.92,20.40,11.07,15.99,"{""optimizer_seconds"":1.5720725059509277e-06,""gates"":324,""module"":""/dev/shm/qsim/venv/lib/python3.10/site-packages/qulacs""}"
qulacs,qft,qft_24.txt,24,c128,8,opt=block2,0,0,5.853475,update,23.92,20.40,11.07,15.99,"{""optimizer_seconds"":0.03816407732665539,""gates"":293,""module"":""/dev/shm/qsim/venv/lib/python3.10/site-packages/qulacs""}"
qulacs,qft,qft_24.txt,24,c128,8,opt=block2,0,1,5.870232,update,23.92,20.40,11.07,15.99,"{""optimizer_seconds"":0.03816407732665539,""gates"":293,""module"":""/dev/shm/qsim/venv/lib/python3.10/site-packages/qulacs""}"
qulacs,qft,qft_24.txt,24,c128,8,opt=block2,0,2,5.926076,update,23.92,20.40,11.07,15.99,"{""optimizer_seconds"":0.03816407732665539,""gates"":293,""module"":""/dev/shm/qsim/venv/lib/python3.10/site-packages/qulacs""}"
lightning,qft,qft_24.txt,24,c128,8,default,0,0,7.704286,apply,23.92,20.40,11.07,15.99,"{""kernels"":""AVX512/LM""}"
lightning,qft,qft_24.txt,24,c128,8,default,0,1,6.397110,apply,23.92,20.40,11.07,15.99,"{""kernels"":""AVX512/LM""}"
lightning,qft,qft_24.txt,24,c128,8,default,0,2,6.392491,apply,23.92,20.40,11.07,15.99,"{""kernels"":""AVX512/LM""}"
qsimlab,qft,qft_24.txt,24,c128,8,default,0,0,0.242700,apply,23.92,20.40,11.07,15.99,"{""binary"":""sv_file_bench-main"",""norm"":""norm 1.000000""}"
qsimlab,qft,qft_24.txt,24,c128,8,default,0,1,0.231700,apply,23.92,20.40,11.07,15.99,"{""binary"":""sv_file_bench-main"",""norm"":""norm 1.000000""}"
qsimlab,qft,qft_24.txt,24,c128,8,default,0,2,0.228000,apply,23.92,20.40,11.07,15.99,"{""binary"":""sv_file_bench-main"",""norm"":""norm 1.000000""}"
qsim,brick_cz,brick_cz_24.txt,24,c64,8,f=2,0,0,7.954223,qsim_fuse+simu,28.56,38.63,13.85,15.98,"{""call"":8.038923613727093,""init"":1.3113e-06,""fuse"":0.000512863,""simu"":7.95371,""module"":""qsimcirq.qsim_avx512""}"
qsim,brick_cz,brick_cz_24.txt,24,c64,8,f=2,0,1,6.390078,qsim_fuse+simu,28.56,38.63,13.85,15.98,"{""call"":6.453041814267635,""init"":1.38395e-06,""fuse"":0.000338331,""simu"":6.38974,""module"":""qsimcirq.qsim_avx512""}"
qsim,brick_cz,brick_cz_24.txt,24,c64,8,f=2,0,2,6.224546,qsim_fuse+simu,28.56,38.63,13.85,15.98,"{""call"":6.275043545290828,""init"":1.38395e-06,""fuse"":0.000325674,""simu"":6.22422,""module"":""qsimcirq.qsim_avx512""}"
qsim,brick_cz,brick_cz_24.txt,24,c64,8,f=3,0,0,4.850596,qsim_fuse+simu,28.56,38.63,13.85,15.98,"{""call"":4.99662078358233,""init"":1.45473e-06,""fuse"":0.000885695,""simu"":4.84971,""module"":""qsimcirq.qsim_avx512""}"
qsim,brick_cz,brick_cz_24.txt,24,c64,8,f=3,0,1,4.388619,qsim_fuse+simu,28.56,38.63,13.85,15.98,"{""call"":4.497139705345035,""init"":1.2964e-06,""fuse"":0.000679275,""simu"":4.38794,""module"":""qsimcirq.qsim_avx512""}"
qsim,brick_cz,brick_cz_24.txt,24,c64,8,f=3,0,2,3.551566,qsim_fuse+simu,28.56,38.63,13.85,15.98,"{""call"":3.619440719485283,""init"":1.32062e-06,""fuse"":0.00078612,""simu"":3.55078,""module"":""qsimcirq.qsim_avx512""}"
qsim,brick_cz,brick_cz_24.txt,24,c64,8,f=4,0,0,3.077472,qsim_fuse+simu,28.56,38.63,13.85,15.98,"{""call"":3.185136027634144,""init"":1.31875e-06,""fuse"":0.00189179,""simu"":3.07558,""module"":""qsimcirq.qsim_avx512""}"
qsim,brick_cz,brick_cz_24.txt,24,c64,8,f=4,0,1,3.496398,qsim_fuse+simu,28.56,38.63,13.85,15.98,"{""call"":3.5644318778067827,""init"":1.34483e-06,""fuse"":0.015408,""simu"":3.48099,""module"":""qsimcirq.qsim_avx512""}"
qsim,brick_cz,brick_cz_24.txt,24,c64,8,f=4,0,2,2.653657,qsim_fuse+simu,28.56,38.63,13.85,15.98,"{""call"":2.7348014134913683,""init"":1.38208e-06,""fuse"":0.00348702,""simu"":2.65017,""module"":""qsimcirq.qsim_avx512""}"
qsim,brick_cz,brick_cz_24.txt,24,c64,8,f=5,0,0,3.201912,qsim_fuse+simu,28.56,38.63,13.85,15.98,"{""call"":3.313196675851941,""init"":1.4212e-06,""fuse"":0.00501156,""simu"":3.1969,""module"":""qsimcirq.qsim_avx512""}"
qsim,brick_cz,brick_cz_24.txt,24,c64,8,f=5,0,1,3.821998,qsim_fuse+simu,28.56,38.63,13.85,15.98,"{""call"":3.925104144960642,""init"":1.30944e-06,""fuse"":0.0238475,""simu"":3.79815,""module"":""qsimcirq.qsim_avx512""}"
qsim,brick_cz,brick_cz_24.txt,24,c64,8,f=5,0,2,3.717422,qsim_fuse+simu,28.56,38.63,13.85,15.98,"{""call"":3.804094174876809,""init"":1.43424e-06,""fuse"":0.0287519,""simu"":3.68867,""module"":""qsimcirq.qsim_avx512""}"
aer,brick_cz,brick_cz_24.txt,24,c64,8,fusion=0,0,0,39.576229,time_taken,28.56,38.63,13.85,15.98,"{""run_wall"":39.595050882548094,""success"":true,""fusion"":"""",""parallel_state_update"":8,""sim_qubits"":24,""status"":""DONE""}"
aer,brick_cz,brick_cz_24.txt,24,c64,8,fusion=0,0,1,39.072619,time_taken,28.56,38.63,13.85,15.98,"{""run_wall"":39.10271258838475,""success"":true,""fusion"":"""",""parallel_state_update"":8,""sim_qubits"":24,""status"":""DONE""}"
aer,brick_cz,brick_cz_24.txt,24,c64,8,fusion=0,0,2,43.136838,time_taken,28.56,38.63,13.85,15.98,"{""run_wall"":43.155663488432765,""success"":true,""fusion"":"""",""parallel_state_update"":8,""sim_qubits"":24,""status"":""DONE""}"
aer,brick_cz,brick_cz_24.txt,24,c64,8,"fmax=4,fusion=1",0,0,19.841785,time_taken,28.56,38.63,13.85,15.98,"{""run_wall"":19.86818931810558,""success"":true,""fusion"":""True"",""parallel_state_update"":8,""sim_qubits"":24,""status"":""DONE""}"
aer,brick_cz,brick_cz_24.txt,24,c64,8,"fmax=4,fusion=1",0,1,20.538749,time_taken,28.56,38.63,13.85,15.98,"{""run_wall"":20.567884638905525,""success"":true,""fusion"":""True"",""parallel_state_update"":8,""sim_qubits"":24,""status"":""DONE""}"
aer,brick_cz,brick_cz_24.txt,24,c64,8,"fmax=4,fusion=1",0,2,18.642378,time_taken,28.56,38.63,13.85,15.98,"{""run_wall"":18.671868598088622,""success"":true,""fusion"":""True"",""parallel_state_update"":8,""sim_qubits"":24,""status"":""DONE""}"
aer,brick_cz,brick_cz_24.txt,24,c64,8,"fmax=5,fusion=1",0,0,19.082157,time_taken,28.56,38.63,13.85,15.98,"{""run_wall"":19.106332624331117,""success"":true,""fusion"":""True"",""parallel_state_update"":8,""sim_qubits"":24,""status"":""DONE""}"
aer,brick_cz,brick_cz_24.txt,24,c64,8,"fmax=5,fusion=1",0,1,17.110054,time_taken,28.56,38.63,13.85,15.98,"{""run_wall"":17.131612319499254,""success"":true,""fusion"":""True"",""parallel_state_update"":8,""sim_qubits"":24,""status"":""DONE""}"
aer,brick_cz,brick_cz_24.txt,24,c64,8,"fmax=5,fusion=1",0,2,17.872385,time_taken,28.56,38.63,13.85,15.98,"{""run_wall"":17.910389453172684,""success"":true,""fusion"":""True"",""parallel_state_update"":8,""sim_qubits"":24,""status"":""DONE""}"
lightning,brick_cz,brick_cz_24.txt,24,c64,8,default,0,0,9.972424,apply,28.56,38.63,13.85,15.98,"{""kernels"":""AVX512/LM""}"
lightning,brick_cz,brick_cz_24.txt,24,c64,8,default,0,1,9.015878,apply,28.56,38.63,13.85,15.98,"{""kernels"":""AVX512/LM""}"
lightning,brick_cz,brick_cz_24.txt,24,c64,8,default,0,2,8.482870,apply,28.56,38.63,13.85,15.98,"{""kernels"":""AVX512/LM""}"
qsimlab,brick_cz,brick_cz_24.txt,24,c64,8,default,0,0,2.137900,apply,28.56,38.63,13.85,15.98,"{""binary"":""sv_file_bench-main"",""norm"":""norm 0.999989""}"
qsimlab,brick_cz,brick_cz_24.txt,24,c64,8,default,0,1,1.883200,apply,28.56,38.63,13.85,15.98,"{""binary"":""sv_file_bench-main"",""norm"":""norm 0.999989""}"
qsimlab,brick_cz,brick_cz_24.txt,24,c64,8,default,0,2,1.984000,apply,28.56,38.63,13.85,15.98,"{""binary"":""sv_file_bench-main"",""norm"":""norm 0.999989""}"
aer,brick_cz,brick_cz_24.txt,24,c128,8,fusion=0,0,0,43.306644,time_taken,38.63,59.68,14.57,16.03,"{""run_wall"":43.34188295900822,""success"":true,""fusion"":"""",""parallel_state_update"":8,""sim_qubits"":24,""status"":""DONE""}"
aer,brick_cz,brick_cz_24.txt,24,c128,8,fusion=0,0,1,43.112128,time_taken,38.63,59.68,14.57,16.03,"{""run_wall"":43.130982890725136,""success"":true,""fusion"":"""",""parallel_state_update"":8,""sim_qubits"":24,""status"":""DONE""}"
aer,brick_cz,brick_cz_24.txt,24,c128,8,fusion=0,0,2,40.143306,time_taken,38.63,59.68,14.57,16.03,"{""run_wall"":40.16160891391337,""success"":true,""fusion"":"""",""parallel_state_update"":8,""sim_qubits"":24,""status"":""DONE""}"
aer,brick_cz,brick_cz_24.txt,24,c128,8,"fmax=4,fusion=1",0,0,18.418285,time_taken,38.63,59.68,14.57,16.03,"{""run_wall"":18.43680465593934,""success"":true,""fusion"":""True"",""parallel_state_update"":8,""sim_qubits"":24,""status"":""DONE""}"
aer,brick_cz,brick_cz_24.txt,24,c128,8,"fmax=4,fusion=1",0,1,18.692259,time_taken,38.63,59.68,14.57,16.03,"{""run_wall"":18.710554480552673,""success"":true,""fusion"":""True"",""parallel_state_update"":8,""sim_qubits"":24,""status"":""DONE""}"
aer,brick_cz,brick_cz_24.txt,24,c128,8,"fmax=4,fusion=1",0,2,21.394122,time_taken,38.63,59.68,14.57,16.03,"{""run_wall"":21.420676216483116,""success"":true,""fusion"":""True"",""parallel_state_update"":8,""sim_qubits"":24,""status"":""DONE""}"
aer,brick_cz,brick_cz_24.txt,24,c128,8,"fmax=5,fusion=1",0,0,29.730353,time_taken,38.63,59.68,14.57,16.03,"{""run_wall"":29.819159066304564,""success"":true,""fusion"":""True"",""parallel_state_update"":8,""sim_qubits"":24,""status"":""DONE""}"
aer,brick_cz,brick_cz_24.txt,24,c128,8,"fmax=5,fusion=1",0,1,27.931222,time_taken,38.63,59.68,14.57,16.03,"{""run_wall"":27.9576336722821,""success"":true,""fusion"":""True"",""parallel_state_update"":8,""sim_qubits"":24,""status"":""DONE""}"
aer,brick_cz,brick_cz_24.txt,24,c128,8,"fmax=5,fusion=1",0,2,30.026431,time_taken,38.63,59.68,14.57,16.03,"{""run_wall"":30.094131032004952,""success"":true,""fusion"":""True"",""parallel_state_update"":8,""sim_qubits"":24,""status"":""DONE""}"
qulacs_src,brick_cz,brick_cz_24.txt,24,c128,8,opt=none,0,0,39.751998,update,38.63,59.68,14.57,16.03,"{""optimizer_seconds"":1.0468065738677979e-06,""gates"":710,""module"":""/dev/shm/qsim/ext/qulacs-site/qulacs""}"
qulacs_src,brick_cz,brick_cz_24.txt,24,c128,8,opt=none,0,1,36.672001,update,38.63,59.68,14.57,16.03,"{""optimizer_seconds"":1.0468065738677979e-06,""gates"":710,""module"":""/dev/shm/qsim/ext/qulacs-site/qulacs""}"
qulacs_src,brick_cz,brick_cz_24.txt,24,c128,8,opt=none,0,2,38.936010,update,38.63,59.68,14.57,16.03,"{""optimizer_seconds"":1.0468065738677979e-06,""gates"":710,""module"":""/dev/shm/qsim/ext/qulacs-site/qulacs""}"
qulacs_src,brick_cz,brick_cz_24.txt,24,c128,8,opt=light,0,0,14.416000,update,38.63,59.68,14.57,16.03,"{""optimizer_seconds"":0.0006235800683498383,""gates"":254,""module"":""/dev/shm/qsim/ext/qulacs-site/qulacs""}"
qulacs_src,brick_cz,brick_cz_24.txt,24,c128,8,opt=light,0,1,13.752283,update,38.63,59.68,14.57,16.03,"{""optimizer_seconds"":0.0006235800683498383,""gates"":254,""module"":""/dev/shm/qsim/ext/qulacs-site/qulacs""}"
qulacs_src,brick_cz,brick_cz_24.txt,24,c128,8,opt=light,0,2,17.442066,update,38.63,59.68,14.57,16.03,"{""optimizer_seconds"":0.0006235800683498383,""gates"":254,""module"":""/dev/shm/qsim/ext/qulacs-site/qulacs""}"
qulacs_src,brick_cz,brick_cz_24.txt,24,c128,8,opt=block2,0,0,13.800004,update,38.63,59.68,14.57,16.03,"{""optimizer_seconds"":0.16576995700597763,""gates"":230,""module"":""/dev/shm/qsim/ext/qulacs-site/qulacs""}"
qulacs_src,brick_cz,brick_cz_24.txt,24,c128,8,opt=block2,0,1,13.412007,update,38.63,59.68,14.57,16.03,"{""optimizer_seconds"":0.16576995700597763,""gates"":230,""module"":""/dev/shm/qsim/ext/qulacs-site/qulacs""}"
qulacs_src,brick_cz,brick_cz_24.txt,24,c128,8,opt=block2,0,2,12.832283,update,38.63,59.68,14.57,16.03,"{""optimizer_seconds"":0.16576995700597763,""gates"":230,""module"":""/dev/shm/qsim/ext/qulacs-site/qulacs""}"
lightning,brick_cz,brick_cz_24.txt,24,c128,8,default,0,0,40.930001,apply,38.63,59.68,14.57,16.03,"{""kernels"":""AVX512/LM""}"
lightning,brick_cz,brick_cz_24.txt,24,c128,8,default,0,1,36.577394,apply,38.63,59.68,14.57,16.03,"{""kernels"":""AVX512/LM""}"
lightning,brick_cz,brick_cz_24.txt,24,c128,8,default,0,2,42.508119,apply,38.63,59.68,14.57,16.03,"{""kernels"":""AVX512/LM""}"
qulacs,brick_cz,brick_cz_24.txt,24,c128,8,opt=none,0,0,55.523961,update,38.63,59.68,14.57,16.03,"{""optimizer_seconds"":1.2330710887908936e-06,""gates"":710,""module"":""/dev/shm/qsim/venv/lib/python3.10/site-packages/qulacs""}"
qulacs,brick_cz,brick_cz_24.txt,24,c128,8,opt=none,0,1,63.126531,update,38.63,59.68,14.57,16.03,"{""optimizer_seconds"":1.2330710887908936e-06,""gates"":710,""module"":""/dev/shm/qsim/venv/lib/python3.10/site-packages/qulacs""}"
qulacs,brick_cz,brick_cz_24.txt,24,c128,8,opt=none,0,2,55.444416,update,38.63,59.68,14.57,16.03,"{""optimizer_seconds"":1.2330710887908936e-06,""gates"":710,""module"":""/dev/shm/qsim/venv/lib/python3.10/site-packages/qulacs""}"
qsimlab,brick_cz,brick_cz_24.txt,24,c128,8,default,0,0,4.827400,apply,38.63,59.68,14.57,16.03,"{""binary"":""sv_file_bench-main"",""norm"":""norm 1.000000""}"
qsimlab,brick_cz,brick_cz_24.txt,24,c128,8,default,0,1,4.909300,apply,38.63,59.68,14.57,16.03,"{""binary"":""sv_file_bench-main"",""norm"":""norm 1.000000""}"
qsimlab,brick_cz,brick_cz_24.txt,24,c128,8,default,0,2,4.994800,apply,38.63,59.68,14.57,16.03,"{""binary"":""sv_file_bench-main"",""norm"":""norm 1.000000""}"
