family,spec,seed,winner,best_secs,pred_lofo,pred_regret,t_sv,t_sparse,t_mps,t_hsf,t_tableau,t_cstate,t_frame,t_dense,t_auto
ct,"ct:n=24,L=1,t=0,nn=1",1,tableau,4.5e-05,tableau,1,0.293,0.000654,0.000136,0.0535,4.5e-05,4.6e-05,6.7e-05,8.5e-05,7.2e-05
ct,"ct:n=24,L=1,t=2,nn=1",1,cstate,4.9e-05,cstate,1,0.305,0.0021,0.000132,0.0555,na,4.9e-05,0.000232,7.9e-05,8.5e-05
ct,"ct:n=24,L=1,t=4,nn=1",1,cstate,7.7e-05,cstate,1,0.335,0.0164,0.000205,0.0568,na,7.7e-05,0.000215,8.8e-05,9.7e-05
ct,"ct:n=24,L=1,t=8,nn=1",1,cstate,5.7e-05,cstate,1,0.344,0.0266,0.000162,0.0618,na,5.7e-05,9.6e-05,9.2e-05,9.2e-05
ct,"ct:n=24,L=1,t=12,nn=1",1,cstate,6.6e-05,cstate,1,0.385,0.172,0.000143,0.0584,na,6.6e-05,0.000172,0.000118,0.000209
ct,"ct:n=24,L=1,t=16,nn=1",1,cstate,6.6e-05,auto,2.24,0.394,0.305,0.000144,0.0609,na,6.6e-05,0.000121,0.000102,0.000148
ct,"ct:n=24,L=1,t=24,nn=1",1,auto,0.000113,auto,1,0.451,6.83,0.000175,0.062,na,0.000414,0.000123,0.000748,0.000113
ct,"ct:n=24,L=1,t=32,nn=1",1,cstate,0.000158,auto,1.63,0.393,0.488,0.000166,0.0586,na,0.000158,0.000267,0.000207,0.000257
ct,"ct:n=24,L=1,t=48,nn=1",1,mps,0.00016,auto,2.03,0.433,5.4,0.00016,0.0632,na,0.00118,0.000239,0.0016,0.000325
ct,"ct:n=24,L=1,t=64,nn=1",1,mps,0.000176,auto,1.56,0.427,3.06,0.000176,0.0637,na,0.0109,0.000286,0.0122,0.000275
ct,"ct:n=24,L=2,t=0,nn=1",1,tableau,5.4e-05,tableau,1,0.502,0.0053,0.000231,0.0634,5.4e-05,7.8e-05,0.000108,0.000127,0.000109
ct,"ct:n=24,L=2,t=2,nn=1",1,cstate,8.1e-05,cstate,1,0.508,0.00689,0.000219,0.0725,na,8.1e-05,0.000299,0.000122,0.000118
ct,"ct:n=24,L=2,t=4,nn=1",1,cstate,8.2e-05,cstate,1,0.542,0.0309,0.000218,0.0629,na,8.2e-05,0.000279,0.000103,0.000106
ct,"ct:n=24,L=2,t=8,nn=1",1,cstate,8.3e-05,cstate,1,0.581,0.0864,0.000212,0.063,na,8.3e-05,0.000117,0.000112,0.000114
ct,"ct:n=24,L=2,t=12,nn=1",1,cstate,9.2e-05,cstate,1,0.595,0.0569,0.000254,0.0683,na,9.2e-05,0.000242,0.000119,0.000242
ct,"ct:n=24,L=2,t=16,nn=1",1,cstate,9.2e-05,cstate,1,0.647,0.673,0.00021,0.0592,na,9.2e-05,0.000382,0.000122,0.000276
ct,"ct:n=24,L=2,t=24,nn=1",1,cstate,0.000149,auto,1.77,0.717,2.4,0.000234,0.0643,na,0.000149,0.000244,0.000168,0.000263
ct,"ct:n=24,L=2,t=32,nn=1",1,auto,0.000215,auto,1,0.755,timeout,0.000242,0.0712,na,0.000524,0.000278,0.000651,0.000215
ct,"ct:n=24,L=2,t=48,nn=1",1,mps,0.00024,auto,1.19,0.868,timeout,0.00024,0.0602,na,0.018,0.000243,0.0155,0.000285
ct,"ct:n=24,L=2,t=64,nn=1",1,frame,0.00024,mps,1.1,0.763,timeout,0.000265,0.0674,na,0.108,0.00024,0.098,0.000296
ct,"ct:n=24,L=4,t=0,nn=1",1,tableau,5.5e-05,tableau,1,1.02,0.542,0.000339,0.113,5.5e-05,0.000105,0.000144,0.000153,0.000151
ct,"ct:n=24,L=4,t=2,nn=1",1,cstate,0.000127,cstate,1,0.979,1.32,0.000469,0.117,na,0.000127,0.000262,0.000139,0.000143
ct,"ct:n=24,L=4,t=4,nn=1",1,cstate,0.000109,cstate,1,0.997,2.08,0.000378,0.0667,na,0.000109,0.000275,0.000145,0.00014
ct,"ct:n=24,L=4,t=8,nn=1",1,cstate,0.000114,cstate,1,1.04,2.22,0.000463,0.112,na,0.000114,0.000207,0.000151,0.00016
ct,"ct:n=24,L=4,t=12,nn=1",1,cstate,0.00012,cstate,1,1.09,1.47,0.000456,0.135,na,0.00012,0.00034,0.000158,0.000306
ct,"ct:n=24,L=4,t=16,nn=1",1,cstate,0.000127,cstate,1,1.15,2.61,0.000382,0.0731,na,0.000127,0.000312,0.000172,0.000368
ct,"ct:n=24,L=4,t=24,nn=1",1,cstate,0.000174,auto,2.09,1.2,timeout,0.000409,0.123,na,0.000174,0.000367,0.000212,0.000364
ct,"ct:n=24,L=4,t=32,nn=1",1,frame,0.000273,auto,1.16,1.17,skipped,0.000452,0.128,na,0.0043,0.000273,0.00309,0.000317
ct,"ct:n=24,L=4,t=48,nn=1",1,frame,0.000299,auto,1.14,1.34,skipped,0.000361,0.129,na,0.0295,0.000299,0.0284,0.000342
ct,"ct:n=24,L=4,t=64,nn=1",1,mps,0.000418,mps,1,1.41,skipped,0.000418,0.125,na,0.167,0.000827,0.153,0.00114
ct,"ct:n=24,L=8,t=0,nn=1",1,tableau,8.5e-05,tableau,1,1.95,timeout,0.000815,0.163,8.5e-05,0.000168,0.000206,0.000207,0.000215
ct,"ct:n=24,L=8,t=2,nn=1",1,cstate,0.000163,cstate,1,1.93,timeout,0.000824,0.123,na,0.000163,0.000285,0.000212,0.000217
ct,"ct:n=24,L=8,t=4,nn=1",1,cstate,0.000165,cstate,1,1.97,timeout,0.000994,0.121,na,0.000165,0.000277,0.000196,0.000202
ct,"ct:n=24,L=8,t=8,nn=1",1,cstate,0.000209,cstate,1,1.85,timeout,0.000844,0.154,na,0.000209,0.000385,0.000246,0.000485
ct,"ct:n=24,L=8,t=12,nn=1",1,cstate,0.000173,cstate,1,1.93,timeout,0.000787,0.153,na,0.000173,0.000365,0.000266,0.000431
ct,"ct:n=24,L=8,t=16,nn=1",1,cstate,0.000231,auto,1.92,2.01,timeout,0.000794,0.119,na,0.000231,0.00038,0.000234,0.000444
ct,"ct:n=24,L=8,t=24,nn=1",1,frame,0.000304,auto,1.29,2.03,skipped,0.000837,0.15,na,0.000996,0.000304,0.00121,0.000392
ct,"ct:n=24,L=8,t=32,nn=1",1,auto,0.000364,auto,1,2.24,skipped,0.000937,0.117,na,0.0122,0.000418,0.0123,0.000364
ct,"ct:n=24,L=8,t=48,nn=1",1,frame,0.000407,auto,1.22,2.26,skipped,0.000967,0.154,na,0.128,0.000407,0.133,0.000497
ct,"ct:n=24,L=8,t=64,nn=1",1,mps,0.00105,mps,1,2.34,skipped,0.00105,0.15,na,0.27,0.00381,0.266,0.00377
ct,"ct:n=24,L=16,t=0,nn=1",1,tableau,7.8e-05,tableau,1,3.55,skipped,0.00591,0.675,7.8e-05,0.000286,0.000356,0.000539,0.000418
ct,"ct:n=24,L=16,t=2,nn=1",1,cstate,0.000276,cstate,1,3.58,skipped,0.00639,0.673,na,0.000276,0.000674,0.000312,0.000322
ct,"ct:n=24,L=16,t=4,nn=1",1,auto,0.000322,cstate,1.02,3.54,skipped,0.00629,0.651,na,0.000328,0.000419,0.000326,0.000322
ct,"ct:n=24,L=16,t=8,nn=1",1,cstate,0.000271,cstate,1,3.52,skipped,0.0137,0.625,na,0.000271,0.000419,0.000348,0.000421
ct,"ct:n=24,L=16,t=12,nn=1",1,cstate,0.000286,cstate,1,3.53,skipped,0.00164,1.19,na,0.000286,0.00037,0.000315,0.000468
ct,"ct:n=24,L=16,t=16,nn=1",1,frame,0.000385,auto,1.17,3.56,skipped,0.00316,0.349,na,0.000418,0.000385,0.000504,0.000452
ct,"ct:n=24,L=16,t=24,nn=1",1,frame,0.000438,auto,1.06,3.68,skipped,0.0035,0.638,na,0.00453,0.000438,0.00475,0.000464
ct,"ct:n=24,L=16,t=32,nn=1",1,auto,0.000468,auto,1,3.86,skipped,0.0122,1.22,na,0.0251,0.000473,0.0231,0.000468
ct,"ct:n=24,L=16,t=48,nn=1",1,auto,0.000399,auto,1,3.8,skipped,0.00245,0.636,na,0.0112,0.000453,0.0104,0.000399
ct,"ct:n=24,L=16,t=64,nn=1",1,frame,0.0135,mps,1.94,3.96,skipped,0.0261,1.22,na,0.505,0.0135,0.503,1.35
ct,"ct:n=24,L=32,t=0,nn=1",1,tableau,0.000115,tableau,1,6.97,skipped,1.42,timeout,0.000115,0.000499,0.000526,0.000544,0.000532
ct,"ct:n=24,L=32,t=2,nn=1",1,cstate,0.000518,cstate,1,7.16,skipped,0.399,timeout,na,0.000518,0.000696,0.000518,0.000629
ct,"ct:n=24,L=32,t=4,nn=1",1,auto,0.000535,cstate,1.08,7.1,skipped,0.933,timeout,na,0.000577,0.000776,0.000592,0.000535
ct,"ct:n=24,L=32,t=8,nn=1",1,cstate,0.000486,cstate,1,6.99,skipped,1.11,timeout,na,0.000486,0.000683,0.000527,0.000605
ct,"ct:n=24,L=32,t=12,nn=1",1,cstate,0.000514,cstate,1,6.8,skipped,0.691,timeout,na,0.000514,0.000692,0.000547,0.000826
ct,"ct:n=24,L=32,t=16,nn=1",1,frame,0.000697,auto,2.34,7.23,skipped,1.3,timeout,na,0.000844,0.000697,0.00244,0.00163
ct,"ct:n=24,L=32,t=24,nn=1",1,frame,0.000676,auto,1.16,7.42,skipped,0.499,timeout,na,0.0109,0.000676,0.0113,0.000782
ct,"ct:n=24,L=32,t=32,nn=1",1,frame,0.000747,auto,1.2,7.41,skipped,2.09,timeout,na,0.0775,0.000747,0.0777,0.000895
ct,"ct:n=24,L=32,t=48,nn=1",1,frame,0.00246,auto,1.01,7.13,skipped,4.84,timeout,na,0.367,0.00246,0.372,0.00249
ct,"ct:n=24,L=32,t=64,nn=1",1,auto,0.000656,auto,1,7.04,skipped,9.89,timeout,na,0.481,0.000688,0.485,0.000656
ct,"ct:n=32,L=1,t=0,nn=1",1,tableau,2.9e-05,tableau,1,toolarge,0.0321,0.000153,toolarge,2.9e-05,6.1e-05,7.5e-05,8e-05,8.8e-05
ct,"ct:n=32,L=1,t=4,nn=1",1,cstate,7.3e-05,cstate,1,toolarge,0.0769,0.00015,toolarge,na,7.3e-05,0.000211,8.1e-05,9.6e-05
ct,"ct:n=32,L=1,t=8,nn=1",1,cstate,7.1e-05,cstate,1,toolarge,1.35,0.000138,toolarge,na,7.1e-05,8.3e-05,8.5e-05,8.8e-05
ct,"ct:n=32,L=1,t=16,nn=1",1,cstate,7.8e-05,cstate,1,toolarge,toolarge,0.000162,toolarge,na,7.8e-05,0.000102,9.3e-05,9.2e-05
ct,"ct:n=32,L=1,t=24,nn=1",1,auto,9.8e-05,auto,1,toolarge,toolarge,0.000149,toolarge,na,0.000545,0.000102,0.000388,9.8e-05
ct,"ct:n=32,L=1,t=32,nn=1",1,auto,9.7e-05,auto,1,toolarge,toolarge,0.000163,toolarge,na,0.00133,0.000107,0.00116,9.7e-05
ct,"ct:n=32,L=1,t=48,nn=1",1,mps,0.000161,auto,1.76,toolarge,toolarge,0.000161,toolarge,na,0.0082,0.000229,0.00844,0.000283
ct,"ct:n=32,L=1,t=64,nn=1",1,mps,0.000153,auto,1.3,toolarge,toolarge,0.000153,toolarge,na,0.223,0.000256,0.239,0.000199
ct,"ct:n=32,L=2,t=0,nn=1",1,tableau,4.2e-05,tableau,1,toolarge,toolarge,0.000238,skipped,4.2e-05,9.6e-05,0.000108,0.000103,0.000103
ct,"ct:n=32,L=2,t=4,nn=1",1,cstate,9e-05,cstate,1,toolarge,toolarge,0.000239,skipped,na,9e-05,0.000111,0.000117,0.000104
ct,"ct:n=32,L=2,t=8,nn=1",1,cstate,9.9e-05,cstate,1,toolarge,toolarge,0.000245,skipped,na,9.9e-05,0.000235,0.00011,0.000108
ct,"ct:n=32,L=2,t=16,nn=1",1,cstate,9.6e-05,cstate,1,toolarge,skipped,0.000245,skipped,na,9.6e-05,0.000117,0.00013,0.000115
ct,"ct:n=32,L=2,t=24,nn=1",1,auto,0.000115,auto,1,toolarge,skipped,0.000244,skipped,na,0.00047,0.000119,0.000369,0.000115
ct,"ct:n=32,L=2,t=32,nn=1",1,auto,0.000231,auto,1,toolarge,skipped,0.0003,skipped,na,0.000948,0.000287,0.000864,0.000231
ct,"ct:n=32,L=2,t=48,nn=1",1,mps,0.00025,auto,1.02,toolarge,skipped,0.00025,skipped,na,0.0167,0.000276,0.0146,0.000256
ct,"ct:n=32,L=2,t=64,nn=1",1,auto,0.000237,auto,1,toolarge,skipped,0.000334,skipped,na,0.232,0.000265,0.179,0.000237
ct,"ct:n=32,L=4,t=0,nn=1",1,tableau,5.1e-05,tableau,1,toolarge,skipped,0.000464,skipped,5.1e-05,0.000135,0.000152,0.000145,0.000145
ct,"ct:n=32,L=4,t=4,nn=1",1,cstate,0.00013,cstate,1,toolarge,skipped,0.000522,skipped,na,0.00013,0.000222,0.000186,0.000152
ct,"ct:n=32,L=4,t=8,nn=1",1,cstate,0.000143,cstate,1,toolarge,skipped,0.000526,skipped,na,0.000143,0.000275,0.000173,0.00027
ct,"ct:n=32,L=4,t=16,nn=1",1,cstate,0.000164,auto,1.73,toolarge,skipped,0.000443,skipped,na,0.000164,0.000239,0.000175,0.000284
ct,"ct:n=32,L=4,t=24,nn=1",1,cstate,0.000189,auto,1.53,toolarge,skipped,0.000405,skipped,na,0.000189,0.000296,0.000211,0.000289
ct,"ct:n=32,L=4,t=32,nn=1",1,frame,0.000287,auto,1,toolarge,skipped,0.000422,skipped,na,0.00606,0.000287,0.00577,0.000288
ct,"ct:n=32,L=4,t=48,nn=1",1,auto,0.000254,auto,1,toolarge,skipped,0.000425,skipped,na,0.102,0.000289,0.0984,0.000254
ct,"ct:n=32,L=4,t=64,nn=1",1,dense,0.000251,auto,1.02,toolarge,skipped,0.000479,skipped,na,toolarge,0.000308,0.000251,0.000257
ct,"ct:n=32,L=8,t=0,nn=1",1,tableau,6.6e-05,tableau,1,toolarge,skipped,0.00103,skipped,6.6e-05,0.000217,0.000232,0.000237,0.000226
ct,"ct:n=32,L=8,t=4,nn=1",1,auto,0.000232,cstate,1.08,toolarge,skipped,0.00105,skipped,na,0.000251,0.000359,0.000234,0.000232
ct,"ct:n=32,L=8,t=8,nn=1",1,cstate,0.000235,cstate,1,toolarge,skipped,0.00107,skipped,na,0.000235,0.000346,0.000269,0.000336
ct,"ct:n=32,L=8,t=16,nn=1",1,auto,0.000348,auto,1,toolarge,skipped,0.00102,skipped,na,0.000597,0.000421,0.00045,0.000348
ct,"ct:n=32,L=8,t=24,nn=1",1,auto,0.000356,auto,1,toolarge,skipped,0.00111,skipped,na,0.00502,0.000413,0.00464,0.000356
ct,"ct:n=32,L=8,t=32,nn=1",1,auto,0.000433,auto,1,toolarge,skipped,0.00102,skipped,na,0.0393,0.000448,0.038,0.000433
ct,"ct:n=32,L=8,t=48,nn=1",1,dense,0.00036,auto,1.16,toolarge,skipped,0.000893,skipped,na,toolarge,0.000368,0.00036,0.000416
ct,"ct:n=32,L=8,t=64,nn=1",1,mps,0.00113,mps,1,toolarge,skipped,0.00113,skipped,na,skipped,0.00125,2.06,0.00135
ct,"ct:n=32,L=16,t=0,nn=1",1,tableau,9.8e-05,tableau,1,toolarge,skipped,0.0046,skipped,9.8e-05,0.000381,0.000395,0.000389,0.00038
ct,"ct:n=32,L=16,t=4,nn=1",1,cstate,0.000375,cstate,1,toolarge,skipped,0.00441,skipped,na,0.000375,0.000474,0.000396,0.000447
ct,"ct:n=32,L=16,t=8,nn=1",1,cstate,0.000377,cstate,1,toolarge,skipped,0.00903,skipped,na,0.000377,0.000545,0.000388,0.00051
ct,"ct:n=32,L=16,t=16,nn=1",1,frame,0.000569,auto,1.13,toolarge,skipped,0.00838,skipped,na,0.000648,0.000569,0.000669,0.000644
ct,"ct:n=32,L=16,t=24,nn=1",1,auto,0.000494,auto,1,toolarge,skipped,0.0117,skipped,na,0.0179,0.000741,0.0192,0.000494
ct,"ct:n=32,L=16,t=32,nn=1",1,frame,0.000492,auto,1.09,toolarge,skipped,0.0177,skipped,na,0.301,0.000492,0.317,0.000538
ct,"ct:n=32,L=16,t=48,nn=1",1,frame,0.000581,auto,1.07,toolarge,skipped,0.00522,skipped,na,toolarge,0.000581,0.000607,0.000622
ct,"ct:n=32,L=16,t=64,nn=1",1,frame,0.00076,auto,1.11,toolarge,skipped,0.00643,skipped,na,skipped,0.00076,0.000948,0.000844
ct,"ct:n=32,L=32,t=0,nn=1",1,tableau,0.000119,tableau,1,toolarge,skipped,0.238,skipped,0.000119,0.000708,0.000712,0.000717,0.000778
ct,"ct:n=32,L=32,t=4,nn=1",1,auto,0.000709,cstate,1.08,toolarge,skipped,0.671,skipped,na,0.000768,0.000828,0.000712,0.000709
ct,"ct:n=32,L=32,t=8,nn=1",1,dense,0.000713,cstate,1.1,toolarge,skipped,error,skipped,na,0.000786,0.000853,0.000713,0.000886
ct,"ct:n=32,L=32,t=16,nn=1",1,frame,0.000853,auto,1.08,toolarge,skipped,0.387,skipped,na,0.00116,0.000853,0.00113,0.000917
ct,"ct:n=32,L=32,t=24,nn=1",1,frame,0.000852,auto,1.02,toolarge,skipped,0.327,skipped,na,0.0366,0.000852,0.0368,0.00087
ct,"ct:n=32,L=32,t=32,nn=1",1,frame,0.00085,auto,1.02,toolarge,skipped,0.75,skipped,na,toolarge,0.00085,0.000852,0.000867
ct,"ct:n=32,L=32,t=48,nn=1",1,auto,0.00137,auto,1,toolarge,skipped,4.16,skipped,na,skipped,0.00149,timeout,0.00137
ct,"ct:n=32,L=32,t=64,nn=1",1,frame,0.00207,auto,1.15,toolarge,skipped,9.17,skipped,na,skipped,0.00207,skipped,0.00238
ct,"ct:n=20,L=1,t=0,nn=0",1,tableau,4.5e-05,tableau,1,0.0249,0.00039,0.00329,0.0102,4.5e-05,4.6e-05,7.9e-05,6.7e-05,5.7e-05
ct,"ct:n=20,L=1,t=4,nn=0",1,cstate,4.8e-05,cstate,1,0.0167,0.00114,0.000635,0.0137,na,4.8e-05,7e-05,7.2e-05,9.4e-05
ct,"ct:n=20,L=1,t=8,nn=0",1,cstate,5.9e-05,cstate,1,0.0188,0.00333,0.00119,0.0122,na,5.9e-05,0.000207,8.2e-05,0.000308
ct,"ct:n=20,L=1,t=16,nn=0",1,cstate,6.1e-05,cstate,1,0.0225,0.0799,0.000457,0.0138,na,6.1e-05,0.000221,9.1e-05,0.000211
ct,"ct:n=20,L=1,t=24,nn=0",1,cstate,9.7e-05,auto,1.64,0.021,0.237,0.000737,0.0129,na,9.7e-05,0.000253,0.000128,0.000159
ct,"ct:n=20,L=1,t=32,nn=0",1,dense,0.000126,auto,2.11,0.0204,0.0195,0.00208,0.0129,na,0.000127,0.000233,0.000126,0.000266
ct,"ct:n=20,L=2,t=0,nn=0",1,tableau,4.7e-05,tableau,1,0.0284,0.00394,0.0354,0.016,4.7e-05,0.000137,8.3e-05,8.4e-05,7.9e-05
ct,"ct:n=20,L=2,t=4,nn=0",1,cstate,7.1e-05,cstate,1,0.0263,0.00161,0.00112,0.0134,na,7.1e-05,7.9e-05,8.5e-05,8.6e-05
ct,"ct:n=20,L=2,t=8,nn=0",1,cstate,6.4e-05,cstate,1,0.0312,0.00977,0.00542,0.0128,na,6.4e-05,0.00024,9.6e-05,0.000214
ct,"ct:n=20,L=2,t=16,nn=0",1,cstate,7.6e-05,cstate,1,0.0367,0.263,0.0615,0.0154,na,7.6e-05,0.0002,9.5e-05,0.000191
ct,"ct:n=20,L=2,t=24,nn=0",1,frame,0.000213,auto,1.13,0.0357,0.601,0.138,0.0166,na,0.000739,0.000213,0.000664,0.000241
ct,"ct:n=20,L=2,t=32,nn=0",1,frame,0.000106,auto,1.04,0.0435,0.751,0.0125,0.0143,na,0.000408,0.000106,0.000383,0.00011
ct,"ct:n=20,L=4,t=0,nn=0",1,tableau,5.3e-05,tableau,1,0.0517,0.0332,1.36,0.0331,5.3e-05,8.7e-05,0.000112,0.000147,0.000113
ct,"ct:n=20,L=4,t=4,nn=0",1,cstate,9.8e-05,cstate,1,0.0524,0.156,0.0713,0.0317,na,9.8e-05,0.000179,0.000121,0.00012
ct,"ct:n=20,L=4,t=8,nn=0",1,cstate,0.000123,cstate,1,0.0526,0.167,0.642,0.0842,na,0.000123,0.000259,0.000125,0.000256
ct,"ct:n=20,L=4,t=16,nn=0",1,cstate,0.000111,cstate,1,0.063,1.03,timeout,0.0839,na,0.000111,0.00019,0.000144,0.000266
ct,"ct:n=20,L=4,t=24,nn=0",1,auto,0.000314,auto,1,0.064,1.55,skipped,0.0341,na,0.00207,0.000339,0.00173,0.000314
ct,"ct:n=20,L=4,t=32,nn=0",1,frame,0.000198,auto,1.23,0.0642,1.25,skipped,0.0889,na,0.000236,0.000198,0.000251,0.000243
ct,"ct:n=20,L=8,t=0,nn=0",1,tableau,7.9e-05,tableau,1,0.0918,2.06,timeout,timeout,7.9e-05,0.000171,0.000234,0.000191,0.000161
ct,"ct:n=20,L=8,t=4,nn=0",1,cstate,0.000142,cstate,1,0.0985,1.28,skipped,5.71,na,0.000142,0.000276,0.000167,0.000163
ct,"ct:n=20,L=8,t=8,nn=0",1,cstate,0.000151,cstate,1,0.0921,1.93,skipped,0.413,na,0.000151,0.000338,0.000162,0.000306
ct,"ct:n=20,L=8,t=16,nn=0",1,auto,0.000237,auto,1,0.104,2.85,skipped,timeout,na,0.000285,0.000243,0.00032,0.000237
ct,"ct:n=20,L=8,t=24,nn=0",1,frame,0.000246,auto,1.16,0.106,4.64,skipped,timeout,na,0.00108,0.000246,0.00111,0.000286
ct,"ct:n=20,L=8,t=32,nn=0",1,frame,0.000507,auto,1.16,0.105,5.6,skipped,timeout,na,0.0101,0.000507,0.00803,0.000588
ct,"ct:n=24,L=1,t=0,nn=0",1,cstate,4.4e-05,tableau,1.14,0.27,0.000782,0.00295,0.176,5e-05,4.4e-05,0.00107,6.6e-05,6.2e-05
ct,"ct:n=24,L=1,t=4,nn=0",1,cstate,5.6e-05,cstate,1,0.334,0.0151,0.000493,0.2,na,5.6e-05,0.000224,7.4e-05,7.3e-05
ct,"ct:n=24,L=1,t=8,nn=0",1,cstate,6.4e-05,cstate,1,0.345,0.029,0.000711,0.196,na,6.4e-05,8.6e-05,0.000112,7.6e-05
ct,"ct:n=24,L=1,t=16,nn=0",1,auto,6.9e-05,auto,1,0.359,0.266,0.006,0.301,na,7.3e-05,8.1e-05,7.5e-05,6.9e-05
ct,"ct:n=24,L=1,t=24,nn=0",1,auto,9.2e-05,auto,1,0.413,6.05,0.00185,0.193,na,0.00043,9.3e-05,0.000435,9.2e-05
ct,"ct:n=24,L=1,t=32,nn=0",1,cstate,0.000161,auto,1.23,0.363,0.382,0.00185,0.189,na,0.000161,0.000288,0.000163,0.000198
ct,"ct:n=24,L=2,t=0,nn=0",1,tableau,3.3e-05,tableau,1,0.519,0.109,0.0193,0.234,3.3e-05,7.3e-05,0.000129,8.3e-05,7.8e-05
ct,"ct:n=24,L=2,t=4,nn=0",1,cstate,7.9e-05,cstate,1,0.562,0.237,0.00166,0.224,na,7.9e-05,0.000208,9.2e-05,9.1e-05
ct,"ct:n=24,L=2,t=8,nn=0",1,cstate,7.5e-05,cstate,1,0.601,0.371,0.00803,0.256,na,7.5e-05,0.000208,9.2e-05,0.000117
ct,"ct:n=24,L=2,t=16,nn=0",1,cstate,8.3e-05,cstate,1,0.661,2.59,0.0938,0.28,na,8.3e-05,0.000213,9.6e-05,0.000222
ct,"ct:n=24,L=2,t=24,nn=0",1,frame,0.000195,auto,1.14,0.65,0.988,0.00788,0.194,na,0.000326,0.000195,0.000432,0.000223
ct,"ct:n=24,L=2,t=32,nn=0",1,auto,0.000201,auto,1,0.686,timeout,0.527,0.256,na,0.00025,0.000245,0.000266,0.000201
ct,"ct:n=24,L=4,t=0,nn=0",1,tableau,3.8e-05,tableau,1,1.01,4.14,timeout,1.29,3.8e-05,0.000153,0.000122,0.000126,0.000119
ct,"ct:n=24,L=4,t=4,nn=0",1,auto,0.000113,cstate,1.1,1.01,3.92,skipped,1.28,na,0.000124,0.000214,0.000226,0.000113
ct,"ct:n=24,L=4,t=8,nn=0",1,cstate,0.000122,cstate,1,1.05,timeout,skipped,0.761,na,0.000122,0.000241,0.000174,0.000216
ct,"ct:n=24,L=4,t=16,nn=0",1,cstate,0.000139,auto,1.76,1.09,timeout,skipped,0.355,na,0.000139,0.000237,0.000145,0.000244
ct,"ct:n=24,L=4,t=24,nn=0",1,frame,0.000138,auto,1.08,1.17,timeout,skipped,2.33,na,0.000188,0.000138,0.000251,0.000149
ct,"ct:n=24,L=4,t=32,nn=0",1,auto,0.000231,auto,1,1.16,skipped,skipped,1.28,na,0.00112,0.00026,0.00102,0.000231
ct,"ct:n=24,L=8,t=0,nn=0",1,tableau,5.4e-05,tableau,1,1.81,timeout,skipped,skipped,5.4e-05,0.000164,0.000267,0.000171,0.000182
ct,"ct:n=24,L=8,t=4,nn=0",1,cstate,0.000176,cstate,1,1.78,timeout,skipped,timeout,na,0.000176,0.000278,0.000246,0.000189
ct,"ct:n=24,L=8,t=8,nn=0",1,dense,0.000178,cstate,1.02,1.85,skipped,skipped,timeout,na,0.000182,0.000298,0.000178,0.000233
ct,"ct:n=24,L=8,t=16,nn=0",1,dense,0.000222,auto,1.43,1.99,skipped,skipped,skipped,na,0.000227,0.000288,0.000222,0.000317
ct,"ct:n=24,L=8,t=24,nn=0",1,auto,0.000248,auto,1,1.98,skipped,skipped,skipped,na,0.00151,0.000288,0.00163,0.000248
ct,"ct:n=24,L=8,t=32,nn=0",1,auto,0.000287,auto,1,1.96,skipped,skipped,skipped,na,0.0268,0.000322,0.0237,0.000287
brick,"brick:n=12,D=1,nn=1",1,mps,0.000207,sv,2.72,0.000564,0.00137,0.000207,0.000507,na,0.000282,0.00385,0.000257,0.00058
brick,"brick:n=12,D=2,nn=1",1,mps,0.000149,sv,1.4,0.000208,0.00245,0.000149,0.000664,na,0.000436,1.19,0.000398,0.00063
brick,"brick:n=12,D=3,nn=1",1,mps,0.000226,sv,1.19,0.00027,0.00354,0.000226,0.000737,na,0.000665,9.75,0.000519,0.000828
brick,"brick:n=12,D=4,nn=1",1,mps,0.000312,sv,1.32,0.000413,0.00507,0.000312,0.000921,na,0.000752,timeout,0.000657,0.00101
brick,"brick:n=12,D=6,nn=1",1,sv,0.000438,sv,1,0.000438,0.00695,0.000572,0.000835,na,0.00139,skipped,0.000918,0.00128
brick,"brick:n=12,D=8,nn=1",1,sv,0.000516,sv,1,0.000516,0.00948,0.00125,0.000898,na,0.00141,skipped,0.00118,0.00157
brick,"brick:n=12,D=12,nn=1",1,sv,0.000741,sv,1,0.000741,0.0145,0.00785,0.00135,na,0.00207,skipped,0.00179,0.00195
brick,"brick:n=12,D=16,nn=1",1,sv,0.000944,sv,1,0.000944,0.0188,0.0186,0.00214,na,0.00272,skipped,0.00214,0.00237
brick,"brick:n=16,D=1,nn=1",1,mps,0.000135,mps,1,0.0027,0.0402,0.000135,0.00123,na,0.00754,0.0182,0.00624,0.00677
brick,"brick:n=16,D=2,nn=1",1,mps,0.000183,mps,1,0.00398,0.0762,0.000183,0.00183,na,0.0136,toolarge,0.0125,0.0115
brick,"brick:n=16,D=3,nn=1",1,mps,0.000255,mps,1,0.0053,0.114,0.000255,0.00188,na,0.0207,skipped,0.0181,0.0159
brick,"brick:n=16,D=4,nn=1",1,mps,0.000376,mps,1,0.00606,0.142,0.000376,0.0019,na,0.0258,skipped,0.0227,0.0218
brick,"brick:n=16,D=6,nn=1",1,mps,0.000735,mps,1,0.00864,0.222,0.000735,0.00214,na,0.0381,skipped,0.0347,0.0335
brick,"brick:n=16,D=8,nn=1",1,mps,0.00196,mps,1,0.011,0.323,0.00196,0.00232,na,0.0511,skipped,0.0433,0.0422
brick,"brick:n=16,D=12,nn=1",1,hsf,0.00367,mps,7.89,0.0159,0.441,0.029,0.00367,na,0.0772,skipped,0.0649,0.0656
brick,"brick:n=16,D=16,nn=1",1,hsf,0.00895,mps,29.3,0.0212,0.603,0.262,0.00895,na,0.105,skipped,0.0924,0.0914
brick,"brick:n=20,D=1,nn=1",1,mps,0.000173,mps,1,0.0442,1.29,0.000173,0.00487,na,0.136,0.229,0.1,0.0949
brick,"brick:n=20,D=2,nn=1",1,mps,0.00026,mps,1,0.0641,2.47,0.00026,0.00635,na,0.255,skipped,0.185,0.183
brick,"brick:n=20,D=3,nn=1",1,mps,0.000406,mps,1,0.0892,4.25,0.000406,0.00728,na,0.37,skipped,0.278,0.273
brick,"brick:n=20,D=4,nn=1",1,mps,0.000455,mps,1,0.112,5.51,0.000455,0.00928,na,0.489,skipped,0.359,0.35
brick,"brick:n=20,D=6,nn=1",1,mps,0.00109,mps,1,0.149,8.43,0.00109,0.0104,na,0.741,skipped,0.544,0.527
brick,"brick:n=20,D=8,nn=1",1,mps,0.00258,mps,1,0.194,timeout,0.00258,0.0124,na,0.996,skipped,0.774,0.705
brick,"brick:n=20,D=12,nn=1",1,hsf,0.026,mps,2,0.275,skipped,0.0518,0.026,na,1.46,skipped,1.07,1.06
brick,"brick:n=20,D=16,nn=1",1,hsf,0.0843,mps,12.9,0.365,skipped,1.09,0.0843,na,1.93,skipped,1.42,1.41
brick,"brick:n=24,D=1,nn=1",1,mps,0.000158,mps,1,0.851,timeout,0.000158,0.0557,na,2.07,toolarge,1.72,1.7
brick,"brick:n=24,D=2,nn=1",1,mps,0.00026,mps,1,1.28,skipped,0.00026,0.0676,na,3.98,skipped,3.23,3.14
brick,"brick:n=24,D=3,nn=1",1,mps,0.000338,mps,1,1.71,skipped,0.000338,0.0649,na,5.91,skipped,4.77,4.88
brick,"brick:n=24,D=4,nn=1",1,mps,0.0005,mps,1,2.12,skipped,0.0005,0.13,na,7.84,skipped,6.35,6.42
brick,"brick:n=24,D=6,nn=1",1,mps,0.00111,mps,1,3,skipped,0.00111,0.122,na,timeout,skipped,9.54,9.51
brick,"brick:n=24,D=8,nn=1",1,mps,0.00344,mps,1,3.82,skipped,0.00344,0.171,na,skipped,skipped,timeout,timeout
brick,"brick:n=24,D=12,nn=1",1,mps,0.0753,mps,1,5.49,skipped,0.0753,0.361,na,skipped,skipped,skipped,skipped
brick,"brick:n=24,D=16,nn=1",1,hsf,1.32,mps,1.48,7.1,skipped,1.95,1.32,na,skipped,skipped,skipped,skipped
brick,"brick:n=26,D=1,nn=1",1,mps,0.000169,mps,1,3.68,skipped,0.000169,toolarge,na,8.77,skipped,6.81,6.7
brick,"brick:n=26,D=2,nn=1",1,mps,0.00026,mps,1,5.41,skipped,0.00026,skipped,na,timeout,skipped,timeout,timeout
brick,"brick:n=26,D=3,nn=1",1,mps,0.000374,mps,1,7.18,skipped,0.000374,skipped,na,skipped,skipped,skipped,skipped
brick,"brick:n=26,D=4,nn=1",1,mps,0.000515,mps,1,9.02,skipped,0.000515,skipped,na,skipped,skipped,skipped,skipped
brick,"brick:n=26,D=6,nn=1",1,mps,0.00106,mps,1,timeout,skipped,0.00106,skipped,na,skipped,skipped,skipped,skipped
brick,"brick:n=26,D=8,nn=1",1,mps,0.00357,mps,1,timeout,skipped,0.00357,skipped,na,skipped,skipped,skipped,skipped
brick,"brick:n=26,D=12,nn=1",1,mps,0.0843,mps,1,timeout,skipped,0.0843,skipped,na,skipped,skipped,skipped,skipped
brick,"brick:n=26,D=16,nn=1",1,mps,2.34,mps,1,timeout,skipped,2.34,skipped,na,skipped,skipped,skipped,skipped
brick,"brick:n=16,D=1,nn=0",1,mps,0.000802,hsf,2.2,0.00262,0.0422,0.000802,0.00177,na,0.00667,0.0264,0.00596,0.00567
brick,"brick:n=16,D=2,nn=0",1,mps,0.0018,hsf,1.19,0.0037,0.075,0.0018,0.00214,na,0.0138,toolarge,0.011,0.011
brick,"brick:n=16,D=3,nn=0",1,hsf,0.00341,hsf,1,0.00544,0.111,0.0999,0.00341,na,0.0184,skipped,0.0172,0.0163
brick,"brick:n=16,D=4,nn=0",1,hsf,0.00462,sv,1.34,0.00619,0.132,0.4,0.00462,na,0.0259,skipped,0.0203,0.0223
brick,"brick:n=16,D=6,nn=0",1,sv,0.00836,sv,1,0.00836,0.193,1.84,0.0138,na,0.0376,skipped,0.0316,0.0294
brick,"brick:n=24,D=1,nn=0",1,mps,0.171,mps,1,0.833,timeout,0.171,0.261,na,2.08,toolarge,1.64,1.6
brick,"brick:n=24,D=2,nn=0",1,hsf,0.301,hsf,1,1.22,skipped,1.54,0.301,na,4,skipped,3.19,3.17
brick,"brick:n=24,D=3,nn=0",1,hsf,0.338,frame,59.3,1.65,skipped,timeout,0.338,na,5.93,skipped,4.69,4.63
brick,"brick:n=24,D=4,nn=0",1,hsf,1.36,frame,14.7,2.05,skipped,skipped,1.36,na,7.85,skipped,6.28,6.72
brick,"brick:n=24,D=6,nn=0",1,sv,3.24,frame,6.18,3.24,skipped,skipped,timeout,na,timeout,skipped,9,8.97
arith,"arith:bits=6,h=0,reps=1",1,sparse,2.5e-05,sparse,1,0.00282,2.5e-05,0.000665,0.0011,na,0.000174,0.00122,0.000181,0.00108
arith,"arith:bits=6,h=0,reps=2",1,sparse,1.9e-05,sparse,1,0.000792,1.9e-05,0.000963,0.00143,na,0.000538,0.00316,0.000359,0.000554
arith,"arith:bits=6,h=0,reps=4",1,sparse,2.4e-05,sparse,1,0.000763,2.4e-05,0.00184,0.00143,na,0.000961,0.00423,0.000703,0.000843
arith,"arith:bits=6,h=1,reps=1",1,sparse,1.7e-05,sparse,1,0.000377,1.7e-05,0.000832,0.00106,na,0.000351,0.00124,0.000273,0.0015
arith,"arith:bits=6,h=1,reps=2",1,sparse,2.3e-05,sparse,1,0.000792,2.3e-05,0.00124,0.00139,na,0.0011,0.00307,0.000703,0.000883
arith,"arith:bits=6,h=1,reps=4",1,sparse,3.4e-05,sparse,1,0.000759,3.4e-05,0.00257,0.00153,na,0.00287,0.0106,0.00153,0.00164
arith,"arith:bits=6,h=2,reps=1",1,sparse,2.7e-05,sparse,1,0.000318,2.7e-05,0.00114,0.00109,na,0.000458,0.00155,0.000316,0.000587
arith,"arith:bits=6,h=2,reps=2",1,sparse,5e-05,sparse,1,0.000561,5e-05,0.00189,0.00148,na,0.0012,0.0042,0.00086,0.000935
arith,"arith:bits=6,h=2,reps=4",1,sparse,6.9e-05,sparse,1,0.000813,6.9e-05,0.00651,0.00162,na,0.0031,0.00932,0.00142,0.00188
arith,"arith:bits=6,h=4,reps=1",1,sparse,0.000192,sparse,1,0.000389,0.000192,0.00265,0.0013,na,0.000591,0.00133,0.000417,0.00074
arith,"arith:bits=6,h=4,reps=2",1,sparse,0.00034,sparse,1,0.00047,0.00034,0.00292,0.00192,na,0.00139,0.00413,0.00102,0.000981
arith,"arith:bits=6,h=4,reps=4",1,sparse,0.00062,sparse,1,0.00108,0.00062,0.0195,0.00242,na,0.00317,0.0091,0.00149,0.00166
arith,"arith:bits=6,h=6,reps=1",1,sv,0.000435,sv,1,0.000435,0.00277,0.00133,0.00114,na,0.000644,0.00146,0.000474,0.00069
arith,"arith:bits=6,h=6,reps=2",1,sv,0.000804,sv,1,0.000804,0.00574,0.00182,0.00155,na,0.00152,0.00348,0.000842,0.000946
arith,"arith:bits=6,h=6,reps=4",1,sv,0.00098,sv,1,0.00098,0.0114,0.00341,0.00214,na,0.00391,0.00826,0.00158,0.0019
arith,"arith:bits=8,h=0,reps=1",1,sparse,2.2e-05,sparse,1,0.00351,2.2e-05,0.000818,0.00294,na,0.00118,0.00124,0.000952,0.00155
arith,"arith:bits=8,h=0,reps=2",1,sparse,7.7e-05,sparse,1,0.00561,7.7e-05,0.0013,0.00466,na,0.00655,0.00786,0.00381,0.00409
arith,"arith:bits=8,h=0,reps=4",1,sparse,3.1e-05,sparse,1,0.0105,3.1e-05,0.00281,0.00466,na,0.0199,0.0311,0.00991,0.00864
arith,"arith:bits=8,h=1,reps=1",1,sparse,2.3e-05,sparse,1,0.0036,2.3e-05,0.00097,0.00307,na,0.00592,0.00292,0.00228,0.000812
arith,"arith:bits=8,h=1,reps=2",1,sparse,2.8e-05,sparse,1,0.00572,2.8e-05,0.0015,0.00494,na,0.0404,0.018,0.0159,0.0172
arith,"arith:bits=8,h=1,reps=4",1,sparse,5e-05,sparse,1,0.00975,5e-05,0.00336,0.00532,na,0.111,0.111,0.0388,0.0506
arith,"arith:bits=8,h=2,reps=1",1,sparse,3.9e-05,sparse,1,0.0037,3.9e-05,0.00139,0.00286,na,0.0108,0.00119,0.00792,0.0269
arith,"arith:bits=8,h=2,reps=2",1,sparse,5.7e-05,sparse,1,0.00563,5.7e-05,0.00237,0.00493,na,0.042,0.0203,0.0173,0.0162
arith,"arith:bits=8,h=2,reps=4",1,sparse,9.3e-05,sparse,1,0.0106,9.3e-05,0.00694,0.00503,na,0.101,0.127,0.0372,0.0372
arith,"arith:bits=8,h=4,reps=1",1,sparse,0.000234,sparse,1,0.00345,0.000234,0.00171,0.00319,na,0.0151,0.00265,0.0114,0.00947
arith,"arith:bits=8,h=4,reps=2",1,sparse,0.000368,sparse,1,0.00571,0.000368,0.00319,0.00553,na,0.0507,0.0265,0.0279,0.0222
arith,"arith:bits=8,h=4,reps=4",1,sparse,0.000792,sparse,1,0.0106,0.000792,0.0202,0.00531,na,0.119,0.145,0.0403,0.0435
arith,"arith:bits=8,h=6,reps=1",1,mps,0.00279,sparse,1.41,0.00395,0.00393,0.00279,0.00314,na,0.0196,0.00604,0.0136,0.0134
arith,"arith:bits=8,h=6,reps=2",1,mps,0.00419,sparse,1.58,0.00585,0.00664,0.00419,0.00534,na,0.058,0.0258,0.0294,0.0258
arith,"arith:bits=8,h=6,reps=4",1,hsf,0.00799,sparse,1.68,0.0114,0.0134,0.0336,0.00799,na,0.135,0.152,0.0511,0.0504
arith,"arith:bits=10,h=0,reps=1",1,sparse,1.9e-05,sparse,1,0.0594,1.9e-05,0.00121,0.0141,na,0.0117,0.00176,0.0082,0.00183
arith,"arith:bits=10,h=0,reps=2",1,sparse,2.7e-05,sparse,1,0.106,2.7e-05,0.00166,0.0336,na,0.119,0.0687,0.0635,0.0605
arith,"arith:bits=10,h=0,reps=4",1,sparse,4.3e-05,sparse,1,0.191,4.3e-05,0.00311,0.0368,na,0.319,0.857,0.145,0.143
arith,"arith:bits=10,h=1,reps=1",1,sparse,2.6e-05,sparse,1,0.0629,2.6e-05,0.00164,0.0132,na,0.0904,0.00191,0.032,0.00112
arith,"arith:bits=10,h=1,reps=2",1,sparse,3.3e-05,sparse,1,0.107,3.3e-05,0.00235,0.0355,na,0.656,0.269,0.283,0.287
arith,"arith:bits=10,h=1,reps=4",1,sparse,5.5e-05,sparse,1,0.194,5.5e-05,0.00525,0.0337,na,1.9,3.57,0.649,0.669
arith,"arith:bits=10,h=2,reps=1",1,sparse,5.2e-05,sparse,1,0.0583,5.2e-05,0.00142,0.0125,na,0.163,0.00207,0.103,0.0928
arith,"arith:bits=10,h=2,reps=2",1,sparse,7.5e-05,sparse,1,0.108,7.5e-05,0.00239,0.0355,na,0.706,0.299,0.296,0.302
arith,"arith:bits=10,h=2,reps=4",1,sparse,0.000125,sparse,1,0.191,0.000125,0.00801,0.0403,na,1.77,3.97,0.658,0.66
arith,"arith:bits=10,h=4,reps=1",1,sparse,0.000314,sparse,1,0.0647,0.000314,0.00207,0.0147,na,0.227,0.00411,0.151,0.142
arith,"arith:bits=10,h=4,reps=2",1,sparse,0.000753,sparse,1,0.105,0.000753,0.00342,0.0397,na,0.867,0.335,0.422,0.394
arith,"arith:bits=10,h=4,reps=4",1,sparse,0.000989,sparse,1,0.198,0.000989,0.0224,0.0421,na,2.03,4.51,0.736,0.747
arith,"arith:bits=10,h=6,reps=1",1,mps,0.0027,sparse,1.81,0.0657,0.00487,0.0027,0.0186,na,0.287,0.0104,0.196,0.184
arith,"arith:bits=10,h=6,reps=2",1,mps,0.00426,sparse,1.81,0.109,0.00772,0.00426,0.046,na,0.949,0.375,0.486,0.462
arith,"arith:bits=10,h=6,reps=4",1,sparse,0.0171,sparse,1,0.198,0.0171,0.0372,0.0717,na,2.25,4.98,0.885,0.893
arith,"arith:bits=12,h=0,reps=1",1,sparse,2.2e-05,sparse,1,1.1,2.2e-05,0.00129,0.159,na,0.18,0.00272,0.13,0.00216
arith,"arith:bits=12,h=0,reps=2",1,sparse,3.2e-05,sparse,1,1.93,3.2e-05,0.00195,0.53,na,1.99,1.18,1.12,1.05
arith,"arith:bits=12,h=0,reps=4",1,sparse,5.3e-05,sparse,1,3.66,5.3e-05,0.00397,0.579,na,5.65,toolarge,2.67,2.66
arith,"arith:bits=12,h=1,reps=1",1,sparse,2.5e-05,sparse,1,1.1,2.5e-05,0.00157,0.16,na,1.4,0.0062,0.48,0.00373
arith,"arith:bits=12,h=1,reps=2",1,sparse,4.2e-05,sparse,1,1.92,4.2e-05,0.00237,0.566,na,timeout,4.78,5.08,5.19
arith,"arith:bits=12,h=1,reps=4",1,sparse,5.3e-05,sparse,1,3.54,5.3e-05,0.00525,0.528,na,skipped,skipped,timeout,timeout
arith,"arith:bits=12,h=2,reps=1",1,sparse,6.3e-05,sparse,1,1.15,6.3e-05,0.00191,0.153,na,2.53,0.00423,1.65,1.47
arith,"arith:bits=12,h=2,reps=2",1,sparse,9.4e-05,sparse,1,1.99,9.4e-05,0.00338,0.525,na,skipped,5.2,5.38,5.4
arith,"arith:bits=12,h=2,reps=4",1,sparse,0.000122,sparse,1,3.62,0.000122,0.00845,0.527,na,skipped,skipped,skipped,skipped
arith,"arith:bits=12,h=4,reps=1",1,sparse,0.000315,sparse,1,1.16,0.000315,0.00211,0.138,na,3.55,0.00715,2.47,2.25
arith,"arith:bits=12,h=4,reps=2",1,sparse,0.000595,sparse,1,1.98,0.000595,0.00455,0.54,na,skipped,5.91,7.43,6.78
arith,"arith:bits=12,h=4,reps=4",1,sparse,0.00128,sparse,1,3.64,0.00128,0.0236,0.693,na,skipped,skipped,skipped,skipped
arith,"arith:bits=12,h=6,reps=1",1,mps,0.00271,sparse,1.85,1.21,0.00503,0.00271,0.298,na,4.45,0.0163,3.15,2.92
arith,"arith:bits=12,h=6,reps=2",1,mps,0.00458,sparse,2.12,2.05,0.00972,0.00458,0.662,na,skipped,6.57,8.18,7.7
arith,"arith:bits=12,h=6,reps=4",1,sparse,0.0214,sparse,1,3.54,0.0214,0.0366,0.702,na,skipped,skipped,skipped,skipped
qaoa,"qaoa:n=12,p=1,deg=2,nn=0",1,cstate,7.5e-05,auto,3.28,0.000237,0.00596,0.00235,0.000844,na,7.5e-05,0.000245,0.000115,0.000246
qaoa,"qaoa:n=12,p=1,deg=2,nn=1",1,cstate,0.000133,auto,2.77,0.000202,0.0031,0.000329,0.000801,na,0.000133,0.00205,0.000138,0.000369
qaoa,"qaoa:n=12,p=1,deg=3,nn=0",1,cstate,0.000121,cstate,1,0.000214,0.004,0.00315,0.00135,na,0.000121,0.00299,0.000156,0.000437
qaoa,"qaoa:n=12,p=1,deg=3,nn=1",1,cstate,0.000136,cstate,1,0.000239,0.00484,0.00199,0.00108,na,0.000136,0.00479,0.000188,0.000287
qaoa,"qaoa:n=12,p=2,deg=2,nn=0",1,cstate,0.000125,auto,2.39,0.000282,0.00633,0.00719,0.000908,na,0.000125,0.000213,0.000155,0.000299
qaoa,"qaoa:n=12,p=2,deg=2,nn=1",1,cstate,0.000188,cstate,1,0.000452,0.00639,0.00158,0.000859,na,0.000188,0.268,0.000241,0.000496
qaoa,"qaoa:n=12,p=2,deg=3,nn=0",1,cstate,0.000253,cstate,1,0.000332,0.0077,0.0653,0.00226,na,0.000253,0.94,0.000272,0.000455
qaoa,"qaoa:n=12,p=2,deg=3,nn=1",1,cstate,0.000276,cstate,1,0.000382,0.00926,0.0521,0.00448,na,0.000276,2.04,0.000314,0.000538
qaoa,"qaoa:n=12,p=3,deg=2,nn=0",1,cstate,0.000163,auto,2.12,0.000372,0.00943,0.0188,0.000968,na,0.000163,0.000299,0.000191,0.000345
qaoa,"qaoa:n=12,p=3,deg=2,nn=1",1,cstate,0.00027,cstate,1,0.00043,0.00983,0.0121,0.00136,na,0.00027,0.94,0.000315,0.000669
qaoa,"qaoa:n=12,p=3,deg=3,nn=0",1,cstate,0.000336,cstate,1,0.000461,0.0118,0.172,0.00865,na,0.000336,3.71,0.000398,0.000812
qaoa,"qaoa:n=12,p=3,deg=3,nn=1",1,cstate,0.000377,cstate,1,0.000635,0.0159,0.127,0.025,na,0.000377,5.36,0.000524,0.000756
qaoa,"qaoa:n=16,p=1,deg=2,nn=0",1,cstate,0.000233,auto,1.38,0.00336,0.0854,0.00313,0.00258,na,0.000233,0.000332,0.000307,0.000321
qaoa,"qaoa:n=16,p=1,deg=2,nn=1",1,mps,0.000446,auto,23,0.00354,0.0811,0.000446,0.00184,na,0.0012,0.0106,0.00151,0.0103
qaoa,"qaoa:n=16,p=1,deg=3,nn=0",1,cstate,0.00113,auto,1.58,0.00382,0.104,0.0262,0.00456,na,0.00113,0.0166,0.00157,0.00178
qaoa,"qaoa:n=16,p=1,deg=3,nn=1",1,dense,0.00194,dense,1,0.00424,0.112,0.00337,0.00264,na,0.00194,0.0419,0.00194,0.00206
qaoa,"qaoa:n=16,p=2,deg=2,nn=0",1,auto,0.000314,auto,1,0.00473,0.165,0.0902,0.00363,na,0.000529,0.000335,0.000592,0.000314
qaoa,"qaoa:n=16,p=2,deg=2,nn=1",1,hsf,0.0022,dense,2.11,0.00619,0.168,0.00261,0.0022,na,0.0036,toolarge,0.00464,0.00473
qaoa,"qaoa:n=16,p=2,deg=3,nn=0",1,cstate,0.00469,dense,1.28,0.0063,0.213,0.853,0.00852,na,0.00469,toolarge,0.00602,0.00596
qaoa,"qaoa:n=16,p=2,deg=3,nn=1",1,cstate,0.0056,dense,1.33,0.00723,0.253,0.59,0.0104,na,0.0056,toolarge,0.00747,0.00684
qaoa,"qaoa:n=16,p=3,deg=2,nn=0",1,frame,0.000323,auto,1.18,0.00632,0.238,0.504,0.00449,na,0.00086,0.000323,0.000837,0.000382
qaoa,"qaoa:n=16,p=3,deg=2,nn=1",1,hsf,0.00373,dense,2.23,0.00786,0.242,0.0382,0.00373,na,0.00593,skipped,0.00833,0.00764
qaoa,"qaoa:n=16,p=3,deg=3,nn=0",1,cstate,0.0079,dense,1.12,0.00935,0.328,2.98,0.04,na,0.0079,skipped,0.00885,0.0101
qaoa,"qaoa:n=16,p=3,deg=3,nn=1",1,dense,0.0102,dense,1,0.0103,0.367,3.06,0.133,na,0.0108,skipped,0.0102,0.0113
qaoa,"qaoa:n=20,p=1,deg=2,nn=0",1,frame,0.000261,auto,1.34,0.0493,2.43,0.0189,0.0189,na,0.00412,0.000261,0.00482,0.000349
qaoa,"qaoa:n=20,p=1,deg=2,nn=1",1,mps,0.000498,auto,244,0.059,2.5,0.000498,0.00906,na,0.0167,0.117,0.0179,0.122
qaoa,"qaoa:n=20,p=1,deg=3,nn=0",1,cstate,0.0174,frame,14.3,0.0661,3.01,0.235,0.0299,na,0.0174,0.248,0.0202,0.0421
qaoa,"qaoa:n=20,p=1,deg=3,nn=1",1,mps,0.00402,frame,142,0.0795,3.57,0.00402,0.014,na,0.0218,0.571,0.0219,0.0232
qaoa,"qaoa:n=20,p=2,deg=2,nn=0",1,auto,0.000303,auto,1,0.0842,5.02,1.83,0.0204,na,0.015,0.000331,0.0161,0.000303
qaoa,"qaoa:n=20,p=2,deg=2,nn=1",1,mps,0.00319,mps,1,0.1,5.12,0.00319,0.0131,na,0.0615,skipped,0.0597,0.0622
qaoa,"qaoa:n=20,p=2,deg=3,nn=0",1,cstate,0.0706,frame,283,0.111,6.2,timeout,0.18,na,0.0706,skipped,0.071,0.0728
qaoa,"qaoa:n=20,p=2,deg=3,nn=1",1,cstate,0.0873,frame,229,0.124,7.41,2.01,0.0926,na,0.0873,skipped,0.0904,0.0913
qaoa,"qaoa:n=20,p=3,deg=2,nn=0",1,auto,0.000311,auto,1,0.124,7.77,timeout,0.0346,na,0.0284,0.000347,0.0267,0.000311
qaoa,"qaoa:n=20,p=3,deg=2,nn=1",1,hsf,0.0272,mps,2.41,0.146,7.19,0.0655,0.0272,na,0.106,skipped,0.108,0.107
qaoa,"qaoa:n=20,p=3,deg=3,nn=0",1,dense,0.123,frame,162,0.161,9.35,skipped,2.6,na,0.124,skipped,0.123,0.126
qaoa,"qaoa:n=20,p=3,deg=3,nn=1",1,cstate,0.153,frame,131,0.181,timeout,timeout,1.36,na,0.153,skipped,0.155,0.156
qaoa,"qaoa:n=24,p=1,deg=2,nn=0",1,auto,0.000341,auto,1,0.929,timeout,0.149,0.302,na,0.0428,0.000368,0.0409,0.000341
qaoa,"qaoa:n=24,p=1,deg=2,nn=1",1,mps,0.000587,auto,3.05e+03,1.11,timeout,0.000587,0.123,na,0.298,1.76,0.313,1.79
qaoa,"qaoa:n=24,p=1,deg=3,nn=0",1,auto,0.000294,auto,1,1.12,timeout,1.65,0.434,na,0.152,0.000323,0.155,0.000294
qaoa,"qaoa:n=24,p=1,deg=3,nn=1",1,mps,0.00459,frame,4.36e+03,1.33,timeout,0.00459,0.136,na,0.379,toolarge,0.377,0.408
qaoa,"qaoa:n=24,p=2,deg=2,nn=0",1,frame,0.000332,auto,1.07,1.52,timeout,timeout,0.405,na,0.145,0.000332,0.138,0.000356
qaoa,"qaoa:n=24,p=2,deg=2,nn=1",1,mps,0.00401,mps,1,1.81,timeout,0.00401,0.14,na,1.04,skipped,1.04,1.08
qaoa,"qaoa:n=24,p=2,deg=3,nn=0",1,auto,0.000391,auto,1,1.91,timeout,skipped,5.65,na,0.598,skipped,0.588,0.000391
qaoa,"qaoa:n=24,p=2,deg=3,nn=1",1,hsf,1.23,frame,16.3,2.22,timeout,3.12,1.23,na,1.51,skipped,1.53,1.57
qaoa,"qaoa:n=24,p=3,deg=2,nn=0",1,auto,0.000404,auto,1,2.07,timeout,skipped,0.722,na,0.231,0.000432,0.234,0.000404
qaoa,"qaoa:n=24,p=3,deg=2,nn=1",1,mps,0.0847,mps,1,2.57,timeout,0.0847,0.348,na,1.78,skipped,1.79,1.82
qaoa,"qaoa:n=24,p=3,deg=3,nn=0",1,auto,0.000457,auto,1,2.76,timeout,skipped,timeout,na,1.04,skipped,1.06,0.000457
qaoa,"qaoa:n=24,p=3,deg=3,nn=1",1,cstate,2.63,frame,7.6,3.21,skipped,skipped,timeout,na,2.63,skipped,2.81,2.73
