family,spec,seed,winner,best_secs,pred_lofo,pred_regret,t_sv,t_sparse,t_mps,t_hsf,t_tableau,t_cstate
ct,"ct:n=24,L=1,t=12,nn=1",1,cstate,7.7e-05,cstate,1,0.382,0.168,0.000211,0.0619,na,7.7e-05
ct,"ct:n=24,L=1,t=24,nn=1",1,mps,0.000155,cstate,2.88,0.434,6.62,0.000155,0.0507,na,0.000447
ct,"ct:n=24,L=1,t=48,nn=1",1,mps,0.000166,mps,1,0.411,4.92,0.000166,0.05,na,0.00155
ct,"ct:n=24,L=1,t=64,nn=1",1,mps,0.000192,mps,1,0.394,2.81,0.000192,0.0572,na,0.0117
ct,"ct:n=24,L=2,t=4,nn=1",1,cstate,8.6e-05,cstate,1,0.503,0.0302,0.000214,0.0519,na,8.6e-05
ct,"ct:n=24,L=2,t=8,nn=1",1,cstate,8.3e-05,cstate,1,0.547,0.0825,0.000232,0.0537,na,8.3e-05
ct,"ct:n=24,L=2,t=12,nn=1",1,cstate,9.1e-05,cstate,1,0.561,0.0511,0.000233,0.0589,na,9.1e-05
ct,"ct:n=24,L=2,t=16,nn=1",1,cstate,0.0001,cstate,1,0.609,0.693,0.000236,0.0584,na,0.0001
ct,"ct:n=24,L=2,t=24,nn=1",1,cstate,0.000161,cstate,1,0.681,2.14,0.000224,0.0619,na,0.000161
ct,"ct:n=24,L=2,t=48,nn=1",1,mps,0.00023,mps,1,0.809,timeout,0.00023,0.0587,na,0.0215
ct,"ct:n=24,L=2,t=64,nn=1",1,mps,0.000238,mps,1,0.72,timeout,0.000238,0.0573,na,0.0991
ct,"ct:n=24,L=4,t=32,nn=1",1,mps,0.000332,mps,1,1.13,skipped,0.000332,0.102,na,0.00374
ct,"ct:n=24,L=4,t=48,nn=1",1,mps,0.000364,mps,1,1.25,skipped,0.000364,0.107,na,0.0338
ct,"ct:n=24,L=4,t=64,nn=1",1,mps,0.000367,mps,1,1.34,skipped,0.000367,0.105,na,0.158
ct,"ct:n=24,L=8,t=24,nn=1",1,mps,0.00115,cstate,1.02,2,skipped,0.00115,0.127,na,0.00117
ct,"ct:n=24,L=8,t=32,nn=1",1,mps,0.0008,mps,1,2.11,skipped,0.0008,0.105,na,0.0151
ct,"ct:n=24,L=8,t=48,nn=1",1,mps,0.000929,mps,1,2.13,skipped,0.000929,0.132,na,0.113
ct,"ct:n=24,L=8,t=64,nn=1",1,mps,0.000847,mps,1,2.24,skipped,0.000847,0.132,na,0.279
ct,"ct:n=24,L=16,t=48,nn=1",1,mps,0.00247,cstate,5.11,3.7,skipped,0.00247,0.614,na,0.0126
ct,"ct:n=24,L=16,t=64,nn=1",1,mps,0.0257,mps,1,3.88,skipped,0.0257,1.19,na,0.487
ct,"ct:n=24,L=32,t=32,nn=1",1,cstate,0.0774,cstate,1,7.39,skipped,2.16,timeout,na,0.0774
ct,"ct:n=24,L=32,t=48,nn=1",1,cstate,0.376,mps,13.2,7.3,skipped,4.97,timeout,na,0.376
ct,"ct:n=24,L=32,t=64,nn=1",1,cstate,0.506,mps,19.7,7.13,skipped,9.97,timeout,na,0.506
ct,"ct:n=32,L=1,t=0,nn=1",1,tableau,6.1e-05,tableau,1,toolarge,0.0327,0.000252,toolarge,6.1e-05,7.7e-05
ct,"ct:n=32,L=1,t=24,nn=1",1,mps,0.000152,cstate,3.82,toolarge,toolarge,0.000152,toolarge,na,0.00058
ct,"ct:n=32,L=1,t=48,nn=1",1,mps,0.00016,mps,1,toolarge,toolarge,0.00016,toolarge,na,0.00961
ct,"ct:n=32,L=1,t=64,nn=1",1,mps,0.000152,mps,1,toolarge,toolarge,0.000152,toolarge,na,0.257
ct,"ct:n=32,L=2,t=16,nn=1",1,cstate,0.000104,cstate,1,toolarge,skipped,0.000273,skipped,na,0.000104
ct,"ct:n=32,L=2,t=48,nn=1",1,mps,0.000259,mps,1,toolarge,skipped,0.000259,skipped,na,0.0181
ct,"ct:n=32,L=2,t=64,nn=1",1,mps,0.000277,mps,1,toolarge,skipped,0.000277,skipped,na,0.244
ct,"ct:n=32,L=4,t=24,nn=1",1,cstate,0.000219,cstate,1,toolarge,skipped,0.000413,skipped,na,0.000219
ct,"ct:n=32,L=4,t=48,nn=1",1,mps,0.000441,mps,1,toolarge,skipped,0.000441,skipped,na,0.118
ct,"ct:n=32,L=8,t=32,nn=1",1,mps,0.000995,mps,1,toolarge,skipped,0.000995,skipped,na,0.0485
ct,"ct:n=32,L=8,t=48,nn=1",1,mps,0.000882,mps,1,toolarge,skipped,0.000882,skipped,na,toolarge
ct,"ct:n=32,L=8,t=64,nn=1",1,mps,0.00109,mps,1,toolarge,skipped,0.00109,skipped,na,skipped
ct,"ct:n=32,L=16,t=32,nn=1",1,mps,0.0163,mps,1,toolarge,skipped,0.0163,skipped,na,0.383
ct,"ct:n=32,L=16,t=48,nn=1",1,mps,0.00513,mps,1,toolarge,skipped,0.00513,skipped,na,toolarge
ct,"ct:n=32,L=16,t=64,nn=1",1,mps,0.00671,mps,1,toolarge,skipped,0.00671,skipped,na,skipped
ct,"ct:n=32,L=32,t=48,nn=1",1,mps,4.14,mps,1,toolarge,skipped,4.14,skipped,na,skipped
ct,"ct:n=32,L=32,t=64,nn=1",1,mps,8.97,mps,1,toolarge,skipped,8.97,skipped,na,skipped
ct,"ct:n=20,L=1,t=16,nn=0",1,cstate,6.4e-05,cstate,1,0.021,0.0709,0.000429,0.0138,na,6.4e-05
ct,"ct:n=20,L=1,t=32,nn=0",1,cstate,0.000128,cstate,1,0.0212,0.0187,0.00174,0.0125,na,0.000128
ct,"ct:n=20,L=2,t=8,nn=0",1,cstate,7.8e-05,cstate,1,0.0302,0.0101,0.00529,0.0125,na,7.8e-05
ct,"ct:n=20,L=8,t=32,nn=0",1,cstate,0.0118,cstate,1,0.108,5.55,skipped,timeout,na,0.0118
ct,"ct:n=24,L=1,t=4,nn=0",1,cstate,6.3e-05,cstate,1,0.339,0.0144,0.000502,0.207,na,6.3e-05
ct,"ct:n=24,L=1,t=8,nn=0",1,cstate,7.1e-05,cstate,1,0.35,0.0292,0.000715,0.201,na,7.1e-05
ct,"ct:n=24,L=2,t=8,nn=0",1,cstate,8.4e-05,cstate,1,0.617,0.385,0.00745,0.264,na,8.4e-05
ct,"ct:n=24,L=4,t=24,nn=0",1,cstate,0.000201,cstate,1,1.19,timeout,skipped,2.36,na,0.000201
ct,"ct:n=24,L=4,t=32,nn=0",1,cstate,0.00129,cstate,1,1.21,skipped,skipped,1.27,na,0.00129
brick,"brick:n=12,D=1,nn=1",1,mps,0.000108,hsf,4.5,0.000155,0.00124,0.000108,0.000486,na,0.00112
brick,"brick:n=12,D=2,nn=1",1,sv,0.000209,sv,1,0.000209,0.003,0.000345,0.000661,na,0.000517
brick,"brick:n=12,D=3,nn=1",1,mps,0.000234,hsf,2.78,0.000344,0.00397,0.000234,0.00065,na,0.000634
brick,"brick:n=12,D=4,nn=1",1,mps,0.000294,mps,1,0.00101,0.00458,0.000294,0.000726,na,0.00287
brick,"brick:n=12,D=6,nn=1",1,sv,0.000445,sv,1,0.000445,0.00704,0.000505,0.000755,na,0.00115
brick,"brick:n=12,D=8,nn=1",1,sv,0.000528,sv,1,0.000528,0.0108,0.00119,0.000945,na,0.00181
brick,"brick:n=12,D=12,nn=1",1,sv,0.000723,sv,1,0.000723,0.0138,0.00744,0.0012,na,0.00224
brick,"brick:n=12,D=16,nn=1",1,sv,0.000916,sv,1,0.000916,0.0182,0.0169,0.00212,na,0.00278
brick,"brick:n=16,D=1,nn=1",1,mps,0.000134,mps,1,0.00256,0.0289,0.000134,0.00114,na,0.00678
brick,"brick:n=16,D=2,nn=1",1,mps,0.000179,mps,1,0.0038,0.0565,0.000179,0.00167,na,0.0129
brick,"brick:n=16,D=3,nn=1",1,mps,0.000239,mps,1,0.00483,0.0998,0.000239,0.00169,na,0.0192
brick,"brick:n=16,D=4,nn=1",1,mps,0.000365,mps,1,0.00623,0.13,0.000365,0.0018,na,0.0267
brick,"brick:n=16,D=6,nn=1",1,mps,0.00073,mps,1,0.00814,0.197,0.00073,0.002,na,0.0395
brick,"brick:n=16,D=8,nn=1",1,mps,0.00177,mps,1,0.0106,0.261,0.00177,0.00234,na,0.0524
brick,"brick:n=16,D=12,nn=1",1,hsf,0.00362,mps,7.54,0.015,0.374,0.0273,0.00362,na,0.0765
brick,"brick:n=16,D=16,nn=1",1,hsf,0.00849,mps,28.4,0.02,0.488,0.241,0.00849,na,0.103
brick,"brick:n=20,D=1,nn=1",1,mps,0.000167,mps,1,0.0418,1.07,0.000167,0.00437,na,0.137
brick,"brick:n=20,D=2,nn=1",1,mps,0.000224,mps,1,0.0605,2.14,0.000224,0.0059,na,0.268
brick,"brick:n=20,D=3,nn=1",1,mps,0.00029,mps,1,0.0831,3.23,0.00029,0.00652,na,0.389
brick,"brick:n=20,D=4,nn=1",1,mps,0.000419,mps,1,0.102,4.35,0.000419,0.00768,na,0.492
brick,"brick:n=20,D=6,nn=1",1,mps,0.00115,mps,1,0.145,6.68,0.00115,0.00953,na,0.719
brick,"brick:n=20,D=8,nn=1",1,mps,0.00272,mps,1,0.198,timeout,0.00272,0.0117,na,0.954
brick,"brick:n=20,D=12,nn=1",1,hsf,0.0268,mps,1.86,0.283,skipped,0.0498,0.0268,na,1.44
brick,"brick:n=20,D=16,nn=1",1,hsf,0.0858,mps,12.8,0.376,skipped,1.1,0.0858,na,1.92
brick,"brick:n=24,D=1,nn=1",1,mps,0.000133,mps,1,0.861,timeout,0.000133,0.0477,na,2.09
brick,"brick:n=24,D=2,nn=1",1,mps,0.000228,mps,1,1.18,skipped,0.000228,0.0598,na,3.98
brick,"brick:n=24,D=3,nn=1",1,mps,0.000415,mps,1,1.9,skipped,0.000415,0.0591,na,5.92
brick,"brick:n=24,D=4,nn=1",1,mps,0.000499,mps,1,1.96,skipped,0.000499,0.115,na,7.83
brick,"brick:n=24,D=6,nn=1",1,mps,0.00101,mps,1,2.8,skipped,0.00101,0.11,na,timeout
brick,"brick:n=24,D=8,nn=1",1,mps,0.00309,mps,1,3.56,skipped,0.00309,0.132,na,skipped
brick,"brick:n=24,D=12,nn=1",1,mps,0.0703,mps,1,5.29,skipped,0.0703,0.332,na,skipped
brick,"brick:n=24,D=16,nn=1",1,hsf,1.16,mps,1.58,6.81,skipped,1.82,1.16,na,skipped
brick,"brick:n=26,D=1,nn=1",1,mps,0.00015,mps,1,3.46,skipped,0.00015,toolarge,na,8.89
brick,"brick:n=26,D=2,nn=1",1,mps,0.000255,mps,1,5.07,skipped,0.000255,skipped,na,timeout
brick,"brick:n=26,D=3,nn=1",1,mps,0.000305,mps,1,6.83,skipped,0.000305,skipped,na,skipped
brick,"brick:n=26,D=4,nn=1",1,mps,0.000453,mps,1,8.45,skipped,0.000453,skipped,na,skipped
brick,"brick:n=26,D=6,nn=1",1,mps,0.00104,mps,1,timeout,skipped,0.00104,skipped,na,skipped
brick,"brick:n=26,D=8,nn=1",1,mps,0.00349,mps,1,timeout,skipped,0.00349,skipped,na,skipped
brick,"brick:n=26,D=12,nn=1",1,mps,0.0808,mps,1,timeout,skipped,0.0808,skipped,na,skipped
brick,"brick:n=26,D=16,nn=1",1,mps,2.32,mps,1,timeout,skipped,2.32,skipped,na,skipped
brick,"brick:n=16,D=1,nn=0",1,mps,0.000692,hsf,2.55,0.00324,0.0317,0.000692,0.00177,na,0.0106
brick,"brick:n=16,D=2,nn=0",1,mps,0.00173,hsf,1.56,0.00409,0.0657,0.00173,0.00269,na,0.0189
brick,"brick:n=16,D=3,nn=0",1,hsf,0.00363,hsf,1,0.00632,0.0998,0.106,0.00363,na,0.026
brick,"brick:n=16,D=4,nn=0",1,hsf,0.00485,sv,1.39,0.00675,0.137,0.407,0.00485,na,0.0342
brick,"brick:n=16,D=6,nn=0",1,sv,0.00984,sv,1,0.00984,0.194,1.89,0.0168,na,0.0519
brick,"brick:n=24,D=1,nn=0",1,mps,0.168,mps,1,0.854,timeout,0.168,0.227,na,2.06
brick,"brick:n=24,D=2,nn=0",1,hsf,0.261,hsf,1,1.19,skipped,1.51,0.261,na,3.97
brick,"brick:n=24,D=3,nn=0",1,hsf,0.311,mps,64.4,1.62,skipped,timeout,0.311,na,5.89
brick,"brick:n=24,D=4,nn=0",1,hsf,1.35,mps,14.8,2.04,skipped,skipped,1.35,na,7.87
brick,"brick:n=24,D=6,nn=0",1,sv,2.89,mps,6.92,2.89,skipped,skipped,timeout,na,timeout
arith,"arith:bits=6,h=0,reps=1",1,sparse,9e-06,sparse,1,0.00222,9e-06,0.00197,0.000984,na,0.000178
arith,"arith:bits=6,h=0,reps=2",1,sparse,1.6e-05,sparse,1,0.00944,1.6e-05,0.00304,0.00168,na,0.000443
arith,"arith:bits=6,h=0,reps=4",1,sparse,5.5e-05,sparse,1,0.0116,5.5e-05,0.00229,0.00144,na,0.000959
arith,"arith:bits=6,h=1,reps=1",1,sparse,1.1e-05,sparse,1,0.000837,1.1e-05,0.000855,0.00261,na,0.000295
arith,"arith:bits=6,h=1,reps=2",1,sparse,2.6e-05,sparse,1,0.00669,2.6e-05,0.00117,0.00154,na,0.00226
arith,"arith:bits=6,h=1,reps=4",1,sparse,0.000116,sparse,1,0.00188,0.000116,0.00256,0.00143,na,0.00514
arith,"arith:bits=6,h=2,reps=1",1,sparse,2.5e-05,sparse,1,0.00121,2.5e-05,0.00195,0.00268,na,0.000376
arith,"arith:bits=6,h=2,reps=2",1,sparse,4.5e-05,sparse,1,0.000671,4.5e-05,0.00183,0.00143,na,0.00124
arith,"arith:bits=6,h=2,reps=4",1,sparse,8.4e-05,sparse,1,0.000751,8.4e-05,0.00631,0.0021,na,0.00303
arith,"arith:bits=6,h=4,reps=1",1,sparse,0.000187,sparse,1,0.000419,0.000187,0.00156,0.00131,na,0.000518
arith,"arith:bits=6,h=4,reps=2",1,sparse,0.000367,sparse,1,0.000648,0.000367,0.00275,0.0019,na,0.00141
arith,"arith:bits=6,h=4,reps=4",1,sparse,0.000635,sparse,1,0.00114,0.000635,0.0187,0.00197,na,0.00337
arith,"arith:bits=6,h=6,reps=1",1,sv,0.000413,sv,1,0.000413,0.00333,0.00185,0.00107,na,0.00073
arith,"arith:bits=6,h=6,reps=2",1,sv,0.000519,sv,1,0.000519,0.00542,0.00171,0.00144,na,0.00159
arith,"arith:bits=6,h=6,reps=4",1,sv,0.000754,sv,1,0.000754,0.0109,0.00339,0.00206,na,0.00343
arith,"arith:bits=8,h=0,reps=1",1,sparse,2e-05,sparse,1,0.00365,2e-05,0.000873,0.00297,na,0.000982
arith,"arith:bits=8,h=0,reps=2",1,sparse,2.5e-05,sparse,1,0.00602,2.5e-05,0.00123,0.00429,na,0.00683
arith,"arith:bits=8,h=0,reps=4",1,sparse,3.3e-05,sparse,1,0.00949,3.3e-05,0.00234,0.00428,na,0.0205
arith,"arith:bits=8,h=1,reps=1",1,sparse,2.1e-05,sparse,1,0.00339,2.1e-05,0.000927,0.00267,na,0.00619
arith,"arith:bits=8,h=1,reps=2",1,sparse,2.6e-05,sparse,1,0.00521,2.6e-05,0.00143,0.00405,na,0.0387
arith,"arith:bits=8,h=1,reps=4",1,sparse,3.8e-05,sparse,1,0.0101,3.8e-05,0.00295,0.00424,na,0.108
arith,"arith:bits=8,h=2,reps=1",1,sparse,4.4e-05,sparse,1,0.00369,4.4e-05,0.00139,0.00259,na,0.0105
arith,"arith:bits=8,h=2,reps=2",1,sparse,6e-05,sparse,1,0.00539,6e-05,0.00242,0.00435,na,0.0414
arith,"arith:bits=8,h=2,reps=4",1,sparse,9.2e-05,sparse,1,0.01,9.2e-05,0.0063,0.00456,na,0.106
arith,"arith:bits=8,h=4,reps=1",1,sparse,0.000219,sparse,1,0.0034,0.000219,0.00182,0.00295,na,0.0151
arith,"arith:bits=8,h=4,reps=2",1,sparse,0.000386,sparse,1,0.00529,0.000386,0.00299,0.00439,na,0.0516
arith,"arith:bits=8,h=4,reps=4",1,sparse,0.000798,sparse,1,0.0104,0.000798,0.0193,0.00514,na,0.118
arith,"arith:bits=8,h=6,reps=1",1,mps,0.00222,sparse,1.61,0.00349,0.00357,0.00222,0.00285,na,0.019
arith,"arith:bits=8,h=6,reps=2",1,mps,0.00422,sparse,1.47,0.00547,0.00622,0.00422,0.00541,na,0.0577
arith,"arith:bits=8,h=6,reps=4",1,hsf,0.00746,sparse,1.72,0.00989,0.0128,0.031,0.00746,na,0.134
arith,"arith:bits=10,h=0,reps=1",1,sparse,1.8e-05,sparse,1,0.0554,1.8e-05,0.00102,0.0121,na,0.0114
arith,"arith:bits=10,h=0,reps=2",1,sparse,1.9e-05,sparse,1,0.0951,1.9e-05,0.00161,0.0302,na,0.122
arith,"arith:bits=10,h=0,reps=4",1,sparse,3.7e-05,sparse,1,0.176,3.7e-05,0.00296,0.0304,na,0.344
arith,"arith:bits=10,h=1,reps=1",1,sparse,2.5e-05,sparse,1,0.0564,2.5e-05,0.00133,0.0115,na,0.0901
arith,"arith:bits=10,h=1,reps=2",1,sparse,3.1e-05,sparse,1,0.0974,3.1e-05,0.0021,0.0305,na,0.655
arith,"arith:bits=10,h=1,reps=4",1,sparse,5e-05,sparse,1,0.179,5e-05,0.0046,0.0307,na,1.91
arith,"arith:bits=10,h=2,reps=1",1,sparse,4.6e-05,sparse,1,0.0575,4.6e-05,0.00134,0.0112,na,0.159
arith,"arith:bits=10,h=2,reps=2",1,sparse,6.8e-05,sparse,1,0.0985,6.8e-05,0.00228,0.0314,na,0.715
arith,"arith:bits=10,h=2,reps=4",1,sparse,0.000102,sparse,1,0.18,0.000102,0.00677,0.0353,na,1.77
arith,"arith:bits=10,h=4,reps=1",1,sparse,0.000298,sparse,1,0.0596,0.000298,0.00189,0.0122,na,0.223
arith,"arith:bits=10,h=4,reps=2",1,sparse,0.000561,sparse,1,0.101,0.000561,0.00318,0.0351,na,0.85
arith,"arith:bits=10,h=4,reps=4",1,sparse,0.000967,sparse,1,0.187,0.000967,0.0213,0.0383,na,2.02
arith,"arith:bits=10,h=6,reps=1",1,mps,0.00231,sparse,1.79,0.0599,0.00415,0.00231,0.0168,na,0.281
arith,"arith:bits=10,h=6,reps=2",1,mps,0.00411,sparse,1.84,0.104,0.00754,0.00411,0.0416,na,0.957
arith,"arith:bits=10,h=6,reps=4",1,sparse,0.0169,sparse,1,0.193,0.0169,0.0354,0.0686,na,2.29
arith,"arith:bits=12,h=0,reps=1",1,sparse,2e-05,sparse,1,1.29,2e-05,0.00122,0.135,na,0.279
arith,"arith:bits=12,h=0,reps=2",1,sparse,4.4e-05,sparse,1,2.04,4.4e-05,0.00192,0.489,na,2.44
arith,"arith:bits=12,h=0,reps=4",1,sparse,3.6e-05,sparse,1,3.79,3.6e-05,0.00342,0.475,na,5.81
arith,"arith:bits=12,h=1,reps=1",1,sparse,2.8e-05,sparse,1,0.984,2.8e-05,0.00133,0.118,na,1.38
arith,"arith:bits=12,h=1,reps=2",1,sparse,3.4e-05,sparse,1,1.76,3.4e-05,0.00219,0.467,na,timeout
arith,"arith:bits=12,h=1,reps=4",1,sparse,5.5e-05,sparse,1,3.27,5.5e-05,0.00477,0.436,na,skipped
arith,"arith:bits=12,h=2,reps=1",1,sparse,5.1e-05,sparse,1,1.29,5.1e-05,0.00179,0.116,na,2.49
arith,"arith:bits=12,h=2,reps=2",1,sparse,9.1e-05,sparse,1,1.84,9.1e-05,0.00291,0.441,na,skipped
arith,"arith:bits=12,h=2,reps=4",1,sparse,0.000119,sparse,1,3.36,0.000119,0.0078,0.467,na,skipped
arith,"arith:bits=12,h=4,reps=1",1,sparse,0.000316,sparse,1,1.1,0.000316,0.002,0.118,na,3.48
arith,"arith:bits=12,h=4,reps=2",1,sparse,0.000584,sparse,1,1.87,0.000584,0.00352,0.454,na,skipped
arith,"arith:bits=12,h=4,reps=4",1,sparse,0.00124,sparse,1,3.42,0.00124,0.0214,0.556,na,skipped
arith,"arith:bits=12,h=6,reps=1",1,mps,0.00253,sparse,1.86,1.12,0.0047,0.00253,0.221,na,4.39
arith,"arith:bits=12,h=6,reps=2",1,mps,0.00437,sparse,2.09,1.87,0.00914,0.00437,0.552,na,skipped
arith,"arith:bits=12,h=6,reps=4",1,sparse,0.0192,sparse,1,3.4,0.0192,0.0335,0.629,na,skipped
qaoa,"qaoa:n=12,p=1,deg=2,nn=0",1,cstate,8.1e-05,cstate,1,0.000172,0.00679,0.000912,0.00116,na,8.1e-05
qaoa,"qaoa:n=12,p=1,deg=2,nn=1",1,cstate,0.000113,cstate,1,0.000184,0.0031,0.000315,0.00129,na,0.000113
qaoa,"qaoa:n=12,p=1,deg=3,nn=0",1,cstate,0.000129,cstate,1,0.000206,0.00559,0.00503,0.00118,na,0.000129
qaoa,"qaoa:n=12,p=1,deg=3,nn=1",1,sv,0.000224,cstate,2.03,0.000224,0.00472,0.00198,0.0013,na,0.000454
qaoa,"qaoa:n=12,p=2,deg=2,nn=0",1,sv,0.000268,cstate,1.37,0.000268,0.0071,0.0123,0.000884,na,0.000366
qaoa,"qaoa:n=12,p=2,deg=2,nn=1",1,sv,0.000297,cstate,2.1,0.000297,0.0152,0.0017,0.0014,na,0.000623
qaoa,"qaoa:n=12,p=2,deg=3,nn=0",1,cstate,0.00023,cstate,1,0.000816,0.00735,0.0756,0.00219,na,0.00023
qaoa,"qaoa:n=12,p=2,deg=3,nn=1",1,cstate,0.000287,cstate,1,0.000389,0.00973,0.0502,0.00253,na,0.000287
qaoa,"qaoa:n=12,p=3,deg=2,nn=0",1,cstate,0.000181,cstate,1,0.000351,0.00904,0.0176,0.000901,na,0.000181
qaoa,"qaoa:n=12,p=3,deg=2,nn=1",1,cstate,0.000282,cstate,1,0.000399,0.00892,0.0115,0.00111,na,0.000282
qaoa,"qaoa:n=12,p=3,deg=3,nn=0",1,cstate,0.000326,cstate,1,0.000474,0.0115,0.15,0.00838,na,0.000326
qaoa,"qaoa:n=12,p=3,deg=3,nn=1",1,cstate,0.000392,cstate,1,0.000503,0.0132,0.114,0.0243,na,0.000392
qaoa,"qaoa:n=16,p=1,deg=2,nn=0",1,cstate,0.000267,cstate,1,0.00331,0.0671,0.00282,0.00244,na,0.000267
qaoa,"qaoa:n=16,p=1,deg=2,nn=1",1,mps,0.000425,cstate,2.52,0.00317,0.0655,0.000425,0.00154,na,0.00107
qaoa,"qaoa:n=16,p=1,deg=3,nn=0",1,cstate,0.00137,cstate,1,0.00361,0.0848,0.0226,0.00409,na,0.00137
qaoa,"qaoa:n=16,p=1,deg=3,nn=1",1,cstate,0.00195,cstate,1,0.00383,0.105,0.00294,0.0025,na,0.00195
qaoa,"qaoa:n=16,p=2,deg=2,nn=0",1,cstate,0.000647,cstate,1,0.00449,0.135,0.0794,0.0029,na,0.000647
qaoa,"qaoa:n=16,p=2,deg=2,nn=1",1,hsf,0.00209,cstate,2.02,0.00531,0.133,0.00255,0.00209,na,0.00424
qaoa,"qaoa:n=16,p=2,deg=3,nn=0",1,cstate,0.00439,cstate,1,0.00614,0.172,0.776,0.00765,na,0.00439
qaoa,"qaoa:n=16,p=2,deg=3,nn=1",1,cstate,0.00612,cstate,1,0.00663,0.214,0.559,0.01,na,0.00612
qaoa,"qaoa:n=16,p=3,deg=2,nn=0",1,cstate,0.000859,cstate,1,0.00625,0.2,0.455,0.00461,na,0.000859
qaoa,"qaoa:n=16,p=3,deg=2,nn=1",1,hsf,0.00349,cstate,2.03,0.00745,0.209,0.0351,0.00349,na,0.00706
qaoa,"qaoa:n=16,p=3,deg=3,nn=0",1,cstate,0.00692,cstate,1,0.00848,0.266,2.77,0.0374,na,0.00692
qaoa,"qaoa:n=16,p=3,deg=3,nn=1",1,cstate,0.00891,cstate,1,0.00937,0.328,2.83,0.128,na,0.00891
qaoa,"qaoa:n=20,p=1,deg=2,nn=0",1,cstate,0.00467,cstate,1,0.0468,2.04,0.0169,0.0191,na,0.00467
qaoa,"qaoa:n=20,p=1,deg=2,nn=1",1,mps,0.000485,mps,1,0.0566,2.02,0.000485,0.00819,na,0.0184
qaoa,"qaoa:n=20,p=1,deg=3,nn=0",1,cstate,0.0194,cstate,1,0.0597,2.55,0.2,0.0256,na,0.0194
qaoa,"qaoa:n=20,p=1,deg=3,nn=1",1,mps,0.00407,hsf,3.13,0.0677,3.05,0.00407,0.0127,na,0.0224
qaoa,"qaoa:n=20,p=2,deg=2,nn=0",1,cstate,0.0197,cstate,1,0.0825,4.51,2,0.0221,na,0.0197
qaoa,"qaoa:n=20,p=2,deg=2,nn=1",1,mps,0.00354,mps,1,0.102,5.06,0.00354,0.0117,na,0.0745
qaoa,"qaoa:n=20,p=2,deg=3,nn=0",1,cstate,0.071,mps,282,0.138,5.65,timeout,0.17,na,0.071
qaoa,"qaoa:n=20,p=2,deg=3,nn=1",1,hsf,0.0869,mps,21.1,0.122,6.26,1.83,0.0869,na,0.0889
qaoa,"qaoa:n=20,p=3,deg=2,nn=0",1,cstate,0.0275,cstate,1,0.116,6.38,timeout,0.0354,na,0.0275
qaoa,"qaoa:n=20,p=3,deg=2,nn=1",1,hsf,0.0247,mps,2.35,0.14,6.42,0.0579,0.0247,na,0.106
qaoa,"qaoa:n=20,p=3,deg=3,nn=0",1,cstate,0.124,mps,162,0.155,7.98,skipped,2.45,na,0.124
qaoa,"qaoa:n=20,p=3,deg=3,nn=1",1,cstate,0.152,mps,131,0.205,9.27,timeout,1.29,na,0.152
qaoa,"qaoa:n=24,p=1,deg=2,nn=0",1,cstate,0.0515,hsf,5.01,0.86,timeout,0.131,0.258,na,0.0515
qaoa,"qaoa:n=24,p=1,deg=2,nn=1",1,mps,0.000569,mps,1,1.05,timeout,0.000569,0.102,na,0.291
qaoa,"qaoa:n=24,p=1,deg=3,nn=0",1,cstate,0.157,mps,9.91,1.07,timeout,1.56,0.386,na,0.157
qaoa,"qaoa:n=24,p=1,deg=3,nn=1",1,mps,0.00535,mps,1,1.26,timeout,0.00535,0.132,na,0.37
qaoa,"qaoa:n=24,p=2,deg=2,nn=0",1,cstate,0.171,hsf,2.11,1.44,timeout,timeout,0.36,na,0.171
qaoa,"qaoa:n=24,p=2,deg=2,nn=1",1,mps,0.00382,mps,1,1.8,timeout,0.00382,0.13,na,1.02
qaoa,"qaoa:n=24,p=2,deg=3,nn=0",1,cstate,0.618,mps,32.4,1.89,timeout,skipped,5.4,na,0.618
qaoa,"qaoa:n=24,p=2,deg=3,nn=1",1,hsf,1.19,mps,2.54,2.21,timeout,3.02,1.19,na,1.48
qaoa,"qaoa:n=24,p=3,deg=2,nn=0",1,cstate,0.261,mps,76.8,2.02,timeout,skipped,0.682,na,0.261
qaoa,"qaoa:n=24,p=3,deg=2,nn=1",1,mps,0.0809,mps,1,2.52,timeout,0.0809,0.324,na,1.75
qaoa,"qaoa:n=24,p=3,deg=3,nn=0",1,cstate,1.06,mps,19,2.7,timeout,skipped,timeout,na,1.06
qaoa,"qaoa:n=24,p=3,deg=3,nn=1",1,cstate,2.59,mps,7.74,3.15,timeout,skipped,timeout,na,2.59
