theta_h,unmitigated,mitigated,boot_median,boot_lo68,boot_hi68
0,0.00633929,0.0353669,0.00948904,-0.00384279,0.0394384
0.25,0.0121515,0.0370668,0.0293521,0.00212664,0.0514097
0.5,0.00615468,0.00796348,0.0143951,-0.00353213,0.0335726
1,0.00252923,0.00269045,0.00257946,-0.0212418,0.0141892
1.2,-0.0103443,-0.0149485,-0.0155501,-0.0515417,-0.00911503
1.25,-0.0310091,-0.254,-0.144776,-0.389393,-0.0633127
1.3,-0.0550072,-0.353974,-0.373401,-0.595622,-0.212351
1.35,-0.080717,-0.458033,-0.447105,-0.602955,-0.303364
1.4,-0.1037,-0.537649,-0.524641,-0.685055,-0.429622
1.45,-0.143707,-0.730447,-0.657814,-0.835874,-0.470999
1.5,-0.155096,-0.898868,-0.868024,-1.02633,-0.744114
1.5707,-0.165795,-1.0125,-1.01294,-1.18825,-0.822838
