S,128,256,64,0.13,0.5,poisson,zero,0,25.375,24.40625,26,128,121,0.024
S,128,256,64,0.13,0.5,poisson,zero,1,21.9375,24.359375,19,121,117,0.024
S,128,256,64,0.13,0.5,poisson,zero,2,20.953125,17.75,22,120,111,0.026
S,128,256,64,0.13,0.5,poisson,zero,3,21.53125,22.921875,27,119,112,0.024
S,128,256,64,0.13,0.5,poisson,zero,4,26.25,24.328125,21,120,113,0.023
S,128,256,64,0.13,0.5,poisson,zero,5,24.765625,24.671875,23,117,111,0.026
S,128,256,64,0.13,0.5,poisson,zero,6,23.90625,22.265625,21,116,110,0.025
S,128,256,64,0.13,0.5,poisson,zero,7,26.75,24.8125,28,105,98,0.027
S,128,256,64,0.13,0.5,poisson,zero,8,24.375,24.34375,26,147,143,0.023
S,128,256,64,0.13,0.5,poisson,zero,9,23.203125,21.359375,24,116,111,0.024
S,128,256,64,0.13,0.5,poisson,zero,10,26.484375,21.71875,24,132,125,0.028
S,128,256,64,0.13,0.5,poisson,zero,11,21.25,23.859375,20,149,136,0.024
S,128,256,64,0.13,0.5,poisson,zero,12,25.859375,26.515625,24,154,146,0.023
S,128,256,64,0.13,0.5,poisson,zero,13,25.5,25.40625,27,144,138,0.028
S,128,256,64,0.13,0.5,poisson,zero,14,28.359375,22.859375,34,113,107,0.028
S,128,256,64,0.13,0.5,poisson,zero,15,24.265625,23.53125,23,121,117,0.030
S,128,256,64,0.13,0.5,poisson,zero,16,22.046875,23.34375,22,123,116,0.024
S,128,256,64,0.13,0.5,poisson,zero,17,23.859375,22.5,22,125,117,0.023
S,128,256,64,0.13,0.5,poisson,zero,18,24.21875,21.53125,18,114,112,0.023
S,128,256,64,0.13,0.5,poisson,zero,19,25.1875,24.828125,25,114,108,0.023
S,128,256,64,0.13,0.5,poisson,zero,20,27.78125,30.3125,22,148,135,0.029
S,128,256,64,0.13,0.5,poisson,zero,21,23.484375,26.390625,20,136,125,0.023
S,128,256,64,0.13,0.5,poisson,zero,22,20.25,21.921875,27,128,122,0.023
S,128,256,64,0.13,0.5,poisson,zero,23,22.8125,25.71875,28,132,124,0.033
S,128,256,64,0.13,0.5,poisson,zero,24,26.921875,23.640625,24,125,123,0.026
S,128,256,64,0.13,0.5,poisson,zero,25,26.28125,24.53125,29,117,105,0.024
S,128,256,64,0.13,0.5,poisson,zero,26,26.71875,27.125,22,135,127,0.024
S,128,256,64,0.13,0.5,poisson,zero,27,25.171875,21.46875,22,135,128,0.027
S,128,256,64,0.13,0.5,poisson,zero,28,26.890625,18.765625,20,151,145,0.027
S,128,256,64,0.13,0.5,poisson,zero,29,21.625,27.828125,12,128,116,0.023
S,128,256,64,0.13,0.5,poisson,zero,30,26.96875,24.3125,24,135,130,0.030
S,128,256,64,0.13,0.5,poisson,zero,31,20.796875,17.53125,26,124,114,0.027
S,128,256,64,0.13,0.5,poisson,zero,32,28.734375,21.5,31,131,124,0.023
S,128,256,64,0.13,0.5,poisson,zero,33,23.015625,19.859375,24,125,118,0.025
S,128,256,64,0.13,0.5,poisson,zero,34,22.28125,19.34375,25,100,98,0.026
S,128,256,64,0.13,0.5,poisson,zero,35,25.921875,23.390625,27,123,119,0.024
S,128,256,64,0.13,0.5,poisson,zero,36,27.484375,28.453125,29,136,129,0.025
S,128,256,64,0.13,0.5,poisson,zero,37,24.203125,25.015625,26,112,106,0.027
S,128,256,64,0.13,0.5,poisson,zero,38,24.9375,22.046875,21,137,133,0.023
S,128,256,64,0.13,0.5,poisson,zero,39,21.90625,25.59375,19,127,119,0.029
S,128,256,64,0.13,0.5,poisson,zero,40,21.890625,20.5625,24,126,120,0.024
S,128,256,64,0.13,0.5,poisson,zero,41,25.625,23.953125,21,131,129,0.027
S,128,256,64,0.13,0.5,poisson,zero,42,29.625,22.734375,30,145,138,0.023
S,128,256,64,0.13,0.5,poisson,zero,43,28.4375,22.03125,27,138,131,0.023
S,128,256,64,0.13,0.5,poisson,zero,44,24.234375,23.640625,20,122,118,0.023
S,128,256,64,0.13,0.5,poisson,zero,45,26,24.46875,31,126,121,0.029
S,128,256,64,0.13,0.5,poisson,zero,46,21.78125,25.1875,21,137,128,0.023
S,128,256,64,0.13,0.5,poisson,zero,47,24.71875,25.515625,23,132,123,0.024
S,128,256,64,0.13,0.5,poisson,zero,48,24.21875,30.0625,30,137,130,0.023
S,128,256,64,0.13,0.5,poisson,zero,49,27,24.28125,28,129,122,0.028
S,128,256,64,0.13,0.5,poisson,zero,50,23.765625,22.46875,32,136,128,0.025
S,128,256,64,0.13,0.5,poisson,zero,51,22.34375,24.625,27,133,123,0.029
S,128,256,64,0.13,0.5,poisson,zero,52,21.859375,24,11,116,108,0.027
S,128,256,64,0.13,0.5,poisson,zero,53,18.71875,22.515625,16,128,118,0.023
S,128,256,64,0.13,0.5,poisson,zero,54,21.75,24.0625,26,126,118,0.024
S,128,256,64,0.13,0.5,poisson,zero,55,25.234375,25.9375,18,128,119,0.023
S,128,256,64,0.13,0.5,poisson,zero,56,27.15625,23.328125,25,117,110,0.024
S,128,256,64,0.13,0.5,poisson,zero,57,24.671875,24.375,29,118,112,0.026
S,128,256,64,0.13,0.5,poisson,zero,58,26.484375,27.171875,28,137,127,0.024
S,128,256,64,0.13,0.5,poisson,zero,59,23.921875,25.109375,29,145,140,0.024
S,128,256,64,0.13,0.5,poisson,zero,60,20.203125,21.15625,23,105,97,0.024
S,128,256,64,0.13,0.5,poisson,zero,61,27.0625,25.421875,31,141,133,0.024
S,128,256,64,0.13,0.5,poisson,zero,62,25.28125,25.875,29,133,123,0.024
S,128,256,64,0.13,0.5,poisson,zero,63,25.046875,30.53125,25,123,116,0.026
S,128,256,64,0.13,0.5,poisson,zero,64,25.09375,23.921875,21,142,134,0.024
S,128,256,64,0.13,0.5,poisson,zero,65,24.453125,26.15625,31,130,129,0.025
S,128,256,64,0.13,0.5,poisson,zero,66,22.984375,22.515625,33,140,133,0.026
S,128,256,64,0.13,0.5,poisson,zero,67,26.234375,28.234375,29,134,127,0.024
S,128,256,64,0.13,0.5,poisson,zero,68,24.5,24.6875,21,117,111,0.027
S,128,256,64,0.13,0.5,poisson,zero,69,21.546875,27.859375,26,130,126,0.024
S,128,256,64,0.13,0.5,poisson,zero,70,20.296875,22.75,22,114,111,0.024
S,128,256,64,0.13,0.5,poisson,zero,71,25.265625,17.734375,17,144,138,0.023
S,128,256,64,0.13,0.5,poisson,zero,72,22.984375,25.03125,33,135,130,0.031
S,128,256,64,0.13,0.5,poisson,zero,73,24.546875,29.296875,18,122,113,0.026
S,128,256,64,0.13,0.5,poisson,zero,74,23.296875,24.25,22,117,114,0.022
S,128,256,64,0.13,0.5,poisson,zero,75,20.375,24.59375,22,141,135,0.024
S,128,256,64,0.13,0.5,poisson,zero,76,27.65625,28.453125,26,120,116,0.028
S,128,256,64,0.13,0.5,poisson,zero,77,28.703125,25.46875,27,137,130,0.024
S,128,256,64,0.13,0.5,poisson,zero,78,31.453125,25.125,22,134,125,0.029
S,128,256,64,0.13,0.5,poisson,zero,79,22.015625,24.546875,20,130,123,0.026
S,128,256,64,0.13,0.5,poisson,zero,80,24.9375,23.109375,30,134,126,0.023
S,128,256,64,0.13,0.5,poisson,zero,81,23.671875,25.25,23,153,146,0.023
S,128,256,64,0.13,0.5,poisson,zero,82,25.3125,24.890625,35,141,131,0.033
S,128,256,64,0.13,0.5,poisson,zero,83,26.8125,23,23,136,125,0.024
S,128,256,64,0.13,0.5,poisson,zero,84,22.21875,23.765625,18,138,125,0.024
S,128,256,64,0.13,0.5,poisson,zero,85,26.703125,29.0625,29,125,119,0.023
S,128,256,64,0.13,0.5,poisson,zero,86,22.421875,31.140625,26,146,130,0.024
S,128,256,64,0.13,0.5,poisson,zero,87,25.21875,24.328125,25,111,108,0.025
S,128,256,64,0.13,0.5,poisson,zero,88,25.328125,26.109375,20,116,109,0.025
S,128,256,64,0.13,0.5,poisson,zero,89,30.4375,26.546875,29,139,131,0.027
S,128,256,64,0.13,0.5,poisson,zero,90,23.421875,26.5,21,119,117,0.028
S,128,256,64,0.13,0.5,poisson,zero,91,26.3125,20.421875,23,126,114,0.026
S,128,256,64,0.13,0.5,poisson,zero,92,23.84375,21.53125,25,114,106,0.023
S,128,256,64,0.13,0.5,poisson,zero,93,26.1875,22.484375,22,126,121,0.023
S,128,256,64,0.13,0.5,poisson,zero,94,26.71875,20.375,23,129,122,0.025
S,128,256,64,0.13,0.5,poisson,zero,95,25.578125,24.34375,22,117,105,0.023
S,128,256,64,0.13,0.5,poisson,zero,96,24.234375,26.734375,26,124,120,0.023
S,128,256,64,0.13,0.5,poisson,zero,97,26.203125,28.21875,29,133,123,0.024
S,128,256,64,0.13,0.5,poisson,zero,98,24.3125,24.546875,23,125,119,0.025
S,128,256,64,0.13,0.5,poisson,zero,99,25.984375,28.03125,18,146,139,0.024
S,128,256,64,0.13,0.5,poisson,zero,100,26.546875,22.6875,24,118,113,0.024
S,128,256,64,0.13,0.5,poisson,zero,101,20.046875,26.046875,27,115,110,0.025
S,128,256,64,0.13,0.5,poisson,zero,102,24.515625,23.015625,28,127,121,0.027
S,128,256,64,0.13,0.5,poisson,zero,103,24.0625,20.46875,28,105,100,0.023
S,128,256,64,0.13,0.5,poisson,zero,104,22.25,24.609375,22,102,92,0.024
S,128,256,64,0.13,0.5,poisson,zero,105,28.84375,29.046875,37,116,114,0.025
S,128,256,64,0.13,0.5,poisson,zero,106,20.828125,22.828125,21,122,120,0.025
S,128,256,64,0.13,0.5,poisson,zero,107,27.1875,22.859375,25,148,139,0.030
S,128,256,64,0.13,0.5,poisson,zero,108,29.328125,25.15625,22,132,124,0.025
S,128,256,64,0.13,0.5,poisson,zero,109,23.453125,21.328125,22,118,107,0.023
S,128,256,64,0.13,0.5,poisson,zero,110,29.140625,26.90625,23,143,138,0.024
S,128,256,64,0.13,0.5,poisson,zero,111,27.734375,21.234375,29,136,123,0.028
S,128,256,64,0.13,0.5,poisson,zero,112,25.03125,25.84375,19,151,143,0.024
S,128,256,64,0.13,0.5,poisson,zero,113,22.71875,20.890625,23,146,136,0.023
S,128,256,64,0.13,0.5,poisson,zero,114,24.5,25.09375,22,121,112,0.024
S,128,256,64,0.13,0.5,poisson,zero,115,28.703125,30.390625,26,145,135,0.025
S,128,256,64,0.13,0.5,poisson,zero,116,27.515625,28.625,25,117,109,0.025
S,128,256,64,0.13,0.5,poisson,zero,117,27.296875,20.6875,21,109,100,0.031
S,128,256,64,0.13,0.5,poisson,zero,118,22.78125,26.40625,21,127,120,0.023
S,128,256,64,0.13,0.5,poisson,zero,119,22.21875,21.8125,23,125,119,0.023
