brick,24,f64,b32,0,1.136512
brick,24,f64,b64,0,1.098596
brick,24,f64,b128,0,1.017368
brick,24,f64,b256,0,1.105355
brick,24,f64,b512,0,1.067708
brick,24,f64,b1024,0,1.035060
brick,24,f64,b2048,0,1.058554
brick,24,f64,b4096,0,1.243424
brick,24,f64,b32,1,1.097697
brick,24,f64,b64,1,1.121387
brick,24,f64,b128,1,1.109570
brick,24,f64,b256,1,1.134564
brick,24,f64,b512,1,1.056833
brick,24,f64,b1024,1,1.033960
brick,24,f64,b2048,1,1.052028
brick,24,f64,b4096,1,1.233464
brick,24,f64,b32,2,1.149901
brick,24,f64,b64,2,1.079931
brick,24,f64,b128,2,1.013180
brick,24,f64,b256,2,1.090486
brick,24,f64,b512,2,1.075605
brick,24,f64,b1024,2,1.067166
brick,24,f64,b2048,2,1.053529
brick,24,f64,b4096,2,1.240234
brick,24,f64,b32,3,1.091993
brick,24,f64,b64,3,1.092949
brick,24,f64,b128,3,1.076588
brick,24,f64,b256,3,1.105261
brick,24,f64,b512,3,1.061201
brick,24,f64,b1024,3,1.044621
brick,24,f64,b2048,3,1.078274
brick,24,f64,b4096,3,1.238584
brick,24,f64,b32,4,1.146837
brick,24,f64,b64,4,1.087812
brick,24,f64,b128,4,1.023250
brick,24,f64,b256,4,1.083753
brick,24,f64,b512,4,1.060989
brick,24,f64,b1024,4,1.034323
brick,24,f64,b2048,4,1.058035
brick,24,f64,b4096,4,1.246896
