brick,22,f64,base,0,0.291069
brick,22,f64,scalar,0,0.347259
brick,22,f64,t8,0,0.278526
brick,22,f64,t16,0,0.276912
brick,22,f64,t32,0,0.346835
brick,22,f64,t64,0,0.265838
brick,22,f64,b1m_t32,0,0.266710
brick,22,f64,ref,0,0.844219
brick,22,f64,base,1,0.287423
brick,22,f64,scalar,1,0.337849
brick,22,f64,t8,1,0.281244
brick,22,f64,t16,1,0.279415
brick,22,f64,t32,1,0.270503
brick,22,f64,t64,1,0.264563
brick,22,f64,b1m_t32,1,0.258340
brick,22,f64,ref,1,0.839043
brick,22,f64,base,2,0.278396
brick,22,f64,scalar,2,0.343484
brick,22,f64,t8,2,0.287056
brick,22,f64,t16,2,0.269383
brick,22,f64,t32,2,0.267941
brick,22,f64,t64,2,0.265388
brick,22,f64,b1m_t32,2,0.269760
brick,22,f64,ref,2,0.845469
brick,22,f64,base,3,0.281073
brick,22,f64,scalar,3,0.340763
brick,22,f64,t8,3,0.284616
brick,22,f64,t16,3,0.274360
brick,22,f64,t32,3,0.264420
brick,22,f64,t64,3,0.264882
brick,22,f64,b1m_t32,3,0.263727
brick,22,f64,ref,3,0.844352
brick,22,f64,base,4,0.283583
brick,22,f64,scalar,4,0.337848
brick,22,f64,t8,4,0.281361
brick,22,f64,t16,4,0.275435
brick,22,f64,t32,4,0.267705
brick,22,f64,t64,4,0.277142
brick,22,f64,b1m_t32,4,0.271827
brick,22,f64,ref,4,0.895647
brick,24,f64,base,0,1.123558
brick,24,f64,scalar,0,1.356484
brick,24,f64,t8,0,1.070060
brick,24,f64,t16,0,1.054258
brick,24,f64,t32,0,1.033020
brick,24,f64,t64,0,1.022651
brick,24,f64,b1m_t32,0,1.001306
brick,24,f64,ref,0,3.809857
brick,24,f64,base,1,1.104292
brick,24,f64,scalar,1,1.387387
brick,24,f64,t8,1,1.097715
brick,24,f64,t16,1,1.076200
brick,24,f64,t32,1,1.042798
brick,24,f64,t64,1,1.023477
brick,24,f64,b1m_t32,1,1.001643
brick,24,f64,ref,1,3.806785
brick,24,f64,base,2,1.104426
brick,24,f64,scalar,2,1.362821
brick,24,f64,t8,2,1.076964
brick,24,f64,t16,2,1.056849
brick,24,f64,t32,2,1.034373
brick,24,f64,t64,2,1.015371
brick,24,f64,b1m_t32,2,0.999844
brick,24,f64,ref,2,3.823245
brick,24,f64,base,3,1.104709
brick,24,f64,scalar,3,1.364958
brick,24,f64,t8,3,1.067633
brick,24,f64,t16,3,1.046250
brick,24,f64,t32,3,1.027055
brick,24,f64,t64,3,1.033903
brick,24,f64,b1m_t32,3,1.008502
brick,24,f64,ref,3,3.833775
brick,24,f64,base,4,1.105995
brick,24,f64,scalar,4,1.377093
brick,24,f64,t8,4,1.086402
brick,24,f64,t16,4,1.048370
brick,24,f64,t32,4,1.042273
brick,24,f64,t64,4,1.025685
brick,24,f64,b1m_t32,4,0.994716
brick,24,f64,ref,4,3.796801
brick,26,f64,base,0,4.720970
brick,26,f64,scalar,0,5.721615
brick,26,f64,t8,0,4.541107
brick,26,f64,t16,0,4.451889
brick,26,f64,t32,0,4.392758
brick,26,f64,t64,0,4.305772
brick,26,f64,b1m_t32,0,3.984516
brick,26,f64,base,1,4.629295
brick,26,f64,scalar,1,5.755695
brick,26,f64,t8,1,4.495958
brick,26,f64,t16,1,4.464499
brick,26,f64,t32,1,4.383782
brick,26,f64,t64,1,4.293204
brick,26,f64,b1m_t32,1,4.042817
brick,26,f64,base,2,4.603176
brick,26,f64,scalar,2,5.751078
brick,26,f64,t8,2,4.529170
brick,26,f64,t16,2,4.432096
brick,26,f64,t32,2,4.384457
brick,26,f64,t64,2,4.268928
brick,26,f64,b1m_t32,2,3.978294
brick,26,f64,base,3,4.613838
brick,26,f64,scalar,3,5.744705
brick,26,f64,t8,3,4.509569
brick,26,f64,t16,3,4.431423
brick,26,f64,t32,3,4.384174
brick,26,f64,t64,3,4.349173
brick,26,f64,b1m_t32,3,3.995679
brick,26,f64,base,4,4.622464
brick,26,f64,scalar,4,5.768936
brick,26,f64,t8,4,4.521145
brick,26,f64,t16,4,4.460580
brick,26,f64,t32,4,4.342693
brick,26,f64,t64,4,4.293905
brick,26,f64,b1m_t32,4,4.010244
