brick,22,f32,base,0,0.325305
brick,22,f32,t8,0,0.306060
brick,22,f32,t16,0,0.260986
brick,22,f32,t32,0,0.277228
brick,22,f32,b128_t16,0,0.271524
brick,22,f32,b512_t16,0,0.260730
brick,22,f32,scalar,0,0.399340
brick,22,f32,base,1,0.280588
brick,22,f32,t8,1,0.254952
brick,22,f32,t16,1,0.261092
brick,22,f32,t32,1,0.269787
brick,22,f32,b128_t16,1,0.277687
brick,22,f32,b512_t16,1,0.256401
brick,22,f32,scalar,1,0.360904
brick,22,f32,base,2,0.293339
brick,22,f32,t8,2,0.265273
brick,22,f32,t16,2,0.264613
brick,22,f32,t32,2,0.257632
brick,22,f32,b128_t16,2,0.252313
brick,22,f32,b512_t16,2,0.307692
brick,22,f32,scalar,2,0.498878
brick,22,f32,base,3,0.323594
brick,22,f32,t8,3,0.257048
brick,22,f32,t16,3,0.294204
brick,22,f32,t32,3,0.251398
brick,22,f32,b128_t16,3,0.269349
brick,22,f32,b512_t16,3,0.273743
brick,22,f32,scalar,3,0.443591
brick,22,f32,base,4,0.291035
brick,22,f32,t8,4,0.263098
brick,22,f32,t16,4,0.256432
brick,22,f32,t32,4,0.288164
brick,22,f32,b128_t16,4,0.276721
brick,22,f32,b512_t16,4,0.279884
brick,22,f32,scalar,4,0.373260
brick,24,f32,base,0,1.229150
brick,24,f32,t16,0,1.103878
brick,24,f32,t32,0,1.098753
brick,24,f32,b512_t16,0,1.134709
brick,24,f32,base,1,1.780965
brick,24,f32,t16,1,2.361463
brick,24,f32,t32,1,1.405175
brick,24,f32,b512_t16,1,1.582649
brick,24,f32,base,2,1.393679
brick,24,f32,t16,2,1.054279
brick,24,f32,t32,2,1.120157
brick,24,f32,b512_t16,2,1.074741
brick,24,f32,base,3,1.174341
brick,24,f32,t16,3,1.059737
brick,24,f32,t32,3,1.050714
brick,24,f32,b512_t16,3,1.058621
brick,24,f32,base,4,1.210709
brick,24,f32,t16,4,1.085280
brick,24,f32,t32,4,1.072778
brick,24,f32,b512_t16,4,1.045887
