n,p,t,S,err
256,0.155,1,217.025,1.0472720974769862
256,0.155,2,184.325,1.3631541008132948
256,0.155,3,160.0,1.348313286276123
256,0.155,4,139.75,1.3852473628959763
256,0.155,5,123.4,1.3871202414003496
256,0.155,6,111.0,1.2719861311935432
256,0.155,7,100.6,1.2484862629272093
256,0.155,8,92.15,1.2134661099511597
256,0.155,9,85.825,1.1156735920969734
256,0.155,10,79.025,1.0863296826871571
256,0.155,11,73.9,1.1069709189425958
256,0.155,13,64.5,1.022189705911674
256,0.155,14,61.15,1.0349965935779444
256,0.155,16,54.975,0.9503626163544641
256,0.155,19,48.95,0.9411871935663667
256,0.155,21,45.375,0.9531913333369737
256,0.155,24,40.5,0.9100577609169256
256,0.155,27,37.025,0.8708141636952786
256,0.155,31,33.35,0.8340125437167735
256,0.155,35,29.7,0.8298903233066095
256,0.155,40,26.525,0.8450364125063123
256,0.155,46,23.325,0.8033483613872563
256,0.155,52,20.65,0.7881738061607659
256,0.155,59,18.225,0.7183380926726741
256,0.155,67,16.175,0.6923459747250277
256,0.155,76,14.525,0.5739957785961094
256,0.155,86,13.125,0.5385016010737335
256,0.155,98,11.55,0.45986341338962694
256,0.155,111,10.55,0.4514222538622252
256,0.155,126,9.65,0.42449064499975453
256,0.155,143,8.8,0.4132423390327167
256,0.155,163,7.825,0.3596428071266666
256,0.155,185,7.125,0.3304765401503465
256,0.155,210,6.5,0.28644594961577313
256,0.155,239,5.975,0.2714809810593056
256,0.155,271,5.55,0.26542177368994796
256,0.155,308,5.125,0.24069211102088972
256,0.155,349,4.7,0.26116111541561504
256,0.155,397,4.425,0.23173675383271225
256,0.155,451,4.075,0.22471491911262784
256,0.155,512,3.8,0.2213015114597254
256,0.16,1,217.05,1.1029970825449014
256,0.16,2,184.05,1.1350759604085692
256,0.16,3,157.425,1.3032934120714024
256,0.16,4,136.925,1.2882046242139302
256,0.16,5,119.95,1.198797474394814
256,0.16,6,107.2,1.107202527046175
256,0.16,7,97.55,1.1316824325777652
256,0.16,8,88.5,1.0621700090875887
256,0.16,9,81.425,0.9831187292984687
256,0.16,10,74.725,0.9425738765850201
256,0.16,11,69.0,0.8929926637077694
256,0.16,13,60.65,0.9436359032745192
256,0.16,14,57.1,0.9376730609496943
256,0.16,16,51.1,0.9498987800327423
256,0.16,19,44.05,0.8563114099258695
256,0.16,21,39.85,0.7263802070047098
256,0.16,24,35.7,0.7647691121324101
256,0.16,27,32.675,0.7288799802718041
256,0.16,31,29.425,0.7231408523294008
256,0.16,35,26.425,0.6997137693188258
256,0.16,40,23.625,0.6771807129184336
256,0.16,46,20.85,0.6617285057972153
256,0.16,52,18.275,0.58505697728227
256,0.16,59,16.525,0.5706356105256662
256,0.16,67,15.075,0.5699611997590442
256,0.16,76,13.275,0.5188590787388649
256,0.16,86,11.875,0.46847748488711155
256,0.16,98,10.275,0.4626948653935317
256,0.16,111,9.375,0.410889435499537
256,0.16,126,8.1,0.4469268281761453
256,0.16,143,6.9,0.41725599348908593
256,0.16,163,5.95,0.36681232538081654
256,0.16,185,5.275,0.3320246747086496
256,0.16,210,4.65,0.336935663036196
256,0.16,239,3.95,0.29731706291001175
256,0.16,271,3.45,0.2885640843369645
256,0.16,308,3.0,0.21483446221182984
256,0.16,349,2.6,0.22303271003059108
256,0.16,397,2.25,0.19855245383292777
256,0.16,451,1.975,0.20408488681340672
256,0.16,512,1.775,0.18076582102621624
256,0.165,1,213.95,0.870418408082116
256,0.165,2,179.1,1.0075357091082207
256,0.165,3,153.15,1.0981044273352754
256,0.165,4,133.075,1.2280835079765962
256,0.165,5,116.7,1.1295563004549334
256,0.165,6,104.075,1.0569595363770845
256,0.165,7,93.675,1.1067320223210175
256,0.165,8,85.475,1.0789284213799997
256,0.165,9,78.225,1.0515480041958165
256,0.165,10,72.075,1.0053622258311703
256,0.165,11,67.5,1.0506408300871206
256,0.165,13,59.2,0.9317752562743487
256,0.165,14,55.2,0.7935638536019579
256,0.165,16,49.55,0.8172420788142369
256,0.165,19,42.65,0.7970699547847182
256,0.165,21,38.675,0.8222760002048098
256,0.165,24,34.125,0.8421488844555597
256,0.165,27,30.775,0.7641716648328
256,0.165,31,26.75,0.7185723024485107
256,0.165,35,23.5,0.6831300510639733
256,0.165,40,20.3,0.6535896932934968
256,0.165,46,17.65,0.6103277807866853
256,0.165,52,15.35,0.5812784318935422
256,0.165,59,13.225,0.506986445982786
256,0.165,67,11.725,0.5113926435699245
256,0.165,76,9.9,0.4248680036350355
256,0.165,86,9.05,0.41440411343369793
256,0.165,98,7.8,0.36019937499055954
256,0.165,111,6.95,0.32806737894555305
256,0.165,126,5.825,0.3667030867693287
256,0.165,143,4.9,0.33741095691478934
256,0.165,163,4.25,0.3354101966249684
256,0.165,185,3.55,0.27020884610393586
256,0.165,210,3.025,0.25692336480868255
256,0.165,239,2.35,0.22517799227528473
256,0.165,271,1.975,0.20720205671684896
256,0.165,308,1.75,0.2080125735844609
256,0.165,349,1.3,0.1867399123695705
256,0.165,397,1.05,0.18587975159032802
256,0.165,451,0.9,0.17831116564834576
256,0.165,512,0.675,0.13581425853169035
512,0.155,1,432.6,1.4516777951916986
512,0.155,2,367.1,1.8308755455131003
512,0.155,3,316.0,1.972174861469065
512,0.155,4,274.9,1.9179210235647288
512,0.155,5,242.95,2.0805806375802125
512,0.155,6,220.7,2.149785791042545
512,0.155,7,200.9,2.0811181205253457
512,0.155,8,181.5,2.0241957467232834
512,0.155,10,156.15,2.1900192260631677
512,0.155,11,145.5,2.178241685879981
512,0.155,13,127.25,1.880474464204796
512,0.155,15,112.0,1.8862382502860302
512,0.155,17,102.4,1.5867875525230544
512,0.155,20,91.45,1.4876243866613217
512,0.155,22,85.1,1.5370854169327637
512,0.155,26,75.8,1.5821371289293613
512,0.155,30,67.05,1.348439644064283
512,0.155,34,61.15,1.407264984586096
512,0.155,40,53.65,1.4908051515875573
512,0.155,46,47.45,1.48939231691459
512,0.155,53,42.0,1.4418555296634445
512,0.155,60,37.25,1.3096303214828864
512,0.155,70,33.3,1.0055111295152068
512,0.155,80,29.7,0.864809075369879
512,0.155,92,25.85,0.7989302057653163
512,0.155,106,22.7,0.5286527066142065
512,0.155,123,20.35,0.6335987440178938
512,0.155,141,18.25,0.6800735254367721
512,0.155,163,16.7,0.7577668020676213
512,0.155,188,15.15,0.8375245479513138
512,0.155,216,13.5,0.8690587770080552
512,0.155,249,12.3,0.7715329920973807
512,0.155,287,11.05,0.7485951755402283
512,0.155,330,9.85,0.7044034430114008
512,0.155,380,8.65,0.6580473507198958
512,0.155,438,7.7,0.5577209262516042
512,0.155,505,7.05,0.4945758416642434
512,0.155,582,6.55,0.48381705981540274
512,0.155,670,6.25,0.4581139825989069
512,0.155,772,5.95,0.49986840373505464
512,0.155,889,5.25,0.46382278830105833
512,0.155,1024,4.8,0.426737932644726
512,0.16,1,429.2,2.084529481176684
512,0.16,2,363.75,2.221752508837633
512,0.16,3,312.65,2.3722906984378485
512,0.16,4,269.9,2.688082862131339
512,0.16,5,238.8,2.688768060694437
512,0.16,6,214.3,2.8682472182960725
512,0.16,7,193.0,2.646745767521833
512,0.16,8,174.7,2.512180851686229
512,0.16,10,148.95,2.618230619893398
512,0.16,11,139.2,2.4937817403335547
512,0.16,13,120.3,2.191010341324174
512,0.16,15,106.9,1.8930621253742086
512,0.16,17,98.2,1.7115705314740979
512,0.16,20,86.85,1.828538386684553
512,0.16,22,80.05,1.5550850374446443
512,0.16,26,68.95,1.1273513439170502
512,0.16,30,61.05,1.259646984800023
512,0.16,34,54.55,1.2364529062902816
512,0.16,40,46.45,1.3366789166870963
512,0.16,46,41.05,1.4536252322347303
512,0.16,53,36.2,1.2969600083109327
512,0.16,60,32.1,1.1376337399689713
512,0.16,70,27.65,0.9928030493188675
512,0.16,80,25.15,0.8952359289154189
512,0.16,92,22.0,0.8397994748121345
512,0.16,106,19.1,0.7251134212550546
512,0.16,123,16.15,0.669937153376109
512,0.16,141,14.05,0.6900610194224245
512,0.16,163,12.0,0.533113989983183
512,0.16,188,10.6,0.4129483209670112
512,0.16,216,9.4,0.4779341509366944
512,0.16,249,8.2,0.43286074094635973
512,0.16,287,7.05,0.3938674636820975
512,0.16,330,6.2,0.38797721039962346
512,0.16,380,5.2,0.38113404189961414
512,0.16,438,4.5,0.38729833462074165
512,0.16,505,3.9,0.36920968225885437
512,0.16,582,3.25,0.3469794472906216
512,0.16,670,2.95,0.38712842966208455
512,0.16,772,2.5,0.40065735459301594
512,0.16,889,2.0,0.32444284226152503
512,0.16,1024,1.45,0.2853898533954083
512,0.165,1,427.0,2.0596371678424075
512,0.165,2,357.8,2.7754563399082395
512,0.165,3,304.7,2.7853942364827966
512,0.165,4,265.0,2.5298221281347035
512,0.165,5,233.4,2.5868086414283566
512,0.165,6,206.95,1.75090202316887
512,0.165,7,186.2,1.601972468388169
512,0.165,8,168.9,1.617177528255552
512,0.165,10,139.8,1.8290060573696132
512,0.165,11,129.9,1.7181691602277973
512,0.165,13,112.45,1.8938612743059586
512,0.165,15,99.6,2.0005262465556144
512,0.165,17,88.2,1.877288077604444
512,0.165,20,77.05,1.8403017487129083
512,0.165,22,70.6,1.630950643030009
512,0.165,26,60.5,1.5191756767543723
512,0.165,30,52.35,1.2696352563671687
512,0.165,34,45.9,1.3512177743369906
512,0.165,40,39.05,1.3850232755026937
512,0.165,46,34.0,1.3572417850765923
512,0.165,53,29.4,1.2039408973078896
512,0.165,60,25.65,1.188264989053589
512,0.165,70,21.65,1.143114397737947
512,0.165,80,19.0,0.9947229183096801
512,0.165,92,16.65,0.8468983658652691
512,0.165,106,14.3,0.7884027824458898
512,0.165,123,12.1,0.652525458265201
512,0.165,141,10.0,0.6448173956122853
512,0.165,163,8.5,0.6708203932499369
512,0.165,188,7.05,0.65484027783398
512,0.165,216,5.85,0.6294316567557718
512,0.165,249,4.75,0.5275314907038352
512,0.165,287,3.95,0.49986840373505464
512,0.165,330,3.3,0.4236433455284366
512,0.165,380,2.5,0.3284733426658932
512,0.165,438,1.85,0.3015311801979672
512,0.165,505,1.5,0.30348848933344197
512,0.165,582,1.15,0.24360235069300518
512,0.165,670,0.75,0.1902214775631705
512,0.165,772,0.6,0.19735087641318605
512,0.165,889,0.45,0.15346866644024562
512,0.165,1024,0.15,0.08191780219091253
1024,0.155,1,862.6,3.1134118476894974
1024,0.155,2,736.2,4.25780329382287
1024,0.155,3,631.9,3.4268547289509272
1024,0.155,4,551.0,3.7118429085533475
1024,0.155,5,489.0,4.688046264466443
1024,0.155,6,437.5,4.527079019019267
1024,0.155,8,357.3,4.6524784314981575
1024,0.155,9,328.5,4.819520492515596
1024,0.155,10,305.3,4.606878914550863
1024,0.155,12,265.1,5.132575701666107
1024,0.155,14,235.6,4.351755712098023
1024,0.155,16,212.6,4.33640916478651
1024,0.155,19,184.6,3.4903040300555794
1024,0.155,22,165.4,3.134751452135666
1024,0.155,26,147.2,2.711293254355034
1024,0.155,31,126.3,3.5591821782226574
1024,0.155,36,111.2,3.017725412735006
1024,0.155,42,96.1,2.6223399220289245
1024,0.155,49,84.8,2.0428737928059415
1024,0.155,57,74.7,1.9891371663780923
1024,0.155,67,65.6,1.7204650534085255
1024,0.155,78,59.4,1.3597385369580761
1024,0.155,91,52.5,1.752775576684654
1024,0.155,106,46.9,1.669663971515759
1024,0.155,124,42.7,1.9496438421186344
1024,0.155,145,38.1,1.7156145643277028
1024,0.155,170,33.5,1.5581327856693656
1024,0.155,198,30.4,1.2489995996796797
1024,0.155,232,27.3,1.3503086067019396
1024,0.155,271,24.0,1.1737877907772671
1024,0.155,317,22.0,1.414213562373095
1024,0.155,370,20.7,1.3337499349161703
1024,0.155,432,19.4,1.1372481406154653
1024,0.155,505,16.5,0.6708203932499368
1024,0.155,590,14.9,0.7666666666666665
1024,0.155,689,14.0,1.0
1024,0.155,805,12.8,0.7571877794400363
1024,0.155,941,12.3,0.7310570733153768
1024,0.155,1099,10.8,0.7423685817106694
1024,0.155,1284,9.9,0.8621678104251707
1024,0.155,1500,9.5,0.9219544457292888
1024,0.155,1753,8.4,0.9333333333333332
1024,0.155,2048,8.2,0.8919392106839766
1024,0.16,1,862.4,2.7816861393366747
1024,0.16,2,731.6,3.2461943530506265
1024,0.16,3,626.2,5.5152314346523825
1024,0.16,4,546.7,3.4898264840660613
1024,0.16,5,484.6,4.5951665427441855
1024,0.16,6,433.6,3.5596504197899974
1024,0.16,8,354.6,4.517127897729313
1024,0.16,9,325.3,5.314654791757932
1024,0.16,10,296.6,4.397474022410795
1024,0.16,12,256.7,4.055312017040804
1024,0.16,14,226.3,3.262752757343951
1024,0.16,16,204.2,3.143953632680425
1024,0.16,19,175.8,3.101254226563468
1024,0.16,22,155.3,3.1057294723712747
1024,0.16,26,134.1,2.3638480868655196
1024,0.16,31,114.5,1.746424919657298
1024,0.16,36,98.9,1.7792008193443356
1024,0.16,42,86.3,1.5059142664102023
1024,0.16,49,74.5,1.5365907428821477
1024,0.16,57,64.9,1.2775845264491197
1024,0.16,67,56.2,1.2454361128179603
1024,0.16,78,49.4,1.4772346537440226
1024,0.16,91,43.8,1.6786237749352229
1024,0.16,106,37.7,1.6127960537870591
1024,0.16,124,33.2,1.019803902718557
1024,0.16,145,29.6,1.0561986345169905
1024,0.16,170,25.3,0.8306623862918074
1024,0.16,198,22.6,1.0974718422102885
1024,0.16,232,20.0,1.1450376024878444
1024,0.16,271,16.7,0.9666666666666666
1024,0.16,317,13.9,1.015983376941878
1024,0.16,370,11.8,1.0306416555826872
1024,0.16,432,10.5,1.0775486583496408
1024,0.16,505,9.2,0.7423685817106694
1024,0.16,590,7.8,0.7999999999999999
1024,0.16,689,6.5,0.8595864638818418
1024,0.16,805,5.7,0.9666666666666666
1024,0.16,941,4.5,0.6540472290116194
1024,0.16,1099,3.9,0.6046119049072352
1024,0.16,1284,3.4,0.6
1024,0.16,1500,2.8,0.4422166387140533
1024,0.16,1753,2.5,0.37267799624996495
1024,0.16,2048,2.1,0.348010216963685
1024,0.165,1,860.3,3.524674925909243
1024,0.165,2,722.4,3.1629803104737215
1024,0.165,3,615.4,4.17186342590987
1024,0.165,4,532.4,2.9709706606876254
1024,0.165,5,465.0,2.357022603955158
1024,0.165,6,410.8,2.780087928265739
1024,0.165,8,336.1,3.833912999650473
1024,0.165,9,310.1,4.169865438809479
1024,0.165,10,285.9,3.0748080337550245
1024,0.165,12,243.9,1.9
1024,0.165,14,215.2,1.7625738755203046
1024,0.165,16,190.9,1.785434898778944
1024,0.165,19,164.2,2.284245559868242
1024,0.165,22,142.4,2.171532996653644
1024,0.165,26,122.3,2.9478805945967346
1024,0.165,31,104.4,2.5999999999999996
1024,0.165,36,90.4,2.86821663523986
1024,0.165,42,79.0,2.422120283277993
1024,0.165,49,67.5,2.33452350598575
1024,0.165,57,57.1,2.4964419124470374
1024,0.165,67,47.9,2.1052843566184167
1024,0.165,78,39.9,1.7091258324392358
1024,0.165,91,33.4,1.499629583893599
1024,0.165,106,28.6,1.2666666666666664
1024,0.165,124,23.3,1.4910846164230027
1024,0.165,145,18.9,1.545243598199901
1024,0.165,170,14.7,1.085766498326822
1024,0.165,198,11.8,0.9285592184789412
1024,0.165,232,9.3,0.775313556640867
1024,0.165,271,7.7,0.9073771725877466
1024,0.165,317,5.6,0.7630348761506398
1024,0.165,370,4.3,0.6506407098647711
1024,0.165,432,3.5,0.5627314338711377
1024,0.165,505,3.1,0.5859465277082315
1024,0.165,590,2.2,0.6110100926607787
1024,0.165,689,2.1,0.6046119049072352
1024,0.165,805,1.6,0.49888765156985887
1024,0.165,941,0.5,0.22360679774997896
1024,0.165,1099,0.3,0.15275252316519466
1024,0.165,1284,0.1,0.09999999999999999
1024,0.165,1500,0.0,0.0
1024,0.165,1753,0.0,0.0
1024,0.165,2048,0.0,0.0
