p,h,slope,err
0.02,0.1,0.04747500956929744,0.0005707982763133695
0.05,0.0027621358640099515,0.09205428767458364,0.002941384362348153
0.05,0.005524271728019903,0.10059897374054542,0.0038902847210135825
0.05,0.008838834764831844,0.13543062618943946,0.011008635442527549
0.05,0.0125,0.13815800638357345,0.008229911288052295
0.05,0.02209708691207961,0.13753423866761633,0.00798406086412555
0.05,0.03952847075210474,0.12917259635296457,0.009713459056517602
0.05,0.05590169943749474,0.12370828640371724,0.0266339457800892
0.05,0.11180339887498948,0.10730480258033685,0.005081338943382742
0.08,0.0027621358640099515,0.1329272763616581,0.005173052071272197
0.08,0.005524271728019903,0.1644836597697004,0.006122978859562923
0.08,0.008838834764831844,0.1975462369047166,0.01735820698650091
0.08,0.0125,0.16681697392669637,0.011523403006644211
0.08,0.02209708691207961,0.20662380935779937,0.010234491171620464
0.08,0.03952847075210474,0.20220342346404604,0.012375244667696586
0.08,0.05590169943749474,0.17217714260011277,0.035895609773672885
0.08,0.11180339887498948,0.1682854148975586,0.006793935655481643
0.1,0.0027621358640099515,0.18121640378980597,0.008341962348020178
0.1,0.005524271728019903,0.2267917887135526,0.008403519745334674
0.1,0.008838834764831844,0.15503205817851165,0.01850904562833277
0.1,0.0125,0.27056460557485845,0.012526291562963879
0.1,0.02209708691207961,0.24728544135191793,0.012603782348532842
0.1,0.03952847075210474,0.2218141739253339,0.015147360163555968
0.1,0.05590169943749474,0.2687731219016292,0.042888812619756536
0.1,0.11180339887498948,0.20072289772694174,0.008176968146074982
0.12,0.005524271728019903,0.2804016656545694,0.009997019624706855
0.12,0.008838834764831844,0.2802479277188362,0.02801946710818172
0.12,0.0125,0.31114246426387915,0.017698393088311015
0.12,0.02209708691207961,0.2902724905272089,0.01575494872008089
0.12,0.03952847075210474,0.2939281705906518,0.01864515097492742
0.12,0.05590169943749474,0.22311614035438157,0.0520301964009681
0.12,0.11180339887498948,0.2577978415772851,0.009856092573834628
0.13,0.0006905339660024879,0.19822234851241807,0.013720835321442318
0.13,0.0013810679320049757,0.2666435800935263,0.009909148616452354
0.13,0.0027621358640099515,0.29581524254741715,0.006917182454957664
0.13,0.005524271728019903,0.3017534116750382,0.006123740001141554
0.13,0.011048543456039806,0.332182261769484,0.006535476663843049
0.13,0.02209708691207961,0.33381448443192374,0.00660893214311532
0.13,0.04419417382415922,0.32607559167330635,0.007094864159829239
0.14,0.0006905339660024879,0.3059321906389587,0.015660544234794866
0.14,0.0013810679320049757,0.29341094105818283,0.012496576831106086
0.14,0.0027621358640099515,0.35075119577269204,0.007861879686920495
0.14,0.005524271728019903,0.3604597598668882,0.0065604548677530815
0.14,0.008838834764831844,0.38977346847308253,0.02467942106795841
0.14,0.0125,0.37352640996082603,0.014325358571554023
0.14,0.02209708691207961,0.3670253771001489,0.0071207998607426505
0.14,0.03952847075210474,0.3458044829547442,0.008895667640408233
0.14,0.05590169943749474,0.34689619067728605,0.021093951633172202
0.14,0.11180339887498948,0.2868474044403052,0.0036429009098939255
0.15,0.0006905339660024879,0.315333461124774,0.027171389076984815
0.15,0.0013810679320049757,0.4066494299391155,0.01614080624151338
0.15,0.0027621358640099515,0.4094238026315853,0.009154258433501216
0.15,0.005524271728019903,0.42819142675185967,0.007039274700312517
0.15,0.011048543456039806,0.4285882686711936,0.007883477637624096
0.15,0.02209708691207961,0.3982987820062631,0.0077853974190299725
0.15,0.04419417382415922,0.37877087536595255,0.008727008942856045
0.155,0.0006905339660024879,0.42690732365659984,0.03144500475468242
0.155,0.0013810679320049757,0.45700872341554644,0.01392943345321598
0.155,0.0027621358640099515,0.448347411489549,0.00919595143397433
0.155,0.005524271728019903,0.46575434138490834,0.008130122525124723
0.155,0.011048543456039806,0.43173181530980165,0.008382132305511944
0.155,0.02209708691207961,0.4238712758323507,0.00850418857398066
0.155,0.04419417382415922,0.4003283930641842,0.009825565721644924
0.16,0.0006905339660024879,0.509241450906395,0.028051399208155543
0.16,0.0013810679320049757,0.48859176586647907,0.016884381966715874
0.16,0.0027621358640099515,0.5029415096938493,0.011790190155925286
0.16,0.005524271728019903,0.478348180087245,0.008091047757620597
0.16,0.008838834764831844,0.4673116939063845,0.020232619868056887
0.16,0.0125,0.4731869505159814,0.01082631275880191
0.16,0.02209708691207961,0.44701709060655304,0.007772389004362064
0.16,0.03952847075210474,0.4021345737691738,0.009451396871949234
0.16,0.05590169943749474,0.38043592813067,0.021490807197236145
0.16,0.11180339887498948,0.3338421012958467,0.0038936862190383373
0.165,0.0006905339660024879,0.6611344204424984,0.048864219091016875
0.165,0.0013810679320049757,0.5303432941947165,0.01697129012454935
0.165,0.0027621358640099515,0.5550795065435937,0.01015269998711017
0.165,0.005524271728019903,0.5207623305235204,0.008403905379644293
0.165,0.011048543456039806,0.49409859791714067,0.008558084330464198
0.165,0.02209708691207961,0.45355192039960934,0.00919293117834537
0.165,0.04419417382415922,0.4403007846145149,0.01005911949209074
0.17,0.0006905339660024879,0.7390876992200535,0.04063308798464801
0.17,0.0013810679320049757,0.6443108115684778,0.02233117184977246
0.17,0.0027621358640099515,0.594012389851011,0.012802927690203848
0.17,0.005524271728019903,0.5555563888327621,0.009653365785371725
0.17,0.011048543456039806,0.5112354233493066,0.008728178327182666
0.17,0.02209708691207961,0.4923217571366262,0.008250402814067097
0.17,0.04419417382415922,0.42881836202614687,0.009339468566643288
0.18,0.0006905339660024879,0.8762124939506529,0.04928725762839978
0.18,0.0013810679320049757,0.7177802884577189,0.02818378749857115
0.18,0.0027621358640099515,0.690272788936406,0.01668480191421842
0.18,0.005524271728019903,0.6436999987657677,0.01122740439546094
0.18,0.008838834764831844,0.6364037107739627,0.036645654334940464
0.18,0.0125,0.5448565925481098,0.01972839592475732
0.18,0.02209708691207961,0.5141484032812931,0.009519177273708093
0.18,0.03952847075210474,0.46742434197159166,0.011719799013585929
0.18,0.05590169943749474,0.4726163266770934,0.02481509394678068
0.18,0.11180339887498948,0.3708295271459041,0.0043214222581135185
0.2,0.0006905339660024879,1.0138447432019926,0.04444009724030618
0.2,0.0013810679320049757,0.879893926994898,0.022817781372468315
0.2,0.0027621358640099515,0.8444650309504381,0.01344433973961096
0.2,0.005524271728019903,0.7296402147923797,0.01012286062462448
0.2,0.008838834764831844,0.7129200177294744,0.02889871954370176
0.2,0.0125,0.6929519872844689,0.015492048582080677
0.2,0.02209708691207961,0.5982518589926377,0.01064877513905362
0.2,0.03952847075210474,0.5320860878297398,0.011766722135957561
0.2,0.05590169943749474,0.46921387766221967,0.025436682605793664
0.2,0.11180339887498948,0.4258228007165244,0.004671961452314875
0.22,0.0006905339660024879,0.9288830884030368,0.06092740775569353
0.22,0.0013810679320049757,0.9571481089571025,0.02898213562792005
0.22,0.0027621358640099515,0.8979639436907886,0.016512417827368377
0.22,0.005524271728019903,0.8600694061121377,0.013569627044627431
0.22,0.011048543456039806,0.7773289901117433,0.0115474341837544
0.22,0.02209708691207961,0.6824548640447005,0.011606658299284258
0.22,0.04419417382415922,0.5718286140112167,0.012066398502886709
0.25,0.0027621358640099515,0.9338203691406847,0.018909512796916324
0.25,0.005524271728019903,0.9577925160851447,0.018231549172231964
0.25,0.008838834764831844,0.8106386732165443,0.057672973042105655
0.25,0.0125,0.8619321011428676,0.03167178637286148
0.25,0.02209708691207961,0.7574042008003343,0.019379750034344157
0.25,0.03952847075210474,0.6835509861840897,0.023297826149535735
0.25,0.05590169943749474,0.6396342610272024,0.061307652774438684
0.25,0.11180339887498948,0.5331974656497405,0.011396461798187181
0.3,0.0027621358640099515,0.945450875314289,0.035711781959814004
0.3,0.005524271728019903,0.9613621366034584,0.0197011668172908
0.3,0.008838834764831844,0.9775858211719631,0.04854283915415663
0.3,0.0125,0.9203911870109648,0.03039850080346339
0.3,0.02209708691207961,0.8663588907329033,0.023308213558973886
0.3,0.03952847075210474,0.7764041287885025,0.027274987181559913
0.3,0.05590169943749474,0.755112852313832,0.06834725371525588
0.3,0.11180339887498948,0.6338583657045694,0.012713360123926702
0.4,0.005524271728019903,0.9784549406705029,0.032526516556631205
0.4,0.008838834764831844,1.0611504086651231,0.0725411167946927
0.4,0.0125,1.0464728476678575,0.04905359981909207
0.4,0.02209708691207961,0.8458996437107542,0.04141948925338587
0.4,0.03952847075210474,0.9689314687961142,0.044675616144758505
0.4,0.05590169943749474,0.9937052694520536,0.13533652251137335
0.4,0.11180339887498948,0.751759493795482,0.025668990549874468
0.5,0.1,0.8793612542548049,0.0030028132833608383
